 0
SECTION
 2
ENTITIES
 0
POLYLINE
 8
TITLE
 66
1
 70
1
 10
0.0
 20
0.0
 30
0.0
 0
VERTEX
 8
TITLE
 10
 -0.1000
 20
  0.1000
 30
0.0
 0
VERTEX
 8
TITLE
 10
 32.1000
 20
  0.1000
 30
0.0
 0
VERTEX
 8
TITLE
 10
 32.1000
 20
 20.3000
 30
0.0
 0
VERTEX
 8
TITLE
 10
 -0.1000
 20
 20.3000
 30
0.0
 0
SEQEND
 8
TITLE
 0
POLYLINE
 8
TITLE
 66
1
 70
1
 10
0.0
 20
0.0
 30
0.0
 0
VERTEX
 8
TITLE
 10
  0.0000
 20
  0.2000
 30
0.0
 0
VERTEX
 8
TITLE
 10
 32.0000
 20
  0.2000
 30
0.0
 0
VERTEX
 8
TITLE
 10
 32.0000
 20
 20.2000
 30
0.0
 0
VERTEX
 8
TITLE
 10
  0.0000
 20
 20.2000
 30
0.0
 0
SEQEND
 8
TITLE
 0
POLYLINE
 8
TITLE
 66
1
 10
0.0
 20
0.0
 30
0.0
 0
VERTEX
 8
TITLE
 10
  6.5600
 20
  0.2000
 30
0.0
 0
VERTEX
 8
TITLE
 10
  6.5600
 20
  0.1000
 30
0.0
 0
SEQEND
 8
TITLE
 0
POLYLINE
 8
TITLE
 66
1
 10
0.0
 20
0.0
 30
0.0
 0
VERTEX
 8
TITLE
 10
  6.5600
 20
 20.2000
 30
0.0
 0
VERTEX
 8
TITLE
 10
  6.5600
 20
 20.3000
 30
0.0
 0
SEQEND
 8
TITLE
 0
POLYLINE
 8
TITLE
 66
1
 10
0.0
 20
0.0
 30
0.0
 0
VERTEX
 8
TITLE
 10
 12.9200
 20
  0.2000
 30
0.0
 0
VERTEX
 8
TITLE
 10
 12.9200
 20
  0.1000
 30
0.0
 0
SEQEND
 8
TITLE
 0
POLYLINE
 8
TITLE
 66
1
 10
0.0
 20
0.0
 30
0.0
 0
VERTEX
 8
TITLE
 10
 12.9200
 20
 20.2000
 30
0.0
 0
VERTEX
 8
TITLE
 10
 12.9200
 20
 20.3000
 30
0.0
 0
SEQEND
 8
TITLE
 0
POLYLINE
 8
TITLE
 66
1
 10
0.0
 20
0.0
 30
0.0
 0
VERTEX
 8
TITLE
 10
 19.2800
 20
  0.2000
 30
0.0
 0
VERTEX
 8
TITLE
 10
 19.2800
 20
  0.1000
 30
0.0
 0
SEQEND
 8
TITLE
 0
POLYLINE
 8
TITLE
 66
1
 10
0.0
 20
0.0
 30
0.0
 0
VERTEX
 8
TITLE
 10
 19.2800
 20
 20.2000
 30
0.0
 0
VERTEX
 8
TITLE
 10
 19.2800
 20
 20.3000
 30
0.0
 0
SEQEND
 8
TITLE
 0
POLYLINE
 8
TITLE
 66
1
 10
0.0
 20
0.0
 30
0.0
 0
VERTEX
 8
TITLE
 10
 25.6400
 20
  0.2000
 30
0.0
 0
VERTEX
 8
TITLE
 10
 25.6400
 20
  0.1000
 30
0.0
 0
SEQEND
 8
TITLE
 0
POLYLINE
 8
TITLE
 66
1
 10
0.0
 20
0.0
 30
0.0
 0
VERTEX
 8
TITLE
 10
 25.6400
 20
 20.2000
 30
0.0
 0
VERTEX
 8
TITLE
 10
 25.6400
 20
 20.3000
 30
0.0
 0
SEQEND
 8
TITLE
 0
TEXT
 8
TITLE
 10
  3.3800
 20
  0.1200
 30
0.0
 40
  0.0500
 1
5
 0
TEXT
 8
TITLE
 10
  3.3800
 20
 20.2200
 30
0.0
 40
  0.0500
 1
5
 0
TEXT
 8
TITLE
 10
  9.7400
 20
  0.1200
 30
0.0
 40
  0.0500
 1
4
 0
TEXT
 8
TITLE
 10
  9.7400
 20
 20.2200
 30
0.0
 40
  0.0500
 1
4
 0
TEXT
 8
TITLE
 10
 16.1000
 20
  0.1200
 30
0.0
 40
  0.0500
 1
3
 0
TEXT
 8
TITLE
 10
 16.1000
 20
 20.2200
 30
0.0
 40
  0.0500
 1
3
 0
TEXT
 8
TITLE
 10
 22.4600
 20
  0.1200
 30
0.0
 40
  0.0500
 1
2
 0
TEXT
 8
TITLE
 10
 22.4600
 20
 20.2200
 30
0.0
 40
  0.0500
 1
2
 0
TEXT
 8
TITLE
 10
 28.8200
 20
  0.1200
 30
0.0
 40
  0.0500
 1
1
 0
TEXT
 8
TITLE
 10
 28.8200
 20
 20.2200
 30
0.0
 40
  0.0500
 1
1
 0
POLYLINE
 8
TITLE
 66
1
 10
0.0
 20
0.0
 30
0.0
 0
VERTEX
 8
TITLE
 10
 -0.1000
 20
 15.0500
 30
0.0
 0
VERTEX
 8
TITLE
 10
  0.0000
 20
 15.0500
 30
0.0
 0
SEQEND
 8
TITLE
 0
POLYLINE
 8
TITLE
 66
1
 10
0.0
 20
0.0
 30
0.0
 0
VERTEX
 8
TITLE
 10
 32.0000
 20
 15.0500
 30
0.0
 0
VERTEX
 8
TITLE
 10
 32.1000
 20
 15.0500
 30
0.0
 0
SEQEND
 8
TITLE
 0
SOLID
 8
TITLE
 10
  0.0000
 20
 10.1000
 30
0.0
 11
 -0.0500
 21
 10.1200
 31
0.0
 12
 -0.0500
 22
 10.0800
 32
0.0
 13
 -0.0500
 23
 10.1000
 33
0.0
 0
SOLID
 8
TITLE
 10
 32.0000
 20
 10.1000
 30
0.0
 11
 32.0500
 21
 10.1200
 31
0.0
 12
 32.0500
 22
 10.0800
 32
0.0
 13
 32.0500
 23
 10.1000
 33
0.0
 0
POLYLINE
 8
TITLE
 66
1
 10
0.0
 20
0.0
 30
0.0
 0
VERTEX
 8
TITLE
 10
 -0.1000
 20
 10.1000
 30
0.0
 0
VERTEX
 8
TITLE
 10
  0.0000
 20
 10.1000
 30
0.0
 0
SEQEND
 8
TITLE
 0
POLYLINE
 8
TITLE
 66
1
 10
0.0
 20
0.0
 30
0.0
 0
VERTEX
 8
TITLE
 10
 32.0000
 20
 10.1000
 30
0.0
 0
VERTEX
 8
TITLE
 10
 32.1000
 20
 10.1000
 30
0.0
 0
SEQEND
 8
TITLE
 0
SOLID
 8
TITLE
 10
  0.0000
 20
 10.1000
 30
0.0
 11
 -0.0500
 21
 10.1200
 31
0.0
 12
 -0.0500
 22
 10.0800
 32
0.0
 13
 -0.0500
 23
 10.1000
 33
0.0
 0
SOLID
 8
TITLE
 10
 32.0000
 20
 10.1000
 30
0.0
 11
 32.0500
 21
 10.1200
 31
0.0
 12
 32.0500
 22
 10.0800
 32
0.0
 13
 32.0500
 23
 10.1000
 33
0.0
 0
POLYLINE
 8
TITLE
 66
1
 10
0.0
 20
0.0
 30
0.0
 0
VERTEX
 8
TITLE
 10
 -0.1000
 20
  5.1500
 30
0.0
 0
VERTEX
 8
TITLE
 10
  0.0000
 20
  5.1500
 30
0.0
 0
SEQEND
 8
TITLE
 0
POLYLINE
 8
TITLE
 66
1
 10
0.0
 20
0.0
 30
0.0
 0
VERTEX
 8
TITLE
 10
 32.0000
 20
  5.1500
 30
0.0
 0
VERTEX
 8
TITLE
 10
 32.1000
 20
  5.1500
 30
0.0
 0
SEQEND
 8
TITLE
 0
SOLID
 8
TITLE
 10
  0.0000
 20
 10.1000
 30
0.0
 11
 -0.0500
 21
 10.1200
 31
0.0
 12
 -0.0500
 22
 10.0800
 32
0.0
 13
 -0.0500
 23
 10.1000
 33
0.0
 0
SOLID
 8
TITLE
 10
 32.0000
 20
 10.1000
 30
0.0
 11
 32.0500
 21
 10.1200
 31
0.0
 12
 32.0500
 22
 10.0800
 32
0.0
 13
 32.0500
 23
 10.1000
 33
0.0
 0
TEXT
 8
TITLE
 10
 -0.0800
 20
 17.5300
 30
0.0
 40
  0.0500
 1
D
 0
TEXT
 8
TITLE
 10
 32.0200
 20
 17.5300
 30
0.0
 40
  0.0500
 1
D
 0
TEXT
 8
TITLE
 10
 -0.0800
 20
 12.5800
 30
0.0
 40
  0.0500
 1
C
 0
TEXT
 8
TITLE
 10
 32.0200
 20
 12.5800
 30
0.0
 40
  0.0500
 1
C
 0
TEXT
 8
TITLE
 10
 -0.0800
 20
  7.6300
 30
0.0
 40
  0.0500
 1
B
 0
TEXT
 8
TITLE
 10
 32.0200
 20
  7.6300
 30
0.0
 40
  0.0500
 1
B
 0
TEXT
 8
TITLE
 10
 -0.0800
 20
  2.6800
 30
0.0
 40
  0.0500
 1
A
 0
TEXT
 8
TITLE
 10
 32.0200
 20
  2.6800
 30
0.0
 40
  0.0500
 1
A
 0
TEXT
 8
TITLE
 10
 28.8000
 20
  0.4186
 30
0.0
 40
  0.0514
 1
{Doc}
 0
TEXT
 8
TITLE
 10
 31.8000
 20
  0.4186
 30
0.0
 40
  0.0514
 1
1.0
 0
TEXT
 8
TITLE
 10
 28.6000
 20
  0.7186
 30
0.0
 40
  0.0514
 1
Differential to Single-Ended 16Ch. Amp for Shielded Room Tape Archive project.
 0
TEXT
 8
TITLE
 10
 28.5000
 20
  0.4186
 30
0.0
 40
  0.0514
 1
D
 0
TEXT
 8
TITLE
 10
 30.9000
 20
  0.2186
 30
0.0
 40
  0.0514
 1
1
 0
TEXT
 8
TITLE
 10
 31.5000
 20
  0.2186
 30
0.0
 40
  0.0514
 1
1
 0
TEXT
 8
TITLE
 10
 28.9200
 20
  0.2186
 30
0.0
 40
  0.0514
 1
Wednesday, January 28, 2026
 0
TEXT
 8
PARTTEXT
 10
 28.4000
 20
  0.8186
 30
0.0
 40
  0.0514
 1
Title
 0
TEXT
 8
PARTTEXT
 10
 28.4000
 20
  0.5186
 30
0.0
 40
  0.0514
 1
Size
 0
TEXT
 8
PARTTEXT
 10
 28.8000
 20
  0.5186
 30
0.0
 40
  0.0514
 1
Document Number
 0
TEXT
 8
PARTTEXT
 10
 31.7000
 20
  0.5186
 30
0.0
 40
  0.0514
 1
Rev
 0
TEXT
 8
PARTTEXT
 10
 28.4000
 20
  0.2186
 30
0.0
 40
  0.0514
 1
Date:
 0
TEXT
 8
PARTTEXT
 10
 30.4000
 20
  0.2186
 30
0.0
 40
  0.0514
 1
Sheet
 0
POLYLINE
 8
TITLE
 66
1
 70
1
 10
0.0
 20
0.0
 30
0.0
 0
VERTEX
 8
TITLE
 10
 28.4000
 20
  1.1000
 30
0.0
 0
VERTEX
 8
TITLE
 10
 32.0000
 20
  1.1000
 30
0.0
 0
VERTEX
 8
TITLE
 10
 32.0000
 20
  0.9000
 30
0.0
 0
VERTEX
 8
TITLE
 10
 28.4000
 20
  0.9000
 30
0.0
 0
SEQEND
 8
TITLE
 0
POLYLINE
 8
TITLE
 66
1
 70
1
 10
0.0
 20
0.0
 30
0.0
 0
VERTEX
 8
TITLE
 10
 28.4000
 20
  0.9000
 30
0.0
 0
VERTEX
 8
TITLE
 10
 32.0000
 20
  0.9000
 30
0.0
 0
VERTEX
 8
TITLE
 10
 32.0000
 20
  0.6000
 30
0.0
 0
VERTEX
 8
TITLE
 10
 28.4000
 20
  0.6000
 30
0.0
 0
SEQEND
 8
TITLE
 0
POLYLINE
 8
TITLE
 66
1
 70
1
 10
0.0
 20
0.0
 30
0.0
 0
VERTEX
 8
TITLE
 10
 28.4000
 20
  0.6000
 30
0.0
 0
VERTEX
 8
TITLE
 10
 28.7000
 20
  0.6000
 30
0.0
 0
VERTEX
 8
TITLE
 10
 28.7000
 20
  0.3000
 30
0.0
 0
VERTEX
 8
TITLE
 10
 28.4000
 20
  0.3000
 30
0.0
 0
SEQEND
 8
TITLE
 0
POLYLINE
 8
TITLE
 66
1
 70
1
 10
0.0
 20
0.0
 30
0.0
 0
VERTEX
 8
TITLE
 10
 28.7000
 20
  0.6000
 30
0.0
 0
VERTEX
 8
TITLE
 10
 31.7000
 20
  0.6000
 30
0.0
 0
VERTEX
 8
TITLE
 10
 31.7000
 20
  0.3000
 30
0.0
 0
VERTEX
 8
TITLE
 10
 28.7000
 20
  0.3000
 30
0.0
 0
SEQEND
 8
TITLE
 0
POLYLINE
 8
TITLE
 66
1
 70
1
 10
0.0
 20
0.0
 30
0.0
 0
VERTEX
 8
TITLE
 10
 31.7000
 20
  0.6000
 30
0.0
 0
VERTEX
 8
TITLE
 10
 32.0000
 20
  0.6000
 30
0.0
 0
VERTEX
 8
TITLE
 10
 32.0000
 20
  0.3000
 30
0.0
 0
VERTEX
 8
TITLE
 10
 31.7000
 20
  0.3000
 30
0.0
 0
SEQEND
 8
TITLE
 0
POLYLINE
 8
TITLE
 66
1
 70
1
 10
0.0
 20
0.0
 30
0.0
 0
VERTEX
 8
TITLE
 10
 28.4000
 20
  0.3000
 30
0.0
 0
VERTEX
 8
TITLE
 10
 30.4000
 20
  0.3000
 30
0.0
 0
VERTEX
 8
TITLE
 10
 30.4000
 20
  0.2000
 30
0.0
 0
VERTEX
 8
TITLE
 10
 28.4000
 20
  0.2000
 30
0.0
 0
SEQEND
 8
TITLE
 0
POLYLINE
 8
TITLE
 66
1
 70
1
 10
0.0
 20
0.0
 30
0.0
 0
VERTEX
 8
TITLE
 10
 30.4000
 20
  0.3000
 30
0.0
 0
VERTEX
 8
TITLE
 10
 32.0000
 20
  0.3000
 30
0.0
 0
VERTEX
 8
TITLE
 10
 32.0000
 20
  0.2000
 30
0.0
 0
VERTEX
 8
TITLE
 10
 30.4000
 20
  0.2000
 30
0.0
 0
SEQEND
 8
TITLE
 0
TEXT
 8
PARTTEXT
 10
 31.2000
 20
  0.2186
 30
0.0
 40
  0.0514
 1
of
 0
TEXT
 8
PARTTEXT
 10
  7.3500
 20
  8.0186
 30
0.0
 40
  0.0514
 1
C32
 0
TEXT
 8
PARTTEXT
 10
  7.4000
 20
  7.8586
 30
0.0
 40
  0.0514
 1
4.7uF
 0
LINE
 8
PARTS
 10
  7.2000
 20
  8.2000
 30
0.0
 11
  7.2000
 21
  8.1000
 31
0.0
 0
TEXT
 8
PARTS
 10
  7.2300
 20
  8.2000
 30
0.0
 40
  0.0500
 50
270.0000
 1
1
 0
LINE
 8
PARTS
 10
  7.2000
 20
  7.9000
 30
0.0
 11
  7.2000
 21
  8.0000
 31
0.0
 0
TEXT
 8
PARTS
 10
  7.2300
 20
  7.8800
 30
0.0
 40
  0.0500
 50
270.0000
 1
2
 0
POLYLINE
 8
PARTS
 66
1
 10
0.0
 20
0.0
 30
0.0
 0
VERTEX
 8
PARTS
 10
  7.1000
 20
  8.1000
 30
0.0
 0
VERTEX
 8
PARTS
 10
  7.3000
 20
  8.1000
 30
0.0
 0
SEQEND
 8
PARTS
 0
POLYLINE
 8
PARTS
 66
1
 10
0.0
 20
0.0
 30
0.0
 0
VERTEX
 8
PARTS
 10
  7.2000
 20
  8.0600
 30
0.0
 0
VERTEX
 8
PARTS
 10
  7.2000
 20
  8.0000
 30
0.0
 0
SEQEND
 8
PARTS
 0
POLYLINE
 8
PARTS
 66
1
 10
0.0
 20
0.0
 30
0.0
 0
VERTEX
 8
PARTS
 10
  7.3000
 20
  8.0300
 30
0.0
 42
  0.1654
 0
VERTEX
 8
PARTS
 10
  7.2000
 20
  8.0600
 30
0.0
 0
SEQEND
 8
PARTS
 0
POLYLINE
 8
PARTS
 66
1
 10
0.0
 20
0.0
 30
0.0
 0
VERTEX
 8
PARTS
 10
  7.2000
 20
  8.0600
 30
0.0
 42
  0.1654
 0
VERTEX
 8
PARTS
 10
  7.1000
 20
  8.0300
 30
0.0
 0
SEQEND
 8
PARTS
 0
TEXT
 8
PARTTEXT
 10
 14.8000
 20
 17.4186
 30
0.0
 40
  0.0514
 1
R9
 0
TEXT
 8
PARTTEXT
 10
 14.5000
 20
 17.3186
 30
0.0
 40
  0.0514
 1
Not    Populated
 0
LINE
 8
PARTS
 10
 14.7000
 20
 16.6000
 30
0.0
 11
 14.7000
 21
 16.7000
 31
0.0
 0
TEXT
 8
PARTS
 10
 14.7300
 20
 16.5800
 30
0.0
 40
  0.0500
 50
270.0000
 1
1
 0
LINE
 8
PARTS
 10
 14.7000
 20
 17.1000
 30
0.0
 11
 14.7000
 21
 17.0000
 31
0.0
 0
TEXT
 8
PARTS
 10
 14.7300
 20
 17.1000
 30
0.0
 40
  0.0500
 50
270.0000
 1
2
 0
LINE
 8
PARTS
 10
 14.6000
 20
 16.6000
 30
0.0
 11
 14.6000
 21
 16.7000
 31
0.0
 0
TEXT
 8
PARTS
 10
 14.6300
 20
 16.5800
 30
0.0
 40
  0.0500
 50
270.0000
 1
3
 0
LINE
 8
PARTS
 10
 14.6000
 20
 17.1000
 30
0.0
 11
 14.6000
 21
 17.0000
 31
0.0
 0
TEXT
 8
PARTS
 10
 14.6300
 20
 17.1000
 30
0.0
 40
  0.0500
 50
270.0000
 1
4
 0
POLYLINE
 8
PARTS
 66
1
 10
0.0
 20
0.0
 30
0.0
 0
VERTEX
 8
PARTS
 10
 14.7000
 20
 16.7000
 30
0.0
 0
VERTEX
 8
PARTS
 10
 14.6700
 20
 16.7300
 30
0.0
 0
SEQEND
 8
PARTS
 0
POLYLINE
 8
PARTS
 66
1
 10
0.0
 20
0.0
 30
0.0
 0
VERTEX
 8
PARTS
 10
 14.6700
 20
 16.7300
 30
0.0
 0
VERTEX
 8
PARTS
 10
 14.7300
 20
 16.7900
 30
0.0
 0
SEQEND
 8
PARTS
 0
POLYLINE
 8
PARTS
 66
1
 10
0.0
 20
0.0
 30
0.0
 0
VERTEX
 8
PARTS
 10
 14.7300
 20
 16.7900
 30
0.0
 0
VERTEX
 8
PARTS
 10
 14.6700
 20
 16.8500
 30
0.0
 0
SEQEND
 8
PARTS
 0
POLYLINE
 8
PARTS
 66
1
 10
0.0
 20
0.0
 30
0.0
 0
VERTEX
 8
PARTS
 10
 14.6700
 20
 16.8500
 30
0.0
 0
VERTEX
 8
PARTS
 10
 14.7300
 20
 16.9100
 30
0.0
 0
SEQEND
 8
PARTS
 0
POLYLINE
 8
PARTS
 66
1
 10
0.0
 20
0.0
 30
0.0
 0
VERTEX
 8
PARTS
 10
 14.7300
 20
 16.9100
 30
0.0
 0
VERTEX
 8
PARTS
 10
 14.6700
 20
 16.9700
 30
0.0
 0
SEQEND
 8
PARTS
 0
POLYLINE
 8
PARTS
 66
1
 10
0.0
 20
0.0
 30
0.0
 0
VERTEX
 8
PARTS
 10
 14.6700
 20
 16.9700
 30
0.0
 0
VERTEX
 8
PARTS
 10
 14.7000
 20
 17.0000
 30
0.0
 0
SEQEND
 8
PARTS
 0
POLYLINE
 8
PARTS
 66
1
 10
0.0
 20
0.0
 30
0.0
 0
VERTEX
 8
PARTS
 10
 14.6000
 20
 16.7000
 30
0.0
 0
VERTEX
 8
PARTS
 10
 14.5700
 20
 16.7300
 30
0.0
 0
SEQEND
 8
PARTS
 0
POLYLINE
 8
PARTS
 66
1
 10
0.0
 20
0.0
 30
0.0
 0
VERTEX
 8
PARTS
 10
 14.5700
 20
 16.7300
 30
0.0
 0
VERTEX
 8
PARTS
 10
 14.6300
 20
 16.7900
 30
0.0
 0
SEQEND
 8
PARTS
 0
POLYLINE
 8
PARTS
 66
1
 10
0.0
 20
0.0
 30
0.0
 0
VERTEX
 8
PARTS
 10
 14.6300
 20
 16.7900
 30
0.0
 0
VERTEX
 8
PARTS
 10
 14.5700
 20
 16.8500
 30
0.0
 0
SEQEND
 8
PARTS
 0
POLYLINE
 8
PARTS
 66
1
 10
0.0
 20
0.0
 30
0.0
 0
VERTEX
 8
PARTS
 10
 14.5700
 20
 16.8500
 30
0.0
 0
VERTEX
 8
PARTS
 10
 14.6300
 20
 16.9100
 30
0.0
 0
SEQEND
 8
PARTS
 0
POLYLINE
 8
PARTS
 66
1
 10
0.0
 20
0.0
 30
0.0
 0
VERTEX
 8
PARTS
 10
 14.6300
 20
 16.9100
 30
0.0
 0
VERTEX
 8
PARTS
 10
 14.5700
 20
 16.9700
 30
0.0
 0
SEQEND
 8
PARTS
 0
POLYLINE
 8
PARTS
 66
1
 10
0.0
 20
0.0
 30
0.0
 0
VERTEX
 8
PARTS
 10
 14.5700
 20
 16.9700
 30
0.0
 0
VERTEX
 8
PARTS
 10
 14.6000
 20
 17.0000
 30
0.0
 0
SEQEND
 8
PARTS
 0
POLYLINE
 8
PARTS
 66
1
 70
1
 10
0.0
 20
0.0
 30
0.0
 0
VERTEX
 8
PARTS
 10
 14.7600
 20
 16.8500
 30
0.0
 42
  0.0985
 0
VERTEX
 8
PARTS
 10
 14.7524
 20
 16.8883
 30
0.0
 42
  0.0985
 0
VERTEX
 8
PARTS
 10
 14.7307
 20
 16.9207
 30
0.0
 42
  0.0985
 0
VERTEX
 8
PARTS
 10
 14.6983
 20
 16.9424
 30
0.0
 42
  0.0985
 0
VERTEX
 8
PARTS
 10
 14.6600
 20
 16.9500
 30
0.0
 42
  0.0985
 0
VERTEX
 8
PARTS
 10
 14.6217
 20
 16.9424
 30
0.0
 42
  0.0985
 0
VERTEX
 8
PARTS
 10
 14.5893
 20
 16.9207
 30
0.0
 42
  0.0985
 0
VERTEX
 8
PARTS
 10
 14.5676
 20
 16.8883
 30
0.0
 42
  0.0985
 0
VERTEX
 8
PARTS
 10
 14.5600
 20
 16.8500
 30
0.0
 42
  0.0985
 0
VERTEX
 8
PARTS
 10
 14.5676
 20
 16.8117
 30
0.0
 42
  0.0985
 0
VERTEX
 8
PARTS
 10
 14.5893
 20
 16.7793
 30
0.0
 42
  0.0985
 0
VERTEX
 8
PARTS
 10
 14.6217
 20
 16.7576
 30
0.0
 42
  0.0985
 0
VERTEX
 8
PARTS
 10
 14.6600
 20
 16.7500
 30
0.0
 42
  0.0985
 0
VERTEX
 8
PARTS
 10
 14.6983
 20
 16.7576
 30
0.0
 42
  0.0985
 0
VERTEX
 8
PARTS
 10
 14.7307
 20
 16.7793
 30
0.0
 42
  0.0985
 0
VERTEX
 8
PARTS
 10
 14.7524
 20
 16.8117
 30
0.0
 42
  0.0985
 0
SEQEND
 8
PARTS
 0
POLYLINE
 8
PARTS
 66
1
 70
1
 10
0.0
 20
0.0
 30
0.0
 0
VERTEX
 8
PARTS
 10
 14.6000
 20
 16.7500
 30
0.0
 42
  0.0000
 0
VERTEX
 8
PARTS
 10
 14.6000
 20
 16.7691
 30
0.0
 42
  0.0000
 0
VERTEX
 8
PARTS
 10
 14.6000
 20
 16.7854
 30
0.0
 42
  0.0000
 0
VERTEX
 8
PARTS
 10
 14.6000
 20
 16.7962
 30
0.0
 42
  0.0000
 0
VERTEX
 8
PARTS
 10
 14.6000
 20
 16.8000
 30
0.0
 42
  0.0000
 0
VERTEX
 8
PARTS
 10
 14.6000
 20
 16.7962
 30
0.0
 42
  0.0000
 0
VERTEX
 8
PARTS
 10
 14.6000
 20
 16.7854
 30
0.0
 42
  0.0000
 0
VERTEX
 8
PARTS
 10
 14.6000
 20
 16.7691
 30
0.0
 42
  0.0000
 0
VERTEX
 8
PARTS
 10
 14.6000
 20
 16.7500
 30
0.0
 42
  0.0000
 0
VERTEX
 8
PARTS
 10
 14.6000
 20
 16.7309
 30
0.0
 42
  0.0000
 0
VERTEX
 8
PARTS
 10
 14.6000
 20
 16.7146
 30
0.0
 42
  0.0000
 0
VERTEX
 8
PARTS
 10
 14.6000
 20
 16.7038
 30
0.0
 42
  0.0000
 0
VERTEX
 8
PARTS
 10
 14.6000
 20
 16.7000
 30
0.0
 42
  0.0000
 0
VERTEX
 8
PARTS
 10
 14.6000
 20
 16.7038
 30
0.0
 42
  0.0000
 0
VERTEX
 8
PARTS
 10
 14.6000
 20
 16.7146
 30
0.0
 42
  0.0000
 0
VERTEX
 8
PARTS
 10
 14.6000
 20
 16.7309
 30
0.0
 42
  0.0000
 0
SEQEND
 8
PARTS
 0
TEXT
 8
PARTTEXT
 10
 15.9000
 20
 15.3186
 30
0.0
 40
  0.0514
 1
C12
 0
TEXT
 8
PARTTEXT
 10
 15.9000
 20
 15.2186
 30
0.0
 40
  0.0514
 1
.01uF
 0
LINE
 8
PARTS
 10
 15.7000
 20
 15.2000
 30
0.0
 11
 15.7000
 21
 15.3000
 31
0.0
 0
TEXT
 8
PARTS
 10
 15.7300
 20
 15.1800
 30
0.0
 40
  0.0500
 50
270.0000
 1
1
 0
LINE
 8
PARTS
 10
 15.7000
 20
 15.5000
 30
0.0
 11
 15.7000
 21
 15.4000
 31
0.0
 0
TEXT
 8
PARTS
 10
 15.7300
 20
 15.5000
 30
0.0
 40
  0.0500
 50
270.0000
 1
2
 0
POLYLINE
 8
PARTS
 66
1
 10
0.0
 20
0.0
 30
0.0
 0
VERTEX
 8
PARTS
 10
 15.8000
 20
 15.3000
 30
0.0
 0
VERTEX
 8
PARTS
 10
 15.6000
 20
 15.3000
 30
0.0
 0
SEQEND
 8
PARTS
 0
POLYLINE
 8
PARTS
 66
1
 10
0.0
 20
0.0
 30
0.0
 0
VERTEX
 8
PARTS
 10
 15.7000
 20
 15.3400
 30
0.0
 0
VERTEX
 8
PARTS
 10
 15.7000
 20
 15.4000
 30
0.0
 0
SEQEND
 8
PARTS
 0
POLYLINE
 8
PARTS
 66
1
 10
0.0
 20
0.0
 30
0.0
 0
VERTEX
 8
PARTS
 10
 15.6000
 20
 15.3700
 30
0.0
 42
  0.1654
 0
VERTEX
 8
PARTS
 10
 15.7000
 20
 15.3400
 30
0.0
 0
SEQEND
 8
PARTS
 0
POLYLINE
 8
PARTS
 66
1
 10
0.0
 20
0.0
 30
0.0
 0
VERTEX
 8
PARTS
 10
 15.7000
 20
 15.3400
 30
0.0
 42
  0.1654
 0
VERTEX
 8
PARTS
 10
 15.8000
 20
 15.3700
 30
0.0
 0
SEQEND
 8
PARTS
 0
TEXT
 8
PARTTEXT
 10
 13.0000
 20
  6.0186
 30
0.0
 40
  0.0514
 1
C38
 0
TEXT
 8
PARTTEXT
 10
 12.8000
 20
  5.9186
 30
0.0
 40
  0.0514
 1
Not Populated
 0
LINE
 8
PARTS
 10
 13.6000
 20
  5.8000
 30
0.0
 11
 13.6000
 21
  5.9000
 31
0.0
 0
TEXT
 8
PARTS
 10
 13.6300
 20
  5.7800
 30
0.0
 40
  0.0500
 50
270.0000
 1
1
 0
LINE
 8
PARTS
 10
 13.6000
 20
  6.1000
 30
0.0
 11
 13.6000
 21
  6.0000
 31
0.0
 0
TEXT
 8
PARTS
 10
 13.6300
 20
  6.1000
 30
0.0
 40
  0.0500
 50
270.0000
 1
2
 0
POLYLINE
 8
PARTS
 66
1
 10
0.0
 20
0.0
 30
0.0
 0
VERTEX
 8
PARTS
 10
 13.6000
 20
  5.9000
 30
0.0
 0
VERTEX
 8
PARTS
 10
 13.6000
 20
  5.9200
 30
0.0
 0
SEQEND
 8
PARTS
 0
POLYLINE
 8
PARTS
 66
1
 10
0.0
 20
0.0
 30
0.0
 0
VERTEX
 8
PARTS
 10
 13.6900
 20
  5.9700
 30
0.0
 0
VERTEX
 8
PARTS
 10
 13.5100
 20
  5.9700
 30
0.0
 0
SEQEND
 8
PARTS
 0
POLYLINE
 8
PARTS
 66
1
 10
0.0
 20
0.0
 30
0.0
 0
VERTEX
 8
PARTS
 10
 13.6900
 20
  5.9200
 30
0.0
 0
VERTEX
 8
PARTS
 10
 13.5100
 20
  5.9200
 30
0.0
 0
SEQEND
 8
PARTS
 0
POLYLINE
 8
PARTS
 66
1
 10
0.0
 20
0.0
 30
0.0
 0
VERTEX
 8
PARTS
 10
 13.6000
 20
  6.0000
 30
0.0
 0
VERTEX
 8
PARTS
 10
 13.6000
 20
  5.9700
 30
0.0
 0
SEQEND
 8
PARTS
 0
TEXT
 8
PARTTEXT
 10
 26.4000
 20
  9.8186
 30
0.0
 40
  0.0514
 1
C28
 0
TEXT
 8
PARTTEXT
 10
 26.4000
 20
  9.7186
 30
0.0
 40
  0.0514
 1
.01uF
 0
LINE
 8
PARTS
 10
 26.2000
 20
  9.7000
 30
0.0
 11
 26.2000
 21
  9.8000
 31
0.0
 0
TEXT
 8
PARTS
 10
 26.2300
 20
  9.6800
 30
0.0
 40
  0.0500
 50
270.0000
 1
1
 0
LINE
 8
PARTS
 10
 26.2000
 20
 10.0000
 30
0.0
 11
 26.2000
 21
  9.9000
 31
0.0
 0
TEXT
 8
PARTS
 10
 26.2300
 20
 10.0000
 30
0.0
 40
  0.0500
 50
270.0000
 1
2
 0
POLYLINE
 8
PARTS
 66
1
 10
0.0
 20
0.0
 30
0.0
 0
VERTEX
 8
PARTS
 10
 26.3000
 20
  9.8000
 30
0.0
 0
VERTEX
 8
PARTS
 10
 26.1000
 20
  9.8000
 30
0.0
 0
SEQEND
 8
PARTS
 0
POLYLINE
 8
PARTS
 66
1
 10
0.0
 20
0.0
 30
0.0
 0
VERTEX
 8
PARTS
 10
 26.2000
 20
  9.8400
 30
0.0
 0
VERTEX
 8
PARTS
 10
 26.2000
 20
  9.9000
 30
0.0
 0
SEQEND
 8
PARTS
 0
POLYLINE
 8
PARTS
 66
1
 10
0.0
 20
0.0
 30
0.0
 0
VERTEX
 8
PARTS
 10
 26.1000
 20
  9.8700
 30
0.0
 42
  0.1654
 0
VERTEX
 8
PARTS
 10
 26.2000
 20
  9.8400
 30
0.0
 0
SEQEND
 8
PARTS
 0
POLYLINE
 8
PARTS
 66
1
 10
0.0
 20
0.0
 30
0.0
 0
VERTEX
 8
PARTS
 10
 26.2000
 20
  9.8400
 30
0.0
 42
  0.1654
 0
VERTEX
 8
PARTS
 10
 26.3000
 20
  9.8700
 30
0.0
 0
SEQEND
 8
PARTS
 0
TEXT
 8
PARTTEXT
 10
  6.7000
 20
  8.0186
 30
0.0
 40
  0.0514
 1
C31
 0
TEXT
 8
PARTTEXT
 10
  6.7000
 20
  7.9186
 30
0.0
 40
  0.0514
 1
.01uF
 0
LINE
 8
PARTS
 10
  6.6000
 20
  8.2000
 30
0.0
 11
  6.6000
 21
  8.1000
 31
0.0
 0
TEXT
 8
PARTS
 10
  6.6300
 20
  8.1600
 30
0.0
 40
  0.0500
 50
270.0000
 1

 0
LINE
 8
PARTS
 10
  6.6000
 20
  7.9000
 30
0.0
 11
  6.6000
 21
  8.0000
 31
0.0
 0
TEXT
 8
PARTS
 10
  6.6300
 20
  7.8800
 30
0.0
 40
  0.0500
 50
270.0000
 1

 0
POLYLINE
 8
PARTS
 66
1
 10
0.0
 20
0.0
 30
0.0
 0
VERTEX
 8
PARTS
 10
  6.5000
 20
  8.1000
 30
0.0
 0
VERTEX
 8
PARTS
 10
  6.7000
 20
  8.1000
 30
0.0
 0
SEQEND
 8
PARTS
 0
POLYLINE
 8
PARTS
 66
1
 10
0.0
 20
0.0
 30
0.0
 0
VERTEX
 8
PARTS
 10
  6.6000
 20
  8.0600
 30
0.0
 0
VERTEX
 8
PARTS
 10
  6.6000
 20
  8.0000
 30
0.0
 0
SEQEND
 8
PARTS
 0
POLYLINE
 8
PARTS
 66
1
 10
0.0
 20
0.0
 30
0.0
 0
VERTEX
 8
PARTS
 10
  6.7000
 20
  8.0300
 30
0.0
 42
  0.1654
 0
VERTEX
 8
PARTS
 10
  6.6000
 20
  8.0600
 30
0.0
 0
SEQEND
 8
PARTS
 0
POLYLINE
 8
PARTS
 66
1
 10
0.0
 20
0.0
 30
0.0
 0
VERTEX
 8
PARTS
 10
  6.6000
 20
  8.0600
 30
0.0
 42
  0.1654
 0
VERTEX
 8
PARTS
 10
  6.5000
 20
  8.0300
 30
0.0
 0
SEQEND
 8
PARTS
 0
TEXT
 8
PARTTEXT
 10
  3.9000
 20
  6.0186
 30
0.0
 40
  0.0514
 1
R50
 0
TEXT
 8
PARTTEXT
 10
  3.8000
 20
  5.9186
 30
0.0
 40
  0.0514
 1
Zero Ohm
 0
LINE
 8
PARTS
 10
  3.7000
 20
  5.7000
 30
0.0
 11
  3.8000
 21
  5.7000
 31
0.0
 0
TEXT
 8
PARTS
 10
  3.7000
 20
  5.7300
 30
0.0
 40
  0.0500
 1
1
 0
LINE
 8
PARTS
 10
  4.2000
 20
  5.7000
 30
0.0
 11
  4.1000
 21
  5.7000
 31
0.0
 0
TEXT
 8
PARTS
 10
  4.1600
 20
  5.7300
 30
0.0
 40
  0.0500
 1
2
 0
LINE
 8
PARTS
 10
  3.7000
 20
  5.8000
 30
0.0
 11
  3.8000
 21
  5.8000
 31
0.0
 0
TEXT
 8
PARTS
 10
  3.7000
 20
  5.8300
 30
0.0
 40
  0.0500
 1
3
 0
LINE
 8
PARTS
 10
  4.2000
 20
  5.8000
 30
0.0
 11
  4.1000
 21
  5.8000
 31
0.0
 0
TEXT
 8
PARTS
 10
  4.1600
 20
  5.8300
 30
0.0
 40
  0.0500
 1
4
 0
POLYLINE
 8
PARTS
 66
1
 10
0.0
 20
0.0
 30
0.0
 0
VERTEX
 8
PARTS
 10
  3.8000
 20
  5.7000
 30
0.0
 0
VERTEX
 8
PARTS
 10
  3.8300
 20
  5.7300
 30
0.0
 0
SEQEND
 8
PARTS
 0
POLYLINE
 8
PARTS
 66
1
 10
0.0
 20
0.0
 30
0.0
 0
VERTEX
 8
PARTS
 10
  3.8300
 20
  5.7300
 30
0.0
 0
VERTEX
 8
PARTS
 10
  3.8900
 20
  5.6700
 30
0.0
 0
SEQEND
 8
PARTS
 0
POLYLINE
 8
PARTS
 66
1
 10
0.0
 20
0.0
 30
0.0
 0
VERTEX
 8
PARTS
 10
  3.8900
 20
  5.6700
 30
0.0
 0
VERTEX
 8
PARTS
 10
  3.9500
 20
  5.7300
 30
0.0
 0
SEQEND
 8
PARTS
 0
POLYLINE
 8
PARTS
 66
1
 10
0.0
 20
0.0
 30
0.0
 0
VERTEX
 8
PARTS
 10
  3.9500
 20
  5.7300
 30
0.0
 0
VERTEX
 8
PARTS
 10
  4.0100
 20
  5.6700
 30
0.0
 0
SEQEND
 8
PARTS
 0
POLYLINE
 8
PARTS
 66
1
 10
0.0
 20
0.0
 30
0.0
 0
VERTEX
 8
PARTS
 10
  4.0100
 20
  5.6700
 30
0.0
 0
VERTEX
 8
PARTS
 10
  4.0700
 20
  5.7300
 30
0.0
 0
SEQEND
 8
PARTS
 0
POLYLINE
 8
PARTS
 66
1
 10
0.0
 20
0.0
 30
0.0
 0
VERTEX
 8
PARTS
 10
  4.0700
 20
  5.7300
 30
0.0
 0
VERTEX
 8
PARTS
 10
  4.1000
 20
  5.7000
 30
0.0
 0
SEQEND
 8
PARTS
 0
POLYLINE
 8
PARTS
 66
1
 10
0.0
 20
0.0
 30
0.0
 0
VERTEX
 8
PARTS
 10
  3.8000
 20
  5.8000
 30
0.0
 0
VERTEX
 8
PARTS
 10
  3.8300
 20
  5.8300
 30
0.0
 0
SEQEND
 8
PARTS
 0
POLYLINE
 8
PARTS
 66
1
 10
0.0
 20
0.0
 30
0.0
 0
VERTEX
 8
PARTS
 10
  3.8300
 20
  5.8300
 30
0.0
 0
VERTEX
 8
PARTS
 10
  3.8900
 20
  5.7700
 30
0.0
 0
SEQEND
 8
PARTS
 0
POLYLINE
 8
PARTS
 66
1
 10
0.0
 20
0.0
 30
0.0
 0
VERTEX
 8
PARTS
 10
  3.8900
 20
  5.7700
 30
0.0
 0
VERTEX
 8
PARTS
 10
  3.9500
 20
  5.8300
 30
0.0
 0
SEQEND
 8
PARTS
 0
POLYLINE
 8
PARTS
 66
1
 10
0.0
 20
0.0
 30
0.0
 0
VERTEX
 8
PARTS
 10
  3.9500
 20
  5.8300
 30
0.0
 0
VERTEX
 8
PARTS
 10
  4.0100
 20
  5.7700
 30
0.0
 0
SEQEND
 8
PARTS
 0
POLYLINE
 8
PARTS
 66
1
 10
0.0
 20
0.0
 30
0.0
 0
VERTEX
 8
PARTS
 10
  4.0100
 20
  5.7700
 30
0.0
 0
VERTEX
 8
PARTS
 10
  4.0700
 20
  5.8300
 30
0.0
 0
SEQEND
 8
PARTS
 0
POLYLINE
 8
PARTS
 66
1
 10
0.0
 20
0.0
 30
0.0
 0
VERTEX
 8
PARTS
 10
  4.0700
 20
  5.8300
 30
0.0
 0
VERTEX
 8
PARTS
 10
  4.1000
 20
  5.8000
 30
0.0
 0
SEQEND
 8
PARTS
 0
POLYLINE
 8
PARTS
 66
1
 70
1
 10
0.0
 20
0.0
 30
0.0
 0
VERTEX
 8
PARTS
 10
  4.0500
 20
  5.7400
 30
0.0
 42
  0.0985
 0
VERTEX
 8
PARTS
 10
  4.0424
 20
  5.7783
 30
0.0
 42
  0.0985
 0
VERTEX
 8
PARTS
 10
  4.0207
 20
  5.8107
 30
0.0
 42
  0.0985
 0
VERTEX
 8
PARTS
 10
  3.9883
 20
  5.8324
 30
0.0
 42
  0.0985
 0
VERTEX
 8
PARTS
 10
  3.9500
 20
  5.8400
 30
0.0
 42
  0.0985
 0
VERTEX
 8
PARTS
 10
  3.9117
 20
  5.8324
 30
0.0
 42
  0.0985
 0
VERTEX
 8
PARTS
 10
  3.8793
 20
  5.8107
 30
0.0
 42
  0.0985
 0
VERTEX
 8
PARTS
 10
  3.8576
 20
  5.7783
 30
0.0
 42
  0.0985
 0
VERTEX
 8
PARTS
 10
  3.8500
 20
  5.7400
 30
0.0
 42
  0.0985
 0
VERTEX
 8
PARTS
 10
  3.8576
 20
  5.7017
 30
0.0
 42
  0.0985
 0
VERTEX
 8
PARTS
 10
  3.8793
 20
  5.6693
 30
0.0
 42
  0.0985
 0
VERTEX
 8
PARTS
 10
  3.9117
 20
  5.6476
 30
0.0
 42
  0.0985
 0
VERTEX
 8
PARTS
 10
  3.9500
 20
  5.6400
 30
0.0
 42
  0.0985
 0
VERTEX
 8
PARTS
 10
  3.9883
 20
  5.6476
 30
0.0
 42
  0.0985
 0
VERTEX
 8
PARTS
 10
  4.0207
 20
  5.6693
 30
0.0
 42
  0.0985
 0
VERTEX
 8
PARTS
 10
  4.0424
 20
  5.7017
 30
0.0
 42
  0.0985
 0
SEQEND
 8
PARTS
 0
POLYLINE
 8
PARTS
 66
1
 70
1
 10
0.0
 20
0.0
 30
0.0
 0
VERTEX
 8
PARTS
 10
  3.9000
 20
  5.8000
 30
0.0
 42
  0.0000
 0
VERTEX
 8
PARTS
 10
  3.8962
 20
  5.8000
 30
0.0
 42
  0.0000
 0
VERTEX
 8
PARTS
 10
  3.8854
 20
  5.8000
 30
0.0
 42
  0.0000
 0
VERTEX
 8
PARTS
 10
  3.8691
 20
  5.8000
 30
0.0
 42
  0.0000
 0
VERTEX
 8
PARTS
 10
  3.8500
 20
  5.8000
 30
0.0
 42
  0.0000
 0
VERTEX
 8
PARTS
 10
  3.8309
 20
  5.8000
 30
0.0
 42
  0.0000
 0
VERTEX
 8
PARTS
 10
  3.8146
 20
  5.8000
 30
0.0
 42
  0.0000
 0
VERTEX
 8
PARTS
 10
  3.8038
 20
  5.8000
 30
0.0
 42
  0.0000
 0
VERTEX
 8
PARTS
 10
  3.8000
 20
  5.8000
 30
0.0
 42
  0.0000
 0
VERTEX
 8
PARTS
 10
  3.8038
 20
  5.8000
 30
0.0
 42
  0.0000
 0
VERTEX
 8
PARTS
 10
  3.8146
 20
  5.8000
 30
0.0
 42
  0.0000
 0
VERTEX
 8
PARTS
 10
  3.8309
 20
  5.8000
 30
0.0
 42
  0.0000
 0
VERTEX
 8
PARTS
 10
  3.8500
 20
  5.8000
 30
0.0
 42
  0.0000
 0
VERTEX
 8
PARTS
 10
  3.8691
 20
  5.8000
 30
0.0
 42
  0.0000
 0
VERTEX
 8
PARTS
 10
  3.8854
 20
  5.8000
 30
0.0
 42
  0.0000
 0
VERTEX
 8
PARTS
 10
  3.8962
 20
  5.8000
 30
0.0
 42
  0.0000
 0
SEQEND
 8
PARTS
 0
TEXT
 8
PARTTEXT
 10
 15.4000
 20
 18.4186
 30
0.0
 40
  0.0514
 1
C3
 0
TEXT
 8
PARTTEXT
 10
 15.4000
 20
 18.3186
 30
0.0
 40
  0.0514
 1
.01uF
 0
LINE
 8
PARTS
 10
 15.3000
 20
 18.6000
 30
0.0
 11
 15.3000
 21
 18.5000
 31
0.0
 0
TEXT
 8
PARTS
 10
 15.3300
 20
 18.5600
 30
0.0
 40
  0.0500
 50
270.0000
 1

 0
LINE
 8
PARTS
 10
 15.3000
 20
 18.3000
 30
0.0
 11
 15.3000
 21
 18.4000
 31
0.0
 0
TEXT
 8
PARTS
 10
 15.3300
 20
 18.2800
 30
0.0
 40
  0.0500
 50
270.0000
 1

 0
POLYLINE
 8
PARTS
 66
1
 10
0.0
 20
0.0
 30
0.0
 0
VERTEX
 8
PARTS
 10
 15.2000
 20
 18.5000
 30
0.0
 0
VERTEX
 8
PARTS
 10
 15.4000
 20
 18.5000
 30
0.0
 0
SEQEND
 8
PARTS
 0
POLYLINE
 8
PARTS
 66
1
 10
0.0
 20
0.0
 30
0.0
 0
VERTEX
 8
PARTS
 10
 15.3000
 20
 18.4600
 30
0.0
 0
VERTEX
 8
PARTS
 10
 15.3000
 20
 18.4000
 30
0.0
 0
SEQEND
 8
PARTS
 0
POLYLINE
 8
PARTS
 66
1
 10
0.0
 20
0.0
 30
0.0
 0
VERTEX
 8
PARTS
 10
 15.4000
 20
 18.4300
 30
0.0
 42
  0.1654
 0
VERTEX
 8
PARTS
 10
 15.3000
 20
 18.4600
 30
0.0
 0
SEQEND
 8
PARTS
 0
POLYLINE
 8
PARTS
 66
1
 10
0.0
 20
0.0
 30
0.0
 0
VERTEX
 8
PARTS
 10
 15.3000
 20
 18.4600
 30
0.0
 42
  0.1654
 0
VERTEX
 8
PARTS
 10
 15.2000
 20
 18.4300
 30
0.0
 0
SEQEND
 8
PARTS
 0
TEXT
 8
PARTTEXT
 10
 16.2500
 20
 18.4186
 30
0.0
 40
  0.0514
 1
C4
 0
TEXT
 8
PARTTEXT
 10
 16.3000
 20
 18.2586
 30
0.0
 40
  0.0514
 1
4.7uF
 0
LINE
 8
PARTS
 10
 16.1000
 20
 18.6000
 30
0.0
 11
 16.1000
 21
 18.5000
 31
0.0
 0
TEXT
 8
PARTS
 10
 16.1300
 20
 18.6000
 30
0.0
 40
  0.0500
 50
270.0000
 1
1
 0
LINE
 8
PARTS
 10
 16.1000
 20
 18.3000
 30
0.0
 11
 16.1000
 21
 18.4000
 31
0.0
 0
TEXT
 8
PARTS
 10
 16.1300
 20
 18.2800
 30
0.0
 40
  0.0500
 50
270.0000
 1
2
 0
POLYLINE
 8
PARTS
 66
1
 10
0.0
 20
0.0
 30
0.0
 0
VERTEX
 8
PARTS
 10
 16.0000
 20
 18.5000
 30
0.0
 0
VERTEX
 8
PARTS
 10
 16.2000
 20
 18.5000
 30
0.0
 0
SEQEND
 8
PARTS
 0
POLYLINE
 8
PARTS
 66
1
 10
0.0
 20
0.0
 30
0.0
 0
VERTEX
 8
PARTS
 10
 16.1000
 20
 18.4600
 30
0.0
 0
VERTEX
 8
PARTS
 10
 16.1000
 20
 18.4000
 30
0.0
 0
SEQEND
 8
PARTS
 0
POLYLINE
 8
PARTS
 66
1
 10
0.0
 20
0.0
 30
0.0
 0
VERTEX
 8
PARTS
 10
 16.2000
 20
 18.4300
 30
0.0
 42
  0.1654
 0
VERTEX
 8
PARTS
 10
 16.1000
 20
 18.4600
 30
0.0
 0
SEQEND
 8
PARTS
 0
POLYLINE
 8
PARTS
 66
1
 10
0.0
 20
0.0
 30
0.0
 0
VERTEX
 8
PARTS
 10
 16.1000
 20
 18.4600
 30
0.0
 42
  0.1654
 0
VERTEX
 8
PARTS
 10
 16.0000
 20
 18.4300
 30
0.0
 0
SEQEND
 8
PARTS
 0
TEXT
 8
PARTTEXT
 10
 26.1000
 20
 12.9186
 30
0.0
 40
  0.0514
 1
C20
 0
TEXT
 8
PARTTEXT
 10
 26.1000
 20
 12.8186
 30
0.0
 40
  0.0514
 1
.01uF
 0
LINE
 8
PARTS
 10
 26.0000
 20
 13.1000
 30
0.0
 11
 26.0000
 21
 13.0000
 31
0.0
 0
TEXT
 8
PARTS
 10
 26.0300
 20
 13.0600
 30
0.0
 40
  0.0500
 50
270.0000
 1

 0
LINE
 8
PARTS
 10
 26.0000
 20
 12.8000
 30
0.0
 11
 26.0000
 21
 12.9000
 31
0.0
 0
TEXT
 8
PARTS
 10
 26.0300
 20
 12.7800
 30
0.0
 40
  0.0500
 50
270.0000
 1

 0
POLYLINE
 8
PARTS
 66
1
 10
0.0
 20
0.0
 30
0.0
 0
VERTEX
 8
PARTS
 10
 25.9000
 20
 13.0000
 30
0.0
 0
VERTEX
 8
PARTS
 10
 26.1000
 20
 13.0000
 30
0.0
 0
SEQEND
 8
PARTS
 0
POLYLINE
 8
PARTS
 66
1
 10
0.0
 20
0.0
 30
0.0
 0
VERTEX
 8
PARTS
 10
 26.0000
 20
 12.9600
 30
0.0
 0
VERTEX
 8
PARTS
 10
 26.0000
 20
 12.9000
 30
0.0
 0
SEQEND
 8
PARTS
 0
POLYLINE
 8
PARTS
 66
1
 10
0.0
 20
0.0
 30
0.0
 0
VERTEX
 8
PARTS
 10
 26.1000
 20
 12.9300
 30
0.0
 42
  0.1654
 0
VERTEX
 8
PARTS
 10
 26.0000
 20
 12.9600
 30
0.0
 0
SEQEND
 8
PARTS
 0
POLYLINE
 8
PARTS
 66
1
 10
0.0
 20
0.0
 30
0.0
 0
VERTEX
 8
PARTS
 10
 26.0000
 20
 12.9600
 30
0.0
 42
  0.1654
 0
VERTEX
 8
PARTS
 10
 25.9000
 20
 12.9300
 30
0.0
 0
SEQEND
 8
PARTS
 0
TEXT
 8
PARTTEXT
 10
 26.7500
 20
 12.9186
 30
0.0
 40
  0.0514
 1
C21
 0
TEXT
 8
PARTTEXT
 10
 26.8000
 20
 12.7586
 30
0.0
 40
  0.0514
 1
4.7uF
 0
LINE
 8
PARTS
 10
 26.6000
 20
 13.1000
 30
0.0
 11
 26.6000
 21
 13.0000
 31
0.0
 0
TEXT
 8
PARTS
 10
 26.6300
 20
 13.1000
 30
0.0
 40
  0.0500
 50
270.0000
 1
1
 0
LINE
 8
PARTS
 10
 26.6000
 20
 12.8000
 30
0.0
 11
 26.6000
 21
 12.9000
 31
0.0
 0
TEXT
 8
PARTS
 10
 26.6300
 20
 12.7800
 30
0.0
 40
  0.0500
 50
270.0000
 1
2
 0
POLYLINE
 8
PARTS
 66
1
 10
0.0
 20
0.0
 30
0.0
 0
VERTEX
 8
PARTS
 10
 26.5000
 20
 13.0000
 30
0.0
 0
VERTEX
 8
PARTS
 10
 26.7000
 20
 13.0000
 30
0.0
 0
SEQEND
 8
PARTS
 0
POLYLINE
 8
PARTS
 66
1
 10
0.0
 20
0.0
 30
0.0
 0
VERTEX
 8
PARTS
 10
 26.6000
 20
 12.9600
 30
0.0
 0
VERTEX
 8
PARTS
 10
 26.6000
 20
 12.9000
 30
0.0
 0
SEQEND
 8
PARTS
 0
POLYLINE
 8
PARTS
 66
1
 10
0.0
 20
0.0
 30
0.0
 0
VERTEX
 8
PARTS
 10
 26.7000
 20
 12.9300
 30
0.0
 42
  0.1654
 0
VERTEX
 8
PARTS
 10
 26.6000
 20
 12.9600
 30
0.0
 0
SEQEND
 8
PARTS
 0
POLYLINE
 8
PARTS
 66
1
 10
0.0
 20
0.0
 30
0.0
 0
VERTEX
 8
PARTS
 10
 26.6000
 20
 12.9600
 30
0.0
 42
  0.1654
 0
VERTEX
 8
PARTS
 10
 26.5000
 20
 12.9300
 30
0.0
 0
SEQEND
 8
PARTS
 0
TEXT
 8
PARTTEXT
 10
 28.1900
 20
  3.8186
 30
0.0
 40
  0.0514
 1
C67
 0
TEXT
 8
PARTTEXT
 10
 28.1900
 20
  3.7286
 30
0.0
 40
  0.0514
 1
100uF, 63V
 0
LINE
 8
PARTS
 10
 28.0000
 20
  4.0000
 30
0.0
 11
 28.0000
 21
  3.9000
 31
0.0
 0
TEXT
 8
PARTS
 10
 28.0300
 20
  4.0000
 30
0.0
 40
  0.0500
 50
270.0000
 1
1
 0
LINE
 8
PARTS
 10
 28.0000
 20
  3.7000
 30
0.0
 11
 28.0000
 21
  3.8000
 31
0.0
 0
TEXT
 8
PARTS
 10
 28.0300
 20
  3.6800
 30
0.0
 40
  0.0500
 50
270.0000
 1
2
 0
POLYLINE
 8
PARTS
 66
1
 10
0.0
 20
0.0
 30
0.0
 0
VERTEX
 8
PARTS
 10
 27.9000
 20
  3.9000
 30
0.0
 0
VERTEX
 8
PARTS
 10
 28.1000
 20
  3.9000
 30
0.0
 0
SEQEND
 8
PARTS
 0
POLYLINE
 8
PARTS
 66
1
 10
0.0
 20
0.0
 30
0.0
 0
VERTEX
 8
PARTS
 10
 28.0000
 20
  3.8600
 30
0.0
 0
VERTEX
 8
PARTS
 10
 28.0000
 20
  3.8000
 30
0.0
 0
SEQEND
 8
PARTS
 0
POLYLINE
 8
PARTS
 66
1
 10
0.0
 20
0.0
 30
0.0
 0
VERTEX
 8
PARTS
 10
 28.1000
 20
  3.8300
 30
0.0
 42
  0.1654
 0
VERTEX
 8
PARTS
 10
 28.0000
 20
  3.8600
 30
0.0
 0
SEQEND
 8
PARTS
 0
POLYLINE
 8
PARTS
 66
1
 10
0.0
 20
0.0
 30
0.0
 0
VERTEX
 8
PARTS
 10
 28.0000
 20
  3.8600
 30
0.0
 42
  0.1654
 0
VERTEX
 8
PARTS
 10
 27.9000
 20
  3.8300
 30
0.0
 0
SEQEND
 8
PARTS
 0
TEXT
 8
PARTTEXT
 10
  4.8000
 20
 17.5186
 30
0.0
 40
  0.0514
 1
R3
 0
TEXT
 8
PARTTEXT
 10
  4.8000
 20
 17.3186
 30
0.0
 40
  0.0514
 1
20K
 0
LINE
 8
PARTS
 10
  4.6000
 20
 17.2000
 30
0.0
 11
  4.6000
 21
 17.3000
 31
0.0
 0
TEXT
 8
PARTS
 10
  4.6300
 20
 17.1800
 30
0.0
 40
  0.0500
 50
270.0000
 1
1
 0
LINE
 8
PARTS
 10
  4.6000
 20
 17.7000
 30
0.0
 11
  4.6000
 21
 17.6000
 31
0.0
 0
TEXT
 8
PARTS
 10
  4.6300
 20
 17.7000
 30
0.0
 40
  0.0500
 50
270.0000
 1
2
 0
POLYLINE
 8
PARTS
 66
1
 10
0.0
 20
0.0
 30
0.0
 0
VERTEX
 8
PARTS
 10
  4.6000
 20
 17.3000
 30
0.0
 0
VERTEX
 8
PARTS
 10
  4.5700
 20
 17.3300
 30
0.0
 0
SEQEND
 8
PARTS
 0
POLYLINE
 8
PARTS
 66
1
 10
0.0
 20
0.0
 30
0.0
 0
VERTEX
 8
PARTS
 10
  4.5700
 20
 17.3300
 30
0.0
 0
VERTEX
 8
PARTS
 10
  4.6300
 20
 17.3900
 30
0.0
 0
SEQEND
 8
PARTS
 0
POLYLINE
 8
PARTS
 66
1
 10
0.0
 20
0.0
 30
0.0
 0
VERTEX
 8
PARTS
 10
  4.6300
 20
 17.3900
 30
0.0
 0
VERTEX
 8
PARTS
 10
  4.5700
 20
 17.4500
 30
0.0
 0
SEQEND
 8
PARTS
 0
POLYLINE
 8
PARTS
 66
1
 10
0.0
 20
0.0
 30
0.0
 0
VERTEX
 8
PARTS
 10
  4.5700
 20
 17.4500
 30
0.0
 0
VERTEX
 8
PARTS
 10
  4.6300
 20
 17.5100
 30
0.0
 0
SEQEND
 8
PARTS
 0
POLYLINE
 8
PARTS
 66
1
 10
0.0
 20
0.0
 30
0.0
 0
VERTEX
 8
PARTS
 10
  4.6300
 20
 17.5100
 30
0.0
 0
VERTEX
 8
PARTS
 10
  4.5700
 20
 17.5700
 30
0.0
 0
SEQEND
 8
PARTS
 0
POLYLINE
 8
PARTS
 66
1
 10
0.0
 20
0.0
 30
0.0
 0
VERTEX
 8
PARTS
 10
  4.5700
 20
 17.5700
 30
0.0
 0
VERTEX
 8
PARTS
 10
  4.6000
 20
 17.6000
 30
0.0
 0
SEQEND
 8
PARTS
 0
TEXT
 8
PARTTEXT
 10
  4.0000
 20
  7.4186
 30
0.0
 40
  0.0514
 1
R37
 0
TEXT
 8
PARTTEXT
 10
  3.9000
 20
  7.3186
 30
0.0
 40
  0.0514
 1
Zero Ohm
 0
LINE
 8
PARTS
 10
  3.8000
 20
  7.1000
 30
0.0
 11
  3.9000
 21
  7.1000
 31
0.0
 0
TEXT
 8
PARTS
 10
  3.8000
 20
  7.1300
 30
0.0
 40
  0.0500
 1
1
 0
LINE
 8
PARTS
 10
  4.3000
 20
  7.1000
 30
0.0
 11
  4.2000
 21
  7.1000
 31
0.0
 0
TEXT
 8
PARTS
 10
  4.2600
 20
  7.1300
 30
0.0
 40
  0.0500
 1
2
 0
LINE
 8
PARTS
 10
  3.8000
 20
  7.2000
 30
0.0
 11
  3.9000
 21
  7.2000
 31
0.0
 0
TEXT
 8
PARTS
 10
  3.8000
 20
  7.2300
 30
0.0
 40
  0.0500
 1
3
 0
LINE
 8
PARTS
 10
  4.3000
 20
  7.2000
 30
0.0
 11
  4.2000
 21
  7.2000
 31
0.0
 0
TEXT
 8
PARTS
 10
  4.2600
 20
  7.2300
 30
0.0
 40
  0.0500
 1
4
 0
POLYLINE
 8
PARTS
 66
1
 10
0.0
 20
0.0
 30
0.0
 0
VERTEX
 8
PARTS
 10
  3.9000
 20
  7.1000
 30
0.0
 0
VERTEX
 8
PARTS
 10
  3.9300
 20
  7.1300
 30
0.0
 0
SEQEND
 8
PARTS
 0
POLYLINE
 8
PARTS
 66
1
 10
0.0
 20
0.0
 30
0.0
 0
VERTEX
 8
PARTS
 10
  3.9300
 20
  7.1300
 30
0.0
 0
VERTEX
 8
PARTS
 10
  3.9900
 20
  7.0700
 30
0.0
 0
SEQEND
 8
PARTS
 0
POLYLINE
 8
PARTS
 66
1
 10
0.0
 20
0.0
 30
0.0
 0
VERTEX
 8
PARTS
 10
  3.9900
 20
  7.0700
 30
0.0
 0
VERTEX
 8
PARTS
 10
  4.0500
 20
  7.1300
 30
0.0
 0
SEQEND
 8
PARTS
 0
POLYLINE
 8
PARTS
 66
1
 10
0.0
 20
0.0
 30
0.0
 0
VERTEX
 8
PARTS
 10
  4.0500
 20
  7.1300
 30
0.0
 0
VERTEX
 8
PARTS
 10
  4.1100
 20
  7.0700
 30
0.0
 0
SEQEND
 8
PARTS
 0
POLYLINE
 8
PARTS
 66
1
 10
0.0
 20
0.0
 30
0.0
 0
VERTEX
 8
PARTS
 10
  4.1100
 20
  7.0700
 30
0.0
 0
VERTEX
 8
PARTS
 10
  4.1700
 20
  7.1300
 30
0.0
 0
SEQEND
 8
PARTS
 0
POLYLINE
 8
PARTS
 66
1
 10
0.0
 20
0.0
 30
0.0
 0
VERTEX
 8
PARTS
 10
  4.1700
 20
  7.1300
 30
0.0
 0
VERTEX
 8
PARTS
 10
  4.2000
 20
  7.1000
 30
0.0
 0
SEQEND
 8
PARTS
 0
POLYLINE
 8
PARTS
 66
1
 10
0.0
 20
0.0
 30
0.0
 0
VERTEX
 8
PARTS
 10
  3.9000
 20
  7.2000
 30
0.0
 0
VERTEX
 8
PARTS
 10
  3.9300
 20
  7.2300
 30
0.0
 0
SEQEND
 8
PARTS
 0
POLYLINE
 8
PARTS
 66
1
 10
0.0
 20
0.0
 30
0.0
 0
VERTEX
 8
PARTS
 10
  3.9300
 20
  7.2300
 30
0.0
 0
VERTEX
 8
PARTS
 10
  3.9900
 20
  7.1700
 30
0.0
 0
SEQEND
 8
PARTS
 0
POLYLINE
 8
PARTS
 66
1
 10
0.0
 20
0.0
 30
0.0
 0
VERTEX
 8
PARTS
 10
  3.9900
 20
  7.1700
 30
0.0
 0
VERTEX
 8
PARTS
 10
  4.0500
 20
  7.2300
 30
0.0
 0
SEQEND
 8
PARTS
 0
POLYLINE
 8
PARTS
 66
1
 10
0.0
 20
0.0
 30
0.0
 0
VERTEX
 8
PARTS
 10
  4.0500
 20
  7.2300
 30
0.0
 0
VERTEX
 8
PARTS
 10
  4.1100
 20
  7.1700
 30
0.0
 0
SEQEND
 8
PARTS
 0
POLYLINE
 8
PARTS
 66
1
 10
0.0
 20
0.0
 30
0.0
 0
VERTEX
 8
PARTS
 10
  4.1100
 20
  7.1700
 30
0.0
 0
VERTEX
 8
PARTS
 10
  4.1700
 20
  7.2300
 30
0.0
 0
SEQEND
 8
PARTS
 0
POLYLINE
 8
PARTS
 66
1
 10
0.0
 20
0.0
 30
0.0
 0
VERTEX
 8
PARTS
 10
  4.1700
 20
  7.2300
 30
0.0
 0
VERTEX
 8
PARTS
 10
  4.2000
 20
  7.2000
 30
0.0
 0
SEQEND
 8
PARTS
 0
POLYLINE
 8
PARTS
 66
1
 70
1
 10
0.0
 20
0.0
 30
0.0
 0
VERTEX
 8
PARTS
 10
  4.1500
 20
  7.1400
 30
0.0
 42
  0.0985
 0
VERTEX
 8
PARTS
 10
  4.1424
 20
  7.1783
 30
0.0
 42
  0.0985
 0
VERTEX
 8
PARTS
 10
  4.1207
 20
  7.2107
 30
0.0
 42
  0.0985
 0
VERTEX
 8
PARTS
 10
  4.0883
 20
  7.2324
 30
0.0
 42
  0.0985
 0
VERTEX
 8
PARTS
 10
  4.0500
 20
  7.2400
 30
0.0
 42
  0.0985
 0
VERTEX
 8
PARTS
 10
  4.0117
 20
  7.2324
 30
0.0
 42
  0.0985
 0
VERTEX
 8
PARTS
 10
  3.9793
 20
  7.2107
 30
0.0
 42
  0.0985
 0
VERTEX
 8
PARTS
 10
  3.9576
 20
  7.1783
 30
0.0
 42
  0.0985
 0
VERTEX
 8
PARTS
 10
  3.9500
 20
  7.1400
 30
0.0
 42
  0.0985
 0
VERTEX
 8
PARTS
 10
  3.9576
 20
  7.1017
 30
0.0
 42
  0.0985
 0
VERTEX
 8
PARTS
 10
  3.9793
 20
  7.0693
 30
0.0
 42
  0.0985
 0
VERTEX
 8
PARTS
 10
  4.0117
 20
  7.0476
 30
0.0
 42
  0.0985
 0
VERTEX
 8
PARTS
 10
  4.0500
 20
  7.0400
 30
0.0
 42
  0.0985
 0
VERTEX
 8
PARTS
 10
  4.0883
 20
  7.0476
 30
0.0
 42
  0.0985
 0
VERTEX
 8
PARTS
 10
  4.1207
 20
  7.0693
 30
0.0
 42
  0.0985
 0
VERTEX
 8
PARTS
 10
  4.1424
 20
  7.1017
 30
0.0
 42
  0.0985
 0
SEQEND
 8
PARTS
 0
POLYLINE
 8
PARTS
 66
1
 70
1
 10
0.0
 20
0.0
 30
0.0
 0
VERTEX
 8
PARTS
 10
  4.0000
 20
  7.2000
 30
0.0
 42
  0.0000
 0
VERTEX
 8
PARTS
 10
  3.9962
 20
  7.2000
 30
0.0
 42
  0.0000
 0
VERTEX
 8
PARTS
 10
  3.9854
 20
  7.2000
 30
0.0
 42
  0.0000
 0
VERTEX
 8
PARTS
 10
  3.9691
 20
  7.2000
 30
0.0
 42
  0.0000
 0
VERTEX
 8
PARTS
 10
  3.9500
 20
  7.2000
 30
0.0
 42
  0.0000
 0
VERTEX
 8
PARTS
 10
  3.9309
 20
  7.2000
 30
0.0
 42
  0.0000
 0
VERTEX
 8
PARTS
 10
  3.9146
 20
  7.2000
 30
0.0
 42
  0.0000
 0
VERTEX
 8
PARTS
 10
  3.9038
 20
  7.2000
 30
0.0
 42
  0.0000
 0
VERTEX
 8
PARTS
 10
  3.9000
 20
  7.2000
 30
0.0
 42
  0.0000
 0
VERTEX
 8
PARTS
 10
  3.9038
 20
  7.2000
 30
0.0
 42
  0.0000
 0
VERTEX
 8
PARTS
 10
  3.9146
 20
  7.2000
 30
0.0
 42
  0.0000
 0
VERTEX
 8
PARTS
 10
  3.9309
 20
  7.2000
 30
0.0
 42
  0.0000
 0
VERTEX
 8
PARTS
 10
  3.9500
 20
  7.2000
 30
0.0
 42
  0.0000
 0
VERTEX
 8
PARTS
 10
  3.9691
 20
  7.2000
 30
0.0
 42
  0.0000
 0
VERTEX
 8
PARTS
 10
  3.9854
 20
  7.2000
 30
0.0
 42
  0.0000
 0
VERTEX
 8
PARTS
 10
  3.9962
 20
  7.2000
 30
0.0
 42
  0.0000
 0
SEQEND
 8
PARTS
 0
TEXT
 8
PARTTEXT
 10
  6.4000
 20
  6.5186
 30
0.0
 40
  0.0514
 1
R42
 0
TEXT
 8
PARTTEXT
 10
  6.4000
 20
  6.4186
 30
0.0
 40
  0.0514
 1
5.6K
 0
LINE
 8
PARTS
 10
  6.3000
 20
  6.2000
 30
0.0
 11
  6.3000
 21
  6.3000
 31
0.0
 0
TEXT
 8
PARTS
 10
  6.3300
 20
  6.1800
 30
0.0
 40
  0.0500
 50
270.0000
 1
1
 0
LINE
 8
PARTS
 10
  6.3000
 20
  6.7000
 30
0.0
 11
  6.3000
 21
  6.6000
 31
0.0
 0
TEXT
 8
PARTS
 10
  6.3300
 20
  6.7000
 30
0.0
 40
  0.0500
 50
270.0000
 1
2
 0
POLYLINE
 8
PARTS
 66
1
 10
0.0
 20
0.0
 30
0.0
 0
VERTEX
 8
PARTS
 10
  6.3000
 20
  6.3000
 30
0.0
 0
VERTEX
 8
PARTS
 10
  6.2700
 20
  6.3300
 30
0.0
 0
SEQEND
 8
PARTS
 0
POLYLINE
 8
PARTS
 66
1
 10
0.0
 20
0.0
 30
0.0
 0
VERTEX
 8
PARTS
 10
  6.2700
 20
  6.3300
 30
0.0
 0
VERTEX
 8
PARTS
 10
  6.3300
 20
  6.3900
 30
0.0
 0
SEQEND
 8
PARTS
 0
POLYLINE
 8
PARTS
 66
1
 10
0.0
 20
0.0
 30
0.0
 0
VERTEX
 8
PARTS
 10
  6.3300
 20
  6.3900
 30
0.0
 0
VERTEX
 8
PARTS
 10
  6.2700
 20
  6.4500
 30
0.0
 0
SEQEND
 8
PARTS
 0
POLYLINE
 8
PARTS
 66
1
 10
0.0
 20
0.0
 30
0.0
 0
VERTEX
 8
PARTS
 10
  6.2700
 20
  6.4500
 30
0.0
 0
VERTEX
 8
PARTS
 10
  6.3300
 20
  6.5100
 30
0.0
 0
SEQEND
 8
PARTS
 0
POLYLINE
 8
PARTS
 66
1
 10
0.0
 20
0.0
 30
0.0
 0
VERTEX
 8
PARTS
 10
  6.3300
 20
  6.5100
 30
0.0
 0
VERTEX
 8
PARTS
 10
  6.2700
 20
  6.5700
 30
0.0
 0
SEQEND
 8
PARTS
 0
POLYLINE
 8
PARTS
 66
1
 10
0.0
 20
0.0
 30
0.0
 0
VERTEX
 8
PARTS
 10
  6.2700
 20
  6.5700
 30
0.0
 0
VERTEX
 8
PARTS
 10
  6.3000
 20
  6.6000
 30
0.0
 0
SEQEND
 8
PARTS
 0
TEXT
 8
PARTTEXT
 10
 16.7500
 20
 15.2186
 30
0.0
 40
  0.0514
 1
C13
 0
TEXT
 8
PARTTEXT
 10
 16.8000
 20
 15.0586
 30
0.0
 40
  0.0514
 1
4.7uF
 0
LINE
 8
PARTS
 10
 16.6000
 20
 15.1000
 30
0.0
 11
 16.6000
 21
 15.2000
 31
0.0
 0
TEXT
 8
PARTS
 10
 16.6300
 20
 15.0800
 30
0.0
 40
  0.0500
 50
270.0000
 1
1
 0
LINE
 8
PARTS
 10
 16.6000
 20
 15.4000
 30
0.0
 11
 16.6000
 21
 15.3000
 31
0.0
 0
TEXT
 8
PARTS
 10
 16.6300
 20
 15.4000
 30
0.0
 40
  0.0500
 50
270.0000
 1
2
 0
POLYLINE
 8
PARTS
 66
1
 10
0.0
 20
0.0
 30
0.0
 0
VERTEX
 8
PARTS
 10
 16.5000
 20
 15.2000
 30
0.0
 0
VERTEX
 8
PARTS
 10
 16.7000
 20
 15.2000
 30
0.0
 0
SEQEND
 8
PARTS
 0
POLYLINE
 8
PARTS
 66
1
 10
0.0
 20
0.0
 30
0.0
 0
VERTEX
 8
PARTS
 10
 16.6000
 20
 15.2400
 30
0.0
 0
VERTEX
 8
PARTS
 10
 16.6000
 20
 15.3000
 30
0.0
 0
SEQEND
 8
PARTS
 0
POLYLINE
 8
PARTS
 66
1
 10
0.0
 20
0.0
 30
0.0
 0
VERTEX
 8
PARTS
 10
 16.6000
 20
 15.2400
 30
0.0
 42
  0.1654
 0
VERTEX
 8
PARTS
 10
 16.7000
 20
 15.2700
 30
0.0
 0
SEQEND
 8
PARTS
 0
POLYLINE
 8
PARTS
 66
1
 10
0.0
 20
0.0
 30
0.0
 0
VERTEX
 8
PARTS
 10
 16.5000
 20
 15.2700
 30
0.0
 42
  0.1654
 0
VERTEX
 8
PARTS
 10
 16.6000
 20
 15.2400
 30
0.0
 0
SEQEND
 8
PARTS
 0
TEXT
 8
PARTTEXT
 10
 12.8000
 20
 16.4186
 30
0.0
 40
  0.0514
 1
R17
 0
TEXT
 8
PARTTEXT
 10
 12.7000
 20
 16.3186
 30
0.0
 40
  0.0514
 1
Zero Ohm
 0
LINE
 8
PARTS
 10
 12.6000
 20
 16.1000
 30
0.0
 11
 12.7000
 21
 16.1000
 31
0.0
 0
TEXT
 8
PARTS
 10
 12.6000
 20
 16.1300
 30
0.0
 40
  0.0500
 1
1
 0
LINE
 8
PARTS
 10
 13.1000
 20
 16.1000
 30
0.0
 11
 13.0000
 21
 16.1000
 31
0.0
 0
TEXT
 8
PARTS
 10
 13.0600
 20
 16.1300
 30
0.0
 40
  0.0500
 1
2
 0
LINE
 8
PARTS
 10
 12.6000
 20
 16.2000
 30
0.0
 11
 12.7000
 21
 16.2000
 31
0.0
 0
TEXT
 8
PARTS
 10
 12.6000
 20
 16.2300
 30
0.0
 40
  0.0500
 1
3
 0
LINE
 8
PARTS
 10
 13.1000
 20
 16.2000
 30
0.0
 11
 13.0000
 21
 16.2000
 31
0.0
 0
TEXT
 8
PARTS
 10
 13.0600
 20
 16.2300
 30
0.0
 40
  0.0500
 1
4
 0
POLYLINE
 8
PARTS
 66
1
 10
0.0
 20
0.0
 30
0.0
 0
VERTEX
 8
PARTS
 10
 12.7000
 20
 16.1000
 30
0.0
 0
VERTEX
 8
PARTS
 10
 12.7300
 20
 16.1300
 30
0.0
 0
SEQEND
 8
PARTS
 0
POLYLINE
 8
PARTS
 66
1
 10
0.0
 20
0.0
 30
0.0
 0
VERTEX
 8
PARTS
 10
 12.7300
 20
 16.1300
 30
0.0
 0
VERTEX
 8
PARTS
 10
 12.7900
 20
 16.0700
 30
0.0
 0
SEQEND
 8
PARTS
 0
POLYLINE
 8
PARTS
 66
1
 10
0.0
 20
0.0
 30
0.0
 0
VERTEX
 8
PARTS
 10
 12.7900
 20
 16.0700
 30
0.0
 0
VERTEX
 8
PARTS
 10
 12.8500
 20
 16.1300
 30
0.0
 0
SEQEND
 8
PARTS
 0
POLYLINE
 8
PARTS
 66
1
 10
0.0
 20
0.0
 30
0.0
 0
VERTEX
 8
PARTS
 10
 12.8500
 20
 16.1300
 30
0.0
 0
VERTEX
 8
PARTS
 10
 12.9100
 20
 16.0700
 30
0.0
 0
SEQEND
 8
PARTS
 0
POLYLINE
 8
PARTS
 66
1
 10
0.0
 20
0.0
 30
0.0
 0
VERTEX
 8
PARTS
 10
 12.9100
 20
 16.0700
 30
0.0
 0
VERTEX
 8
PARTS
 10
 12.9700
 20
 16.1300
 30
0.0
 0
SEQEND
 8
PARTS
 0
POLYLINE
 8
PARTS
 66
1
 10
0.0
 20
0.0
 30
0.0
 0
VERTEX
 8
PARTS
 10
 12.9700
 20
 16.1300
 30
0.0
 0
VERTEX
 8
PARTS
 10
 13.0000
 20
 16.1000
 30
0.0
 0
SEQEND
 8
PARTS
 0
POLYLINE
 8
PARTS
 66
1
 10
0.0
 20
0.0
 30
0.0
 0
VERTEX
 8
PARTS
 10
 12.7000
 20
 16.2000
 30
0.0
 0
VERTEX
 8
PARTS
 10
 12.7300
 20
 16.2300
 30
0.0
 0
SEQEND
 8
PARTS
 0
POLYLINE
 8
PARTS
 66
1
 10
0.0
 20
0.0
 30
0.0
 0
VERTEX
 8
PARTS
 10
 12.7300
 20
 16.2300
 30
0.0
 0
VERTEX
 8
PARTS
 10
 12.7900
 20
 16.1700
 30
0.0
 0
SEQEND
 8
PARTS
 0
POLYLINE
 8
PARTS
 66
1
 10
0.0
 20
0.0
 30
0.0
 0
VERTEX
 8
PARTS
 10
 12.7900
 20
 16.1700
 30
0.0
 0
VERTEX
 8
PARTS
 10
 12.8500
 20
 16.2300
 30
0.0
 0
SEQEND
 8
PARTS
 0
POLYLINE
 8
PARTS
 66
1
 10
0.0
 20
0.0
 30
0.0
 0
VERTEX
 8
PARTS
 10
 12.8500
 20
 16.2300
 30
0.0
 0
VERTEX
 8
PARTS
 10
 12.9100
 20
 16.1700
 30
0.0
 0
SEQEND
 8
PARTS
 0
POLYLINE
 8
PARTS
 66
1
 10
0.0
 20
0.0
 30
0.0
 0
VERTEX
 8
PARTS
 10
 12.9100
 20
 16.1700
 30
0.0
 0
VERTEX
 8
PARTS
 10
 12.9700
 20
 16.2300
 30
0.0
 0
SEQEND
 8
PARTS
 0
POLYLINE
 8
PARTS
 66
1
 10
0.0
 20
0.0
 30
0.0
 0
VERTEX
 8
PARTS
 10
 12.9700
 20
 16.2300
 30
0.0
 0
VERTEX
 8
PARTS
 10
 13.0000
 20
 16.2000
 30
0.0
 0
SEQEND
 8
PARTS
 0
POLYLINE
 8
PARTS
 66
1
 70
1
 10
0.0
 20
0.0
 30
0.0
 0
VERTEX
 8
PARTS
 10
 12.9500
 20
 16.1400
 30
0.0
 42
  0.0985
 0
VERTEX
 8
PARTS
 10
 12.9424
 20
 16.1783
 30
0.0
 42
  0.0985
 0
VERTEX
 8
PARTS
 10
 12.9207
 20
 16.2107
 30
0.0
 42
  0.0985
 0
VERTEX
 8
PARTS
 10
 12.8883
 20
 16.2324
 30
0.0
 42
  0.0985
 0
VERTEX
 8
PARTS
 10
 12.8500
 20
 16.2400
 30
0.0
 42
  0.0985
 0
VERTEX
 8
PARTS
 10
 12.8117
 20
 16.2324
 30
0.0
 42
  0.0985
 0
VERTEX
 8
PARTS
 10
 12.7793
 20
 16.2107
 30
0.0
 42
  0.0985
 0
VERTEX
 8
PARTS
 10
 12.7576
 20
 16.1783
 30
0.0
 42
  0.0985
 0
VERTEX
 8
PARTS
 10
 12.7500
 20
 16.1400
 30
0.0
 42
  0.0985
 0
VERTEX
 8
PARTS
 10
 12.7576
 20
 16.1017
 30
0.0
 42
  0.0985
 0
VERTEX
 8
PARTS
 10
 12.7793
 20
 16.0693
 30
0.0
 42
  0.0985
 0
VERTEX
 8
PARTS
 10
 12.8117
 20
 16.0476
 30
0.0
 42
  0.0985
 0
VERTEX
 8
PARTS
 10
 12.8500
 20
 16.0400
 30
0.0
 42
  0.0985
 0
VERTEX
 8
PARTS
 10
 12.8883
 20
 16.0476
 30
0.0
 42
  0.0985
 0
VERTEX
 8
PARTS
 10
 12.9207
 20
 16.0693
 30
0.0
 42
  0.0985
 0
VERTEX
 8
PARTS
 10
 12.9424
 20
 16.1017
 30
0.0
 42
  0.0985
 0
SEQEND
 8
PARTS
 0
POLYLINE
 8
PARTS
 66
1
 70
1
 10
0.0
 20
0.0
 30
0.0
 0
VERTEX
 8
PARTS
 10
 12.8000
 20
 16.2000
 30
0.0
 42
  0.0000
 0
VERTEX
 8
PARTS
 10
 12.7962
 20
 16.2000
 30
0.0
 42
  0.0000
 0
VERTEX
 8
PARTS
 10
 12.7854
 20
 16.2000
 30
0.0
 42
  0.0000
 0
VERTEX
 8
PARTS
 10
 12.7691
 20
 16.2000
 30
0.0
 42
  0.0000
 0
VERTEX
 8
PARTS
 10
 12.7500
 20
 16.2000
 30
0.0
 42
  0.0000
 0
VERTEX
 8
PARTS
 10
 12.7309
 20
 16.2000
 30
0.0
 42
  0.0000
 0
VERTEX
 8
PARTS
 10
 12.7146
 20
 16.2000
 30
0.0
 42
  0.0000
 0
VERTEX
 8
PARTS
 10
 12.7038
 20
 16.2000
 30
0.0
 42
  0.0000
 0
VERTEX
 8
PARTS
 10
 12.7000
 20
 16.2000
 30
0.0
 42
  0.0000
 0
VERTEX
 8
PARTS
 10
 12.7038
 20
 16.2000
 30
0.0
 42
  0.0000
 0
VERTEX
 8
PARTS
 10
 12.7146
 20
 16.2000
 30
0.0
 42
  0.0000
 0
VERTEX
 8
PARTS
 10
 12.7309
 20
 16.2000
 30
0.0
 42
  0.0000
 0
VERTEX
 8
PARTS
 10
 12.7500
 20
 16.2000
 30
0.0
 42
  0.0000
 0
VERTEX
 8
PARTS
 10
 12.7691
 20
 16.2000
 30
0.0
 42
  0.0000
 0
VERTEX
 8
PARTS
 10
 12.7854
 20
 16.2000
 30
0.0
 42
  0.0000
 0
VERTEX
 8
PARTS
 10
 12.7962
 20
 16.2000
 30
0.0
 42
  0.0000
 0
SEQEND
 8
PARTS
 0
TEXT
 8
PARTTEXT
 10
 15.7000
 20
 13.1186
 30
0.0
 40
  0.0514
 1
C18
 0
TEXT
 8
PARTTEXT
 10
 15.7000
 20
 13.0186
 30
0.0
 40
  0.0514
 1
.01uF
 0
LINE
 8
PARTS
 10
 15.6000
 20
 13.3000
 30
0.0
 11
 15.6000
 21
 13.2000
 31
0.0
 0
TEXT
 8
PARTS
 10
 15.6300
 20
 13.2600
 30
0.0
 40
  0.0500
 50
270.0000
 1

 0
LINE
 8
PARTS
 10
 15.6000
 20
 13.0000
 30
0.0
 11
 15.6000
 21
 13.1000
 31
0.0
 0
TEXT
 8
PARTS
 10
 15.6300
 20
 12.9800
 30
0.0
 40
  0.0500
 50
270.0000
 1

 0
POLYLINE
 8
PARTS
 66
1
 10
0.0
 20
0.0
 30
0.0
 0
VERTEX
 8
PARTS
 10
 15.5000
 20
 13.2000
 30
0.0
 0
VERTEX
 8
PARTS
 10
 15.7000
 20
 13.2000
 30
0.0
 0
SEQEND
 8
PARTS
 0
POLYLINE
 8
PARTS
 66
1
 10
0.0
 20
0.0
 30
0.0
 0
VERTEX
 8
PARTS
 10
 15.6000
 20
 13.1600
 30
0.0
 0
VERTEX
 8
PARTS
 10
 15.6000
 20
 13.1000
 30
0.0
 0
SEQEND
 8
PARTS
 0
POLYLINE
 8
PARTS
 66
1
 10
0.0
 20
0.0
 30
0.0
 0
VERTEX
 8
PARTS
 10
 15.7000
 20
 13.1300
 30
0.0
 42
  0.1654
 0
VERTEX
 8
PARTS
 10
 15.6000
 20
 13.1600
 30
0.0
 0
SEQEND
 8
PARTS
 0
POLYLINE
 8
PARTS
 66
1
 10
0.0
 20
0.0
 30
0.0
 0
VERTEX
 8
PARTS
 10
 15.6000
 20
 13.1600
 30
0.0
 42
  0.1654
 0
VERTEX
 8
PARTS
 10
 15.5000
 20
 13.1300
 30
0.0
 0
SEQEND
 8
PARTS
 0
TEXT
 8
PARTTEXT
 10
 16.3500
 20
 13.1186
 30
0.0
 40
  0.0514
 1
C19
 0
TEXT
 8
PARTTEXT
 10
 16.4000
 20
 12.9586
 30
0.0
 40
  0.0514
 1
4.7uF
 0
LINE
 8
PARTS
 10
 16.2000
 20
 13.3000
 30
0.0
 11
 16.2000
 21
 13.2000
 31
0.0
 0
TEXT
 8
PARTS
 10
 16.2300
 20
 13.3000
 30
0.0
 40
  0.0500
 50
270.0000
 1
1
 0
LINE
 8
PARTS
 10
 16.2000
 20
 13.0000
 30
0.0
 11
 16.2000
 21
 13.1000
 31
0.0
 0
TEXT
 8
PARTS
 10
 16.2300
 20
 12.9800
 30
0.0
 40
  0.0500
 50
270.0000
 1
2
 0
POLYLINE
 8
PARTS
 66
1
 10
0.0
 20
0.0
 30
0.0
 0
VERTEX
 8
PARTS
 10
 16.1000
 20
 13.2000
 30
0.0
 0
VERTEX
 8
PARTS
 10
 16.3000
 20
 13.2000
 30
0.0
 0
SEQEND
 8
PARTS
 0
POLYLINE
 8
PARTS
 66
1
 10
0.0
 20
0.0
 30
0.0
 0
VERTEX
 8
PARTS
 10
 16.2000
 20
 13.1600
 30
0.0
 0
VERTEX
 8
PARTS
 10
 16.2000
 20
 13.1000
 30
0.0
 0
SEQEND
 8
PARTS
 0
POLYLINE
 8
PARTS
 66
1
 10
0.0
 20
0.0
 30
0.0
 0
VERTEX
 8
PARTS
 10
 16.3000
 20
 13.1300
 30
0.0
 42
  0.1654
 0
VERTEX
 8
PARTS
 10
 16.2000
 20
 13.1600
 30
0.0
 0
SEQEND
 8
PARTS
 0
POLYLINE
 8
PARTS
 66
1
 10
0.0
 20
0.0
 30
0.0
 0
VERTEX
 8
PARTS
 10
 16.2000
 20
 13.1600
 30
0.0
 42
  0.1654
 0
VERTEX
 8
PARTS
 10
 16.1000
 20
 13.1300
 30
0.0
 0
SEQEND
 8
PARTS
 0
TEXT
 8
PARTTEXT
 10
 23.4000
 20
 12.3186
 30
0.0
 40
  0.0514
 1
R21
 0
TEXT
 8
PARTTEXT
 10
 23.3000
 20
 12.2186
 30
0.0
 40
  0.0514
 1
Zero Ohm
 0
LINE
 8
PARTS
 10
 23.2000
 20
 12.0000
 30
0.0
 11
 23.3000
 21
 12.0000
 31
0.0
 0
TEXT
 8
PARTS
 10
 23.2000
 20
 12.0300
 30
0.0
 40
  0.0500
 1
1
 0
LINE
 8
PARTS
 10
 23.7000
 20
 12.0000
 30
0.0
 11
 23.6000
 21
 12.0000
 31
0.0
 0
TEXT
 8
PARTS
 10
 23.6600
 20
 12.0300
 30
0.0
 40
  0.0500
 1
2
 0
LINE
 8
PARTS
 10
 23.2000
 20
 12.1000
 30
0.0
 11
 23.3000
 21
 12.1000
 31
0.0
 0
TEXT
 8
PARTS
 10
 23.2000
 20
 12.1300
 30
0.0
 40
  0.0500
 1
3
 0
LINE
 8
PARTS
 10
 23.7000
 20
 12.1000
 30
0.0
 11
 23.6000
 21
 12.1000
 31
0.0
 0
TEXT
 8
PARTS
 10
 23.6600
 20
 12.1300
 30
0.0
 40
  0.0500
 1
4
 0
POLYLINE
 8
PARTS
 66
1
 10
0.0
 20
0.0
 30
0.0
 0
VERTEX
 8
PARTS
 10
 23.3000
 20
 12.0000
 30
0.0
 0
VERTEX
 8
PARTS
 10
 23.3300
 20
 12.0300
 30
0.0
 0
SEQEND
 8
PARTS
 0
POLYLINE
 8
PARTS
 66
1
 10
0.0
 20
0.0
 30
0.0
 0
VERTEX
 8
PARTS
 10
 23.3300
 20
 12.0300
 30
0.0
 0
VERTEX
 8
PARTS
 10
 23.3900
 20
 11.9700
 30
0.0
 0
SEQEND
 8
PARTS
 0
POLYLINE
 8
PARTS
 66
1
 10
0.0
 20
0.0
 30
0.0
 0
VERTEX
 8
PARTS
 10
 23.3900
 20
 11.9700
 30
0.0
 0
VERTEX
 8
PARTS
 10
 23.4500
 20
 12.0300
 30
0.0
 0
SEQEND
 8
PARTS
 0
POLYLINE
 8
PARTS
 66
1
 10
0.0
 20
0.0
 30
0.0
 0
VERTEX
 8
PARTS
 10
 23.4500
 20
 12.0300
 30
0.0
 0
VERTEX
 8
PARTS
 10
 23.5100
 20
 11.9700
 30
0.0
 0
SEQEND
 8
PARTS
 0
POLYLINE
 8
PARTS
 66
1
 10
0.0
 20
0.0
 30
0.0
 0
VERTEX
 8
PARTS
 10
 23.5100
 20
 11.9700
 30
0.0
 0
VERTEX
 8
PARTS
 10
 23.5700
 20
 12.0300
 30
0.0
 0
SEQEND
 8
PARTS
 0
POLYLINE
 8
PARTS
 66
1
 10
0.0
 20
0.0
 30
0.0
 0
VERTEX
 8
PARTS
 10
 23.5700
 20
 12.0300
 30
0.0
 0
VERTEX
 8
PARTS
 10
 23.6000
 20
 12.0000
 30
0.0
 0
SEQEND
 8
PARTS
 0
POLYLINE
 8
PARTS
 66
1
 10
0.0
 20
0.0
 30
0.0
 0
VERTEX
 8
PARTS
 10
 23.3000
 20
 12.1000
 30
0.0
 0
VERTEX
 8
PARTS
 10
 23.3300
 20
 12.1300
 30
0.0
 0
SEQEND
 8
PARTS
 0
POLYLINE
 8
PARTS
 66
1
 10
0.0
 20
0.0
 30
0.0
 0
VERTEX
 8
PARTS
 10
 23.3300
 20
 12.1300
 30
0.0
 0
VERTEX
 8
PARTS
 10
 23.3900
 20
 12.0700
 30
0.0
 0
SEQEND
 8
PARTS
 0
POLYLINE
 8
PARTS
 66
1
 10
0.0
 20
0.0
 30
0.0
 0
VERTEX
 8
PARTS
 10
 23.3900
 20
 12.0700
 30
0.0
 0
VERTEX
 8
PARTS
 10
 23.4500
 20
 12.1300
 30
0.0
 0
SEQEND
 8
PARTS
 0
POLYLINE
 8
PARTS
 66
1
 10
0.0
 20
0.0
 30
0.0
 0
VERTEX
 8
PARTS
 10
 23.4500
 20
 12.1300
 30
0.0
 0
VERTEX
 8
PARTS
 10
 23.5100
 20
 12.0700
 30
0.0
 0
SEQEND
 8
PARTS
 0
POLYLINE
 8
PARTS
 66
1
 10
0.0
 20
0.0
 30
0.0
 0
VERTEX
 8
PARTS
 10
 23.5100
 20
 12.0700
 30
0.0
 0
VERTEX
 8
PARTS
 10
 23.5700
 20
 12.1300
 30
0.0
 0
SEQEND
 8
PARTS
 0
POLYLINE
 8
PARTS
 66
1
 10
0.0
 20
0.0
 30
0.0
 0
VERTEX
 8
PARTS
 10
 23.5700
 20
 12.1300
 30
0.0
 0
VERTEX
 8
PARTS
 10
 23.6000
 20
 12.1000
 30
0.0
 0
SEQEND
 8
PARTS
 0
POLYLINE
 8
PARTS
 66
1
 70
1
 10
0.0
 20
0.0
 30
0.0
 0
VERTEX
 8
PARTS
 10
 23.5500
 20
 12.0400
 30
0.0
 42
  0.0985
 0
VERTEX
 8
PARTS
 10
 23.5424
 20
 12.0783
 30
0.0
 42
  0.0985
 0
VERTEX
 8
PARTS
 10
 23.5207
 20
 12.1107
 30
0.0
 42
  0.0985
 0
VERTEX
 8
PARTS
 10
 23.4883
 20
 12.1324
 30
0.0
 42
  0.0985
 0
VERTEX
 8
PARTS
 10
 23.4500
 20
 12.1400
 30
0.0
 42
  0.0985
 0
VERTEX
 8
PARTS
 10
 23.4117
 20
 12.1324
 30
0.0
 42
  0.0985
 0
VERTEX
 8
PARTS
 10
 23.3793
 20
 12.1107
 30
0.0
 42
  0.0985
 0
VERTEX
 8
PARTS
 10
 23.3576
 20
 12.0783
 30
0.0
 42
  0.0985
 0
VERTEX
 8
PARTS
 10
 23.3500
 20
 12.0400
 30
0.0
 42
  0.0985
 0
VERTEX
 8
PARTS
 10
 23.3576
 20
 12.0017
 30
0.0
 42
  0.0985
 0
VERTEX
 8
PARTS
 10
 23.3793
 20
 11.9693
 30
0.0
 42
  0.0985
 0
VERTEX
 8
PARTS
 10
 23.4117
 20
 11.9476
 30
0.0
 42
  0.0985
 0
VERTEX
 8
PARTS
 10
 23.4500
 20
 11.9400
 30
0.0
 42
  0.0985
 0
VERTEX
 8
PARTS
 10
 23.4883
 20
 11.9476
 30
0.0
 42
  0.0985
 0
VERTEX
 8
PARTS
 10
 23.5207
 20
 11.9693
 30
0.0
 42
  0.0985
 0
VERTEX
 8
PARTS
 10
 23.5424
 20
 12.0017
 30
0.0
 42
  0.0985
 0
SEQEND
 8
PARTS
 0
POLYLINE
 8
PARTS
 66
1
 70
1
 10
0.0
 20
0.0
 30
0.0
 0
VERTEX
 8
PARTS
 10
 23.4000
 20
 12.1000
 30
0.0
 42
  0.0000
 0
VERTEX
 8
PARTS
 10
 23.3962
 20
 12.1000
 30
0.0
 42
  0.0000
 0
VERTEX
 8
PARTS
 10
 23.3854
 20
 12.1000
 30
0.0
 42
  0.0000
 0
VERTEX
 8
PARTS
 10
 23.3691
 20
 12.1000
 30
0.0
 42
  0.0000
 0
VERTEX
 8
PARTS
 10
 23.3500
 20
 12.1000
 30
0.0
 42
  0.0000
 0
VERTEX
 8
PARTS
 10
 23.3309
 20
 12.1000
 30
0.0
 42
  0.0000
 0
VERTEX
 8
PARTS
 10
 23.3146
 20
 12.1000
 30
0.0
 42
  0.0000
 0
VERTEX
 8
PARTS
 10
 23.3038
 20
 12.1000
 30
0.0
 42
  0.0000
 0
VERTEX
 8
PARTS
 10
 23.3000
 20
 12.1000
 30
0.0
 42
  0.0000
 0
VERTEX
 8
PARTS
 10
 23.3038
 20
 12.1000
 30
0.0
 42
  0.0000
 0
VERTEX
 8
PARTS
 10
 23.3146
 20
 12.1000
 30
0.0
 42
  0.0000
 0
VERTEX
 8
PARTS
 10
 23.3309
 20
 12.1000
 30
0.0
 42
  0.0000
 0
VERTEX
 8
PARTS
 10
 23.3500
 20
 12.1000
 30
0.0
 42
  0.0000
 0
VERTEX
 8
PARTS
 10
 23.3691
 20
 12.1000
 30
0.0
 42
  0.0000
 0
VERTEX
 8
PARTS
 10
 23.3854
 20
 12.1000
 30
0.0
 42
  0.0000
 0
VERTEX
 8
PARTS
 10
 23.3962
 20
 12.1000
 30
0.0
 42
  0.0000
 0
SEQEND
 8
PARTS
 0
TEXT
 8
PARTTEXT
 10
 23.3000
 20
 10.9186
 30
0.0
 40
  0.0514
 1
R36
 0
TEXT
 8
PARTTEXT
 10
 23.2000
 20
 10.8186
 30
0.0
 40
  0.0514
 1
Zero Ohm
 0
LINE
 8
PARTS
 10
 23.1000
 20
 10.6000
 30
0.0
 11
 23.2000
 21
 10.6000
 31
0.0
 0
TEXT
 8
PARTS
 10
 23.1000
 20
 10.6300
 30
0.0
 40
  0.0500
 1
1
 0
LINE
 8
PARTS
 10
 23.6000
 20
 10.6000
 30
0.0
 11
 23.5000
 21
 10.6000
 31
0.0
 0
TEXT
 8
PARTS
 10
 23.5600
 20
 10.6300
 30
0.0
 40
  0.0500
 1
2
 0
LINE
 8
PARTS
 10
 23.1000
 20
 10.7000
 30
0.0
 11
 23.2000
 21
 10.7000
 31
0.0
 0
TEXT
 8
PARTS
 10
 23.1000
 20
 10.7300
 30
0.0
 40
  0.0500
 1
3
 0
LINE
 8
PARTS
 10
 23.6000
 20
 10.7000
 30
0.0
 11
 23.5000
 21
 10.7000
 31
0.0
 0
TEXT
 8
PARTS
 10
 23.5600
 20
 10.7300
 30
0.0
 40
  0.0500
 1
4
 0
POLYLINE
 8
PARTS
 66
1
 10
0.0
 20
0.0
 30
0.0
 0
VERTEX
 8
PARTS
 10
 23.2000
 20
 10.6000
 30
0.0
 0
VERTEX
 8
PARTS
 10
 23.2300
 20
 10.6300
 30
0.0
 0
SEQEND
 8
PARTS
 0
POLYLINE
 8
PARTS
 66
1
 10
0.0
 20
0.0
 30
0.0
 0
VERTEX
 8
PARTS
 10
 23.2300
 20
 10.6300
 30
0.0
 0
VERTEX
 8
PARTS
 10
 23.2900
 20
 10.5700
 30
0.0
 0
SEQEND
 8
PARTS
 0
POLYLINE
 8
PARTS
 66
1
 10
0.0
 20
0.0
 30
0.0
 0
VERTEX
 8
PARTS
 10
 23.2900
 20
 10.5700
 30
0.0
 0
VERTEX
 8
PARTS
 10
 23.3500
 20
 10.6300
 30
0.0
 0
SEQEND
 8
PARTS
 0
POLYLINE
 8
PARTS
 66
1
 10
0.0
 20
0.0
 30
0.0
 0
VERTEX
 8
PARTS
 10
 23.3500
 20
 10.6300
 30
0.0
 0
VERTEX
 8
PARTS
 10
 23.4100
 20
 10.5700
 30
0.0
 0
SEQEND
 8
PARTS
 0
POLYLINE
 8
PARTS
 66
1
 10
0.0
 20
0.0
 30
0.0
 0
VERTEX
 8
PARTS
 10
 23.4100
 20
 10.5700
 30
0.0
 0
VERTEX
 8
PARTS
 10
 23.4700
 20
 10.6300
 30
0.0
 0
SEQEND
 8
PARTS
 0
POLYLINE
 8
PARTS
 66
1
 10
0.0
 20
0.0
 30
0.0
 0
VERTEX
 8
PARTS
 10
 23.4700
 20
 10.6300
 30
0.0
 0
VERTEX
 8
PARTS
 10
 23.5000
 20
 10.6000
 30
0.0
 0
SEQEND
 8
PARTS
 0
POLYLINE
 8
PARTS
 66
1
 10
0.0
 20
0.0
 30
0.0
 0
VERTEX
 8
PARTS
 10
 23.2000
 20
 10.7000
 30
0.0
 0
VERTEX
 8
PARTS
 10
 23.2300
 20
 10.7300
 30
0.0
 0
SEQEND
 8
PARTS
 0
POLYLINE
 8
PARTS
 66
1
 10
0.0
 20
0.0
 30
0.0
 0
VERTEX
 8
PARTS
 10
 23.2300
 20
 10.7300
 30
0.0
 0
VERTEX
 8
PARTS
 10
 23.2900
 20
 10.6700
 30
0.0
 0
SEQEND
 8
PARTS
 0
POLYLINE
 8
PARTS
 66
1
 10
0.0
 20
0.0
 30
0.0
 0
VERTEX
 8
PARTS
 10
 23.2900
 20
 10.6700
 30
0.0
 0
VERTEX
 8
PARTS
 10
 23.3500
 20
 10.7300
 30
0.0
 0
SEQEND
 8
PARTS
 0
POLYLINE
 8
PARTS
 66
1
 10
0.0
 20
0.0
 30
0.0
 0
VERTEX
 8
PARTS
 10
 23.3500
 20
 10.7300
 30
0.0
 0
VERTEX
 8
PARTS
 10
 23.4100
 20
 10.6700
 30
0.0
 0
SEQEND
 8
PARTS
 0
POLYLINE
 8
PARTS
 66
1
 10
0.0
 20
0.0
 30
0.0
 0
VERTEX
 8
PARTS
 10
 23.4100
 20
 10.6700
 30
0.0
 0
VERTEX
 8
PARTS
 10
 23.4700
 20
 10.7300
 30
0.0
 0
SEQEND
 8
PARTS
 0
POLYLINE
 8
PARTS
 66
1
 10
0.0
 20
0.0
 30
0.0
 0
VERTEX
 8
PARTS
 10
 23.4700
 20
 10.7300
 30
0.0
 0
VERTEX
 8
PARTS
 10
 23.5000
 20
 10.7000
 30
0.0
 0
SEQEND
 8
PARTS
 0
POLYLINE
 8
PARTS
 66
1
 70
1
 10
0.0
 20
0.0
 30
0.0
 0
VERTEX
 8
PARTS
 10
 23.4500
 20
 10.6400
 30
0.0
 42
  0.0985
 0
VERTEX
 8
PARTS
 10
 23.4424
 20
 10.6783
 30
0.0
 42
  0.0985
 0
VERTEX
 8
PARTS
 10
 23.4207
 20
 10.7107
 30
0.0
 42
  0.0985
 0
VERTEX
 8
PARTS
 10
 23.3883
 20
 10.7324
 30
0.0
 42
  0.0985
 0
VERTEX
 8
PARTS
 10
 23.3500
 20
 10.7400
 30
0.0
 42
  0.0985
 0
VERTEX
 8
PARTS
 10
 23.3117
 20
 10.7324
 30
0.0
 42
  0.0985
 0
VERTEX
 8
PARTS
 10
 23.2793
 20
 10.7107
 30
0.0
 42
  0.0985
 0
VERTEX
 8
PARTS
 10
 23.2576
 20
 10.6783
 30
0.0
 42
  0.0985
 0
VERTEX
 8
PARTS
 10
 23.2500
 20
 10.6400
 30
0.0
 42
  0.0985
 0
VERTEX
 8
PARTS
 10
 23.2576
 20
 10.6017
 30
0.0
 42
  0.0985
 0
VERTEX
 8
PARTS
 10
 23.2793
 20
 10.5693
 30
0.0
 42
  0.0985
 0
VERTEX
 8
PARTS
 10
 23.3117
 20
 10.5476
 30
0.0
 42
  0.0985
 0
VERTEX
 8
PARTS
 10
 23.3500
 20
 10.5400
 30
0.0
 42
  0.0985
 0
VERTEX
 8
PARTS
 10
 23.3883
 20
 10.5476
 30
0.0
 42
  0.0985
 0
VERTEX
 8
PARTS
 10
 23.4207
 20
 10.5693
 30
0.0
 42
  0.0985
 0
VERTEX
 8
PARTS
 10
 23.4424
 20
 10.6017
 30
0.0
 42
  0.0985
 0
SEQEND
 8
PARTS
 0
POLYLINE
 8
PARTS
 66
1
 70
1
 10
0.0
 20
0.0
 30
0.0
 0
VERTEX
 8
PARTS
 10
 23.3000
 20
 10.7000
 30
0.0
 42
  0.0000
 0
VERTEX
 8
PARTS
 10
 23.2962
 20
 10.7000
 30
0.0
 42
  0.0000
 0
VERTEX
 8
PARTS
 10
 23.2854
 20
 10.7000
 30
0.0
 42
  0.0000
 0
VERTEX
 8
PARTS
 10
 23.2691
 20
 10.7000
 30
0.0
 42
  0.0000
 0
VERTEX
 8
PARTS
 10
 23.2500
 20
 10.7000
 30
0.0
 42
  0.0000
 0
VERTEX
 8
PARTS
 10
 23.2309
 20
 10.7000
 30
0.0
 42
  0.0000
 0
VERTEX
 8
PARTS
 10
 23.2146
 20
 10.7000
 30
0.0
 42
  0.0000
 0
VERTEX
 8
PARTS
 10
 23.2038
 20
 10.7000
 30
0.0
 42
  0.0000
 0
VERTEX
 8
PARTS
 10
 23.2000
 20
 10.7000
 30
0.0
 42
  0.0000
 0
VERTEX
 8
PARTS
 10
 23.2038
 20
 10.7000
 30
0.0
 42
  0.0000
 0
VERTEX
 8
PARTS
 10
 23.2146
 20
 10.7000
 30
0.0
 42
  0.0000
 0
VERTEX
 8
PARTS
 10
 23.2309
 20
 10.7000
 30
0.0
 42
  0.0000
 0
VERTEX
 8
PARTS
 10
 23.2500
 20
 10.7000
 30
0.0
 42
  0.0000
 0
VERTEX
 8
PARTS
 10
 23.2691
 20
 10.7000
 30
0.0
 42
  0.0000
 0
VERTEX
 8
PARTS
 10
 23.2854
 20
 10.7000
 30
0.0
 42
  0.0000
 0
VERTEX
 8
PARTS
 10
 23.2962
 20
 10.7000
 30
0.0
 42
  0.0000
 0
SEQEND
 8
PARTS
 0
TEXT
 8
PARTTEXT
 10
 25.8500
 20
 11.4186
 30
0.0
 40
  0.0514
 1
R30
 0
LINE
 8
PARTS
 10
 25.7000
 20
 11.1000
 30
0.0
 11
 25.7000
 21
 11.2000
 31
0.0
 0
TEXT
 8
PARTS
 10
 25.7300
 20
 11.0800
 30
0.0
 40
  0.0500
 50
270.0000
 1
1
 0
LINE
 8
PARTS
 10
 25.7000
 20
 11.6000
 30
0.0
 11
 25.7000
 21
 11.5000
 31
0.0
 0
TEXT
 8
PARTS
 10
 25.7300
 20
 11.6000
 30
0.0
 40
  0.0500
 50
270.0000
 1
2
 0
POLYLINE
 8
PARTS
 66
1
 10
0.0
 20
0.0
 30
0.0
 0
VERTEX
 8
PARTS
 10
 25.7000
 20
 11.2000
 30
0.0
 0
VERTEX
 8
PARTS
 10
 25.6700
 20
 11.2300
 30
0.0
 0
SEQEND
 8
PARTS
 0
POLYLINE
 8
PARTS
 66
1
 10
0.0
 20
0.0
 30
0.0
 0
VERTEX
 8
PARTS
 10
 25.6700
 20
 11.2300
 30
0.0
 0
VERTEX
 8
PARTS
 10
 25.7300
 20
 11.2900
 30
0.0
 0
SEQEND
 8
PARTS
 0
POLYLINE
 8
PARTS
 66
1
 10
0.0
 20
0.0
 30
0.0
 0
VERTEX
 8
PARTS
 10
 25.7300
 20
 11.2900
 30
0.0
 0
VERTEX
 8
PARTS
 10
 25.6700
 20
 11.3500
 30
0.0
 0
SEQEND
 8
PARTS
 0
POLYLINE
 8
PARTS
 66
1
 10
0.0
 20
0.0
 30
0.0
 0
VERTEX
 8
PARTS
 10
 25.6700
 20
 11.3500
 30
0.0
 0
VERTEX
 8
PARTS
 10
 25.7300
 20
 11.4100
 30
0.0
 0
SEQEND
 8
PARTS
 0
POLYLINE
 8
PARTS
 66
1
 10
0.0
 20
0.0
 30
0.0
 0
VERTEX
 8
PARTS
 10
 25.7300
 20
 11.4100
 30
0.0
 0
VERTEX
 8
PARTS
 10
 25.6700
 20
 11.4700
 30
0.0
 0
SEQEND
 8
PARTS
 0
POLYLINE
 8
PARTS
 66
1
 10
0.0
 20
0.0
 30
0.0
 0
VERTEX
 8
PARTS
 10
 25.6700
 20
 11.4700
 30
0.0
 0
VERTEX
 8
PARTS
 10
 25.7000
 20
 11.5000
 30
0.0
 0
SEQEND
 8
PARTS
 0
TEXT
 8
PARTTEXT
 10
  1.0000
 20
 17.7186
 30
0.0
 40
  0.0514
 1
J1
 0
TEXT
 8
PARTTEXT
 10
  0.9000
 20
 17.6186
 30
0.0
 40
  0.0514
 1
BNCdualport
 0
LINE
 8
PARTS
 10
  1.5000
 20
 17.2000
 30
0.0
 11
  1.2000
 21
 17.2000
 31
0.0
 0
TEXT
 8
PARTS
 10
  1.2600
 20
 17.2300
 30
0.0
 40
  0.0500
 1
1
 0
LINE
 8
PARTS
 10
  1.3000
 20
 17.4000
 30
0.0
 11
  1.2000
 21
 17.4000
 31
0.0
 0
TEXT
 8
PARTS
 10
  1.2600
 20
 17.4300
 30
0.0
 40
  0.0500
 1
2
 0
LINE
 8
PARTS
 10
  1.5000
 20
 17.1000
 30
0.0
 11
  1.2000
 21
 17.1000
 31
0.0
 0
TEXT
 8
PARTS
 10
  1.2600
 20
 17.1300
 30
0.0
 40
  0.0500
 1
3
 0
LINE
 8
PARTS
 10
  1.3000
 20
 16.9000
 30
0.0
 11
  1.2000
 21
 16.9000
 31
0.0
 0
TEXT
 8
PARTS
 10
  1.2600
 20
 16.9300
 30
0.0
 40
  0.0500
 1
4
 0
LINE
 8
PARTS
 10
  0.8000
 20
 17.0000
 30
0.0
 11
  0.9000
 21
 17.0000
 31
0.0
 0
TEXT
 8
PARTS
 10
  0.8000
 20
 17.0300
 30
0.0
 40
  0.0500
 1
5
 0
LINE
 8
PARTS
 10
  0.8000
 20
 17.3000
 30
0.0
 11
  0.9000
 21
 17.3000
 31
0.0
 0
TEXT
 8
PARTS
 10
  0.8000
 20
 17.3300
 30
0.0
 40
  0.0500
 1
6
 0
POLYLINE
 8
PARTS
 66
1
 70
1
 10
0.0
 20
0.0
 30
0.0
 0
VERTEX
 8
PARTS
 10
  1.1300
 20
 17.4000
 30
0.0
 42
  0.0985
 0
VERTEX
 8
PARTS
 10
  1.1277
 20
 17.4115
 30
0.0
 42
  0.0985
 0
VERTEX
 8
PARTS
 10
  1.1212
 20
 17.4212
 30
0.0
 42
  0.0985
 0
VERTEX
 8
PARTS
 10
  1.1115
 20
 17.4277
 30
0.0
 42
  0.0985
 0
VERTEX
 8
PARTS
 10
  1.1000
 20
 17.4300
 30
0.0
 42
  0.0985
 0
VERTEX
 8
PARTS
 10
  1.0885
 20
 17.4277
 30
0.0
 42
  0.0985
 0
VERTEX
 8
PARTS
 10
  1.0788
 20
 17.4212
 30
0.0
 42
  0.0985
 0
VERTEX
 8
PARTS
 10
  1.0723
 20
 17.4115
 30
0.0
 42
  0.0985
 0
VERTEX
 8
PARTS
 10
  1.0700
 20
 17.4000
 30
0.0
 42
  0.0985
 0
VERTEX
 8
PARTS
 10
  1.0723
 20
 17.3885
 30
0.0
 42
  0.0985
 0
VERTEX
 8
PARTS
 10
  1.0788
 20
 17.3788
 30
0.0
 42
  0.0985
 0
VERTEX
 8
PARTS
 10
  1.0885
 20
 17.3723
 30
0.0
 42
  0.0985
 0
VERTEX
 8
PARTS
 10
  1.1000
 20
 17.3700
 30
0.0
 42
  0.0985
 0
VERTEX
 8
PARTS
 10
  1.1115
 20
 17.3723
 30
0.0
 42
  0.0985
 0
VERTEX
 8
PARTS
 10
  1.1212
 20
 17.3788
 30
0.0
 42
  0.0985
 0
VERTEX
 8
PARTS
 10
  1.1277
 20
 17.3885
 30
0.0
 42
  0.0985
 0
SEQEND
 8
PARTS
 0
POLYLINE
 8
PARTS
 66
1
 10
0.0
 20
0.0
 30
0.0
 0
VERTEX
 8
PARTS
 10
  1.2000
 20
 17.4000
 30
0.0
 0
VERTEX
 8
PARTS
 10
  1.1300
 20
 17.4000
 30
0.0
 0
SEQEND
 8
PARTS
 0
POLYLINE
 8
PARTS
 66
1
 70
1
 10
0.0
 20
0.0
 30
0.0
 0
VERTEX
 8
PARTS
 10
  1.2000
 20
 17.4000
 30
0.0
 42
  0.0985
 0
VERTEX
 8
PARTS
 10
  1.1924
 20
 17.4383
 30
0.0
 42
  0.0985
 0
VERTEX
 8
PARTS
 10
  1.1707
 20
 17.4707
 30
0.0
 42
  0.0985
 0
VERTEX
 8
PARTS
 10
  1.1383
 20
 17.4924
 30
0.0
 42
  0.0985
 0
VERTEX
 8
PARTS
 10
  1.1000
 20
 17.5000
 30
0.0
 42
  0.0985
 0
VERTEX
 8
PARTS
 10
  1.0617
 20
 17.4924
 30
0.0
 42
  0.0985
 0
VERTEX
 8
PARTS
 10
  1.0293
 20
 17.4707
 30
0.0
 42
  0.0985
 0
VERTEX
 8
PARTS
 10
  1.0076
 20
 17.4383
 30
0.0
 42
  0.0985
 0
VERTEX
 8
PARTS
 10
  1.0000
 20
 17.4000
 30
0.0
 42
  0.0985
 0
VERTEX
 8
PARTS
 10
  1.0076
 20
 17.3617
 30
0.0
 42
  0.0985
 0
VERTEX
 8
PARTS
 10
  1.0293
 20
 17.3293
 30
0.0
 42
  0.0985
 0
VERTEX
 8
PARTS
 10
  1.0617
 20
 17.3076
 30
0.0
 42
  0.0985
 0
VERTEX
 8
PARTS
 10
  1.1000
 20
 17.3000
 30
0.0
 42
  0.0985
 0
VERTEX
 8
PARTS
 10
  1.1383
 20
 17.3076
 30
0.0
 42
  0.0985
 0
VERTEX
 8
PARTS
 10
  1.1707
 20
 17.3293
 30
0.0
 42
  0.0985
 0
VERTEX
 8
PARTS
 10
  1.1924
 20
 17.3617
 30
0.0
 42
  0.0985
 0
SEQEND
 8
PARTS
 0
POLYLINE
 8
PARTS
 66
1
 70
1
 10
0.0
 20
0.0
 30
0.0
 0
VERTEX
 8
PARTS
 10
  1.2000
 20
 16.9000
 30
0.0
 42
  0.0985
 0
VERTEX
 8
PARTS
 10
  1.1924
 20
 16.9383
 30
0.0
 42
  0.0985
 0
VERTEX
 8
PARTS
 10
  1.1707
 20
 16.9707
 30
0.0
 42
  0.0985
 0
VERTEX
 8
PARTS
 10
  1.1383
 20
 16.9924
 30
0.0
 42
  0.0985
 0
VERTEX
 8
PARTS
 10
  1.1000
 20
 17.0000
 30
0.0
 42
  0.0985
 0
VERTEX
 8
PARTS
 10
  1.0617
 20
 16.9924
 30
0.0
 42
  0.0985
 0
VERTEX
 8
PARTS
 10
  1.0293
 20
 16.9707
 30
0.0
 42
  0.0985
 0
VERTEX
 8
PARTS
 10
  1.0076
 20
 16.9383
 30
0.0
 42
  0.0985
 0
VERTEX
 8
PARTS
 10
  1.0000
 20
 16.9000
 30
0.0
 42
  0.0985
 0
VERTEX
 8
PARTS
 10
  1.0076
 20
 16.8617
 30
0.0
 42
  0.0985
 0
VERTEX
 8
PARTS
 10
  1.0293
 20
 16.8293
 30
0.0
 42
  0.0985
 0
VERTEX
 8
PARTS
 10
  1.0617
 20
 16.8076
 30
0.0
 42
  0.0985
 0
VERTEX
 8
PARTS
 10
  1.1000
 20
 16.8000
 30
0.0
 42
  0.0985
 0
VERTEX
 8
PARTS
 10
  1.1383
 20
 16.8076
 30
0.0
 42
  0.0985
 0
VERTEX
 8
PARTS
 10
  1.1707
 20
 16.8293
 30
0.0
 42
  0.0985
 0
VERTEX
 8
PARTS
 10
  1.1924
 20
 16.8617
 30
0.0
 42
  0.0985
 0
SEQEND
 8
PARTS
 0
POLYLINE
 8
PARTS
 66
1
 10
0.0
 20
0.0
 30
0.0
 0
VERTEX
 8
PARTS
 10
  1.2000
 20
 17.2000
 30
0.0
 0
VERTEX
 8
PARTS
 10
  1.2000
 20
 17.2000
 30
0.0
 0
VERTEX
 8
PARTS
 10
  1.1000
 20
 17.2000
 30
0.0
 0
SEQEND
 8
PARTS
 0
POLYLINE
 8
PARTS
 66
1
 10
0.0
 20
0.0
 30
0.0
 0
VERTEX
 8
PARTS
 10
  1.2000
 20
 17.1000
 30
0.0
 0
VERTEX
 8
PARTS
 10
  1.2000
 20
 17.1000
 30
0.0
 0
VERTEX
 8
PARTS
 10
  1.1000
 20
 17.1000
 30
0.0
 0
VERTEX
 8
PARTS
 10
  1.1000
 20
 17.0000
 30
0.0
 0
SEQEND
 8
PARTS
 0
POLYLINE
 8
PARTS
 66
1
 10
0.0
 20
0.0
 30
0.0
 0
VERTEX
 8
PARTS
 10
  1.1000
 20
 17.2000
 30
0.0
 0
VERTEX
 8
PARTS
 10
  1.1000
 20
 17.2000
 30
0.0
 0
VERTEX
 8
PARTS
 10
  1.1000
 20
 17.3000
 30
0.0
 0
SEQEND
 8
PARTS
 0
POLYLINE
 8
PARTS
 66
1
 70
1
 10
0.0
 20
0.0
 30
0.0
 0
VERTEX
 8
PARTS
 10
  1.1300
 20
 16.9000
 30
0.0
 42
  0.0985
 0
VERTEX
 8
PARTS
 10
  1.1277
 20
 16.9115
 30
0.0
 42
  0.0985
 0
VERTEX
 8
PARTS
 10
  1.1212
 20
 16.9212
 30
0.0
 42
  0.0985
 0
VERTEX
 8
PARTS
 10
  1.1115
 20
 16.9277
 30
0.0
 42
  0.0985
 0
VERTEX
 8
PARTS
 10
  1.1000
 20
 16.9300
 30
0.0
 42
  0.0985
 0
VERTEX
 8
PARTS
 10
  1.0885
 20
 16.9277
 30
0.0
 42
  0.0985
 0
VERTEX
 8
PARTS
 10
  1.0788
 20
 16.9212
 30
0.0
 42
  0.0985
 0
VERTEX
 8
PARTS
 10
  1.0723
 20
 16.9115
 30
0.0
 42
  0.0985
 0
VERTEX
 8
PARTS
 10
  1.0700
 20
 16.9000
 30
0.0
 42
  0.0985
 0
VERTEX
 8
PARTS
 10
  1.0723
 20
 16.8885
 30
0.0
 42
  0.0985
 0
VERTEX
 8
PARTS
 10
  1.0788
 20
 16.8788
 30
0.0
 42
  0.0985
 0
VERTEX
 8
PARTS
 10
  1.0885
 20
 16.8723
 30
0.0
 42
  0.0985
 0
VERTEX
 8
PARTS
 10
  1.1000
 20
 16.8700
 30
0.0
 42
  0.0985
 0
VERTEX
 8
PARTS
 10
  1.1115
 20
 16.8723
 30
0.0
 42
  0.0985
 0
VERTEX
 8
PARTS
 10
  1.1212
 20
 16.8788
 30
0.0
 42
  0.0985
 0
VERTEX
 8
PARTS
 10
  1.1277
 20
 16.8885
 30
0.0
 42
  0.0985
 0
SEQEND
 8
PARTS
 0
POLYLINE
 8
PARTS
 66
1
 10
0.0
 20
0.0
 30
0.0
 0
VERTEX
 8
PARTS
 10
  1.2000
 20
 16.9000
 30
0.0
 0
VERTEX
 8
PARTS
 10
  1.1000
 20
 16.9000
 30
0.0
 0
SEQEND
 8
PARTS
 0
POLYLINE
 8
PARTS
 66
1
 70
1
 10
0.0
 20
0.0
 30
0.0
 0
VERTEX
 8
PARTS
 10
  0.9000
 20
 17.5000
 30
0.0
 0
VERTEX
 8
PARTS
 10
  1.2000
 20
 17.5000
 30
0.0
 0
VERTEX
 8
PARTS
 10
  1.2000
 20
 16.8000
 30
0.0
 0
VERTEX
 8
PARTS
 10
  0.9000
 20
 16.8000
 30
0.0
 0
SEQEND
 8
PARTS
 0
TEXT
 8
PARTTEXT
 10
  5.0000
 20
  6.1186
 30
0.0
 40
  0.0514
 1
R45
 0
TEXT
 8
PARTTEXT
 10
  5.0000
 20
  5.9186
 30
0.0
 40
  0.0514
 1
20k
 0
LINE
 8
PARTS
 10
  4.9000
 20
  5.8000
 30
0.0
 11
  4.9000
 21
  5.9000
 31
0.0
 0
TEXT
 8
PARTS
 10
  4.9300
 20
  5.7800
 30
0.0
 40
  0.0500
 50
270.0000
 1
1
 0
LINE
 8
PARTS
 10
  4.9000
 20
  6.3000
 30
0.0
 11
  4.9000
 21
  6.2000
 31
0.0
 0
TEXT
 8
PARTS
 10
  4.9300
 20
  6.3000
 30
0.0
 40
  0.0500
 50
270.0000
 1
2
 0
POLYLINE
 8
PARTS
 66
1
 10
0.0
 20
0.0
 30
0.0
 0
VERTEX
 8
PARTS
 10
  4.9000
 20
  5.9000
 30
0.0
 0
VERTEX
 8
PARTS
 10
  4.8700
 20
  5.9300
 30
0.0
 0
SEQEND
 8
PARTS
 0
POLYLINE
 8
PARTS
 66
1
 10
0.0
 20
0.0
 30
0.0
 0
VERTEX
 8
PARTS
 10
  4.8700
 20
  5.9300
 30
0.0
 0
VERTEX
 8
PARTS
 10
  4.9300
 20
  5.9900
 30
0.0
 0
SEQEND
 8
PARTS
 0
POLYLINE
 8
PARTS
 66
1
 10
0.0
 20
0.0
 30
0.0
 0
VERTEX
 8
PARTS
 10
  4.9300
 20
  5.9900
 30
0.0
 0
VERTEX
 8
PARTS
 10
  4.8700
 20
  6.0500
 30
0.0
 0
SEQEND
 8
PARTS
 0
POLYLINE
 8
PARTS
 66
1
 10
0.0
 20
0.0
 30
0.0
 0
VERTEX
 8
PARTS
 10
  4.8700
 20
  6.0500
 30
0.0
 0
VERTEX
 8
PARTS
 10
  4.9300
 20
  6.1100
 30
0.0
 0
SEQEND
 8
PARTS
 0
POLYLINE
 8
PARTS
 66
1
 10
0.0
 20
0.0
 30
0.0
 0
VERTEX
 8
PARTS
 10
  4.9300
 20
  6.1100
 30
0.0
 0
VERTEX
 8
PARTS
 10
  4.8700
 20
  6.1700
 30
0.0
 0
SEQEND
 8
PARTS
 0
POLYLINE
 8
PARTS
 66
1
 10
0.0
 20
0.0
 30
0.0
 0
VERTEX
 8
PARTS
 10
  4.8700
 20
  6.1700
 30
0.0
 0
VERTEX
 8
PARTS
 10
  4.9000
 20
  6.2000
 30
0.0
 0
SEQEND
 8
PARTS
 0
TEXT
 8
PARTTEXT
 10
  5.1000
 20
  6.9186
 30
0.0
 40
  0.0514
 1
R38
 0
TEXT
 8
PARTTEXT
 10
  5.1000
 20
  6.7186
 30
0.0
 40
  0.0514
 1
20k
 0
LINE
 8
PARTS
 10
  4.9000
 20
  6.6000
 30
0.0
 11
  4.9000
 21
  6.7000
 31
0.0
 0
TEXT
 8
PARTS
 10
  4.9300
 20
  6.5800
 30
0.0
 40
  0.0500
 50
270.0000
 1
1
 0
LINE
 8
PARTS
 10
  4.9000
 20
  7.1000
 30
0.0
 11
  4.9000
 21
  7.0000
 31
0.0
 0
TEXT
 8
PARTS
 10
  4.9300
 20
  7.1000
 30
0.0
 40
  0.0500
 50
270.0000
 1
2
 0
POLYLINE
 8
PARTS
 66
1
 10
0.0
 20
0.0
 30
0.0
 0
VERTEX
 8
PARTS
 10
  4.9000
 20
  6.7000
 30
0.0
 0
VERTEX
 8
PARTS
 10
  4.8700
 20
  6.7300
 30
0.0
 0
SEQEND
 8
PARTS
 0
POLYLINE
 8
PARTS
 66
1
 10
0.0
 20
0.0
 30
0.0
 0
VERTEX
 8
PARTS
 10
  4.8700
 20
  6.7300
 30
0.0
 0
VERTEX
 8
PARTS
 10
  4.9300
 20
  6.7900
 30
0.0
 0
SEQEND
 8
PARTS
 0
POLYLINE
 8
PARTS
 66
1
 10
0.0
 20
0.0
 30
0.0
 0
VERTEX
 8
PARTS
 10
  4.9300
 20
  6.7900
 30
0.0
 0
VERTEX
 8
PARTS
 10
  4.8700
 20
  6.8500
 30
0.0
 0
SEQEND
 8
PARTS
 0
POLYLINE
 8
PARTS
 66
1
 10
0.0
 20
0.0
 30
0.0
 0
VERTEX
 8
PARTS
 10
  4.8700
 20
  6.8500
 30
0.0
 0
VERTEX
 8
PARTS
 10
  4.9300
 20
  6.9100
 30
0.0
 0
SEQEND
 8
PARTS
 0
POLYLINE
 8
PARTS
 66
1
 10
0.0
 20
0.0
 30
0.0
 0
VERTEX
 8
PARTS
 10
  4.9300
 20
  6.9100
 30
0.0
 0
VERTEX
 8
PARTS
 10
  4.8700
 20
  6.9700
 30
0.0
 0
SEQEND
 8
PARTS
 0
POLYLINE
 8
PARTS
 66
1
 10
0.0
 20
0.0
 30
0.0
 0
VERTEX
 8
PARTS
 10
  4.8700
 20
  6.9700
 30
0.0
 0
VERTEX
 8
PARTS
 10
  4.9000
 20
  7.0000
 30
0.0
 0
SEQEND
 8
PARTS
 0
TEXT
 8
PARTTEXT
 10
 12.9000
 20
 17.8186
 30
0.0
 40
  0.0514
 1
R2
 0
TEXT
 8
PARTTEXT
 10
 12.8000
 20
 17.7186
 30
0.0
 40
  0.0514
 1
Zero Ohm
 0
LINE
 8
PARTS
 10
 12.7000
 20
 17.5000
 30
0.0
 11
 12.8000
 21
 17.5000
 31
0.0
 0
TEXT
 8
PARTS
 10
 12.7000
 20
 17.5300
 30
0.0
 40
  0.0500
 1
1
 0
LINE
 8
PARTS
 10
 13.2000
 20
 17.5000
 30
0.0
 11
 13.1000
 21
 17.5000
 31
0.0
 0
TEXT
 8
PARTS
 10
 13.1600
 20
 17.5300
 30
0.0
 40
  0.0500
 1
2
 0
LINE
 8
PARTS
 10
 12.7000
 20
 17.6000
 30
0.0
 11
 12.8000
 21
 17.6000
 31
0.0
 0
TEXT
 8
PARTS
 10
 12.7000
 20
 17.6300
 30
0.0
 40
  0.0500
 1
3
 0
LINE
 8
PARTS
 10
 13.2000
 20
 17.6000
 30
0.0
 11
 13.1000
 21
 17.6000
 31
0.0
 0
TEXT
 8
PARTS
 10
 13.1600
 20
 17.6300
 30
0.0
 40
  0.0500
 1
4
 0
POLYLINE
 8
PARTS
 66
1
 10
0.0
 20
0.0
 30
0.0
 0
VERTEX
 8
PARTS
 10
 12.8000
 20
 17.5000
 30
0.0
 0
VERTEX
 8
PARTS
 10
 12.8300
 20
 17.5300
 30
0.0
 0
SEQEND
 8
PARTS
 0
POLYLINE
 8
PARTS
 66
1
 10
0.0
 20
0.0
 30
0.0
 0
VERTEX
 8
PARTS
 10
 12.8300
 20
 17.5300
 30
0.0
 0
VERTEX
 8
PARTS
 10
 12.8900
 20
 17.4700
 30
0.0
 0
SEQEND
 8
PARTS
 0
POLYLINE
 8
PARTS
 66
1
 10
0.0
 20
0.0
 30
0.0
 0
VERTEX
 8
PARTS
 10
 12.8900
 20
 17.4700
 30
0.0
 0
VERTEX
 8
PARTS
 10
 12.9500
 20
 17.5300
 30
0.0
 0
SEQEND
 8
PARTS
 0
POLYLINE
 8
PARTS
 66
1
 10
0.0
 20
0.0
 30
0.0
 0
VERTEX
 8
PARTS
 10
 12.9500
 20
 17.5300
 30
0.0
 0
VERTEX
 8
PARTS
 10
 13.0100
 20
 17.4700
 30
0.0
 0
SEQEND
 8
PARTS
 0
POLYLINE
 8
PARTS
 66
1
 10
0.0
 20
0.0
 30
0.0
 0
VERTEX
 8
PARTS
 10
 13.0100
 20
 17.4700
 30
0.0
 0
VERTEX
 8
PARTS
 10
 13.0700
 20
 17.5300
 30
0.0
 0
SEQEND
 8
PARTS
 0
POLYLINE
 8
PARTS
 66
1
 10
0.0
 20
0.0
 30
0.0
 0
VERTEX
 8
PARTS
 10
 13.0700
 20
 17.5300
 30
0.0
 0
VERTEX
 8
PARTS
 10
 13.1000
 20
 17.5000
 30
0.0
 0
SEQEND
 8
PARTS
 0
POLYLINE
 8
PARTS
 66
1
 10
0.0
 20
0.0
 30
0.0
 0
VERTEX
 8
PARTS
 10
 12.8000
 20
 17.6000
 30
0.0
 0
VERTEX
 8
PARTS
 10
 12.8300
 20
 17.6300
 30
0.0
 0
SEQEND
 8
PARTS
 0
POLYLINE
 8
PARTS
 66
1
 10
0.0
 20
0.0
 30
0.0
 0
VERTEX
 8
PARTS
 10
 12.8300
 20
 17.6300
 30
0.0
 0
VERTEX
 8
PARTS
 10
 12.8900
 20
 17.5700
 30
0.0
 0
SEQEND
 8
PARTS
 0
POLYLINE
 8
PARTS
 66
1
 10
0.0
 20
0.0
 30
0.0
 0
VERTEX
 8
PARTS
 10
 12.8900
 20
 17.5700
 30
0.0
 0
VERTEX
 8
PARTS
 10
 12.9500
 20
 17.6300
 30
0.0
 0
SEQEND
 8
PARTS
 0
POLYLINE
 8
PARTS
 66
1
 10
0.0
 20
0.0
 30
0.0
 0
VERTEX
 8
PARTS
 10
 12.9500
 20
 17.6300
 30
0.0
 0
VERTEX
 8
PARTS
 10
 13.0100
 20
 17.5700
 30
0.0
 0
SEQEND
 8
PARTS
 0
POLYLINE
 8
PARTS
 66
1
 10
0.0
 20
0.0
 30
0.0
 0
VERTEX
 8
PARTS
 10
 13.0100
 20
 17.5700
 30
0.0
 0
VERTEX
 8
PARTS
 10
 13.0700
 20
 17.6300
 30
0.0
 0
SEQEND
 8
PARTS
 0
POLYLINE
 8
PARTS
 66
1
 10
0.0
 20
0.0
 30
0.0
 0
VERTEX
 8
PARTS
 10
 13.0700
 20
 17.6300
 30
0.0
 0
VERTEX
 8
PARTS
 10
 13.1000
 20
 17.6000
 30
0.0
 0
SEQEND
 8
PARTS
 0
POLYLINE
 8
PARTS
 66
1
 70
1
 10
0.0
 20
0.0
 30
0.0
 0
VERTEX
 8
PARTS
 10
 13.0500
 20
 17.5400
 30
0.0
 42
  0.0985
 0
VERTEX
 8
PARTS
 10
 13.0424
 20
 17.5783
 30
0.0
 42
  0.0985
 0
VERTEX
 8
PARTS
 10
 13.0207
 20
 17.6107
 30
0.0
 42
  0.0985
 0
VERTEX
 8
PARTS
 10
 12.9883
 20
 17.6324
 30
0.0
 42
  0.0985
 0
VERTEX
 8
PARTS
 10
 12.9500
 20
 17.6400
 30
0.0
 42
  0.0985
 0
VERTEX
 8
PARTS
 10
 12.9117
 20
 17.6324
 30
0.0
 42
  0.0985
 0
VERTEX
 8
PARTS
 10
 12.8793
 20
 17.6107
 30
0.0
 42
  0.0985
 0
VERTEX
 8
PARTS
 10
 12.8576
 20
 17.5783
 30
0.0
 42
  0.0985
 0
VERTEX
 8
PARTS
 10
 12.8500
 20
 17.5400
 30
0.0
 42
  0.0985
 0
VERTEX
 8
PARTS
 10
 12.8576
 20
 17.5017
 30
0.0
 42
  0.0985
 0
VERTEX
 8
PARTS
 10
 12.8793
 20
 17.4693
 30
0.0
 42
  0.0985
 0
VERTEX
 8
PARTS
 10
 12.9117
 20
 17.4476
 30
0.0
 42
  0.0985
 0
VERTEX
 8
PARTS
 10
 12.9500
 20
 17.4400
 30
0.0
 42
  0.0985
 0
VERTEX
 8
PARTS
 10
 12.9883
 20
 17.4476
 30
0.0
 42
  0.0985
 0
VERTEX
 8
PARTS
 10
 13.0207
 20
 17.4693
 30
0.0
 42
  0.0985
 0
VERTEX
 8
PARTS
 10
 13.0424
 20
 17.5017
 30
0.0
 42
  0.0985
 0
SEQEND
 8
PARTS
 0
POLYLINE
 8
PARTS
 66
1
 70
1
 10
0.0
 20
0.0
 30
0.0
 0
VERTEX
 8
PARTS
 10
 12.9000
 20
 17.6000
 30
0.0
 42
  0.0000
 0
VERTEX
 8
PARTS
 10
 12.8962
 20
 17.6000
 30
0.0
 42
  0.0000
 0
VERTEX
 8
PARTS
 10
 12.8854
 20
 17.6000
 30
0.0
 42
  0.0000
 0
VERTEX
 8
PARTS
 10
 12.8691
 20
 17.6000
 30
0.0
 42
  0.0000
 0
VERTEX
 8
PARTS
 10
 12.8500
 20
 17.6000
 30
0.0
 42
  0.0000
 0
VERTEX
 8
PARTS
 10
 12.8309
 20
 17.6000
 30
0.0
 42
  0.0000
 0
VERTEX
 8
PARTS
 10
 12.8146
 20
 17.6000
 30
0.0
 42
  0.0000
 0
VERTEX
 8
PARTS
 10
 12.8038
 20
 17.6000
 30
0.0
 42
  0.0000
 0
VERTEX
 8
PARTS
 10
 12.8000
 20
 17.6000
 30
0.0
 42
  0.0000
 0
VERTEX
 8
PARTS
 10
 12.8038
 20
 17.6000
 30
0.0
 42
  0.0000
 0
VERTEX
 8
PARTS
 10
 12.8146
 20
 17.6000
 30
0.0
 42
  0.0000
 0
VERTEX
 8
PARTS
 10
 12.8309
 20
 17.6000
 30
0.0
 42
  0.0000
 0
VERTEX
 8
PARTS
 10
 12.8500
 20
 17.6000
 30
0.0
 42
  0.0000
 0
VERTEX
 8
PARTS
 10
 12.8691
 20
 17.6000
 30
0.0
 42
  0.0000
 0
VERTEX
 8
PARTS
 10
 12.8854
 20
 17.6000
 30
0.0
 42
  0.0000
 0
VERTEX
 8
PARTS
 10
 12.8962
 20
 17.6000
 30
0.0
 42
  0.0000
 0
SEQEND
 8
PARTS
 0
TEXT
 8
PARTTEXT
 10
 15.3000
 20
 16.9186
 30
0.0
 40
  0.0514
 1
R10
 0
TEXT
 8
PARTTEXT
 10
 15.3000
 20
 16.8186
 30
0.0
 40
  0.0514
 1
5.6K
 0
LINE
 8
PARTS
 10
 15.2000
 20
 16.6000
 30
0.0
 11
 15.2000
 21
 16.7000
 31
0.0
 0
TEXT
 8
PARTS
 10
 15.2300
 20
 16.5800
 30
0.0
 40
  0.0500
 50
270.0000
 1
1
 0
LINE
 8
PARTS
 10
 15.2000
 20
 17.1000
 30
0.0
 11
 15.2000
 21
 17.0000
 31
0.0
 0
TEXT
 8
PARTS
 10
 15.2300
 20
 17.1000
 30
0.0
 40
  0.0500
 50
270.0000
 1
2
 0
POLYLINE
 8
PARTS
 66
1
 10
0.0
 20
0.0
 30
0.0
 0
VERTEX
 8
PARTS
 10
 15.2000
 20
 16.7000
 30
0.0
 0
VERTEX
 8
PARTS
 10
 15.1700
 20
 16.7300
 30
0.0
 0
SEQEND
 8
PARTS
 0
POLYLINE
 8
PARTS
 66
1
 10
0.0
 20
0.0
 30
0.0
 0
VERTEX
 8
PARTS
 10
 15.1700
 20
 16.7300
 30
0.0
 0
VERTEX
 8
PARTS
 10
 15.2300
 20
 16.7900
 30
0.0
 0
SEQEND
 8
PARTS
 0
POLYLINE
 8
PARTS
 66
1
 10
0.0
 20
0.0
 30
0.0
 0
VERTEX
 8
PARTS
 10
 15.2300
 20
 16.7900
 30
0.0
 0
VERTEX
 8
PARTS
 10
 15.1700
 20
 16.8500
 30
0.0
 0
SEQEND
 8
PARTS
 0
POLYLINE
 8
PARTS
 66
1
 10
0.0
 20
0.0
 30
0.0
 0
VERTEX
 8
PARTS
 10
 15.1700
 20
 16.8500
 30
0.0
 0
VERTEX
 8
PARTS
 10
 15.2300
 20
 16.9100
 30
0.0
 0
SEQEND
 8
PARTS
 0
POLYLINE
 8
PARTS
 66
1
 10
0.0
 20
0.0
 30
0.0
 0
VERTEX
 8
PARTS
 10
 15.2300
 20
 16.9100
 30
0.0
 0
VERTEX
 8
PARTS
 10
 15.1700
 20
 16.9700
 30
0.0
 0
SEQEND
 8
PARTS
 0
POLYLINE
 8
PARTS
 66
1
 10
0.0
 20
0.0
 30
0.0
 0
VERTEX
 8
PARTS
 10
 15.1700
 20
 16.9700
 30
0.0
 0
VERTEX
 8
PARTS
 10
 15.2000
 20
 17.0000
 30
0.0
 0
SEQEND
 8
PARTS
 0
TEXT
 8
PARTTEXT
 10
 16.8500
 20
  9.9186
 30
0.0
 40
  0.0514
 1
C29
 0
TEXT
 8
PARTTEXT
 10
 16.9000
 20
  9.7586
 30
0.0
 40
  0.0514
 1
4.7uF
 0
LINE
 8
PARTS
 10
 16.7000
 20
  9.8000
 30
0.0
 11
 16.7000
 21
  9.9000
 31
0.0
 0
TEXT
 8
PARTS
 10
 16.7300
 20
  9.7800
 30
0.0
 40
  0.0500
 50
270.0000
 1
1
 0
LINE
 8
PARTS
 10
 16.7000
 20
 10.1000
 30
0.0
 11
 16.7000
 21
 10.0000
 31
0.0
 0
TEXT
 8
PARTS
 10
 16.7300
 20
 10.1000
 30
0.0
 40
  0.0500
 50
270.0000
 1
2
 0
POLYLINE
 8
PARTS
 66
1
 10
0.0
 20
0.0
 30
0.0
 0
VERTEX
 8
PARTS
 10
 16.6000
 20
  9.9000
 30
0.0
 0
VERTEX
 8
PARTS
 10
 16.8000
 20
  9.9000
 30
0.0
 0
SEQEND
 8
PARTS
 0
POLYLINE
 8
PARTS
 66
1
 10
0.0
 20
0.0
 30
0.0
 0
VERTEX
 8
PARTS
 10
 16.7000
 20
  9.9400
 30
0.0
 0
VERTEX
 8
PARTS
 10
 16.7000
 20
 10.0000
 30
0.0
 0
SEQEND
 8
PARTS
 0
POLYLINE
 8
PARTS
 66
1
 10
0.0
 20
0.0
 30
0.0
 0
VERTEX
 8
PARTS
 10
 16.7000
 20
  9.9400
 30
0.0
 42
  0.1654
 0
VERTEX
 8
PARTS
 10
 16.8000
 20
  9.9700
 30
0.0
 0
SEQEND
 8
PARTS
 0
POLYLINE
 8
PARTS
 66
1
 10
0.0
 20
0.0
 30
0.0
 0
VERTEX
 8
PARTS
 10
 16.6000
 20
  9.9700
 30
0.0
 42
  0.1654
 0
VERTEX
 8
PARTS
 10
 16.7000
 20
  9.9400
 30
0.0
 0
SEQEND
 8
PARTS
 0
TEXT
 8
PARTTEXT
 10
 15.1000
 20
  6.5186
 30
0.0
 40
  0.0514
 1
R46
 0
TEXT
 8
PARTTEXT
 10
 14.8000
 20
  6.4186
 30
0.0
 40
  0.0514
 1
Not    Populated
 0
LINE
 8
PARTS
 10
 15.0000
 20
  5.7000
 30
0.0
 11
 15.0000
 21
  5.8000
 31
0.0
 0
TEXT
 8
PARTS
 10
 15.0300
 20
  5.6800
 30
0.0
 40
  0.0500
 50
270.0000
 1
1
 0
LINE
 8
PARTS
 10
 15.0000
 20
  6.2000
 30
0.0
 11
 15.0000
 21
  6.1000
 31
0.0
 0
TEXT
 8
PARTS
 10
 15.0300
 20
  6.2000
 30
0.0
 40
  0.0500
 50
270.0000
 1
2
 0
LINE
 8
PARTS
 10
 14.9000
 20
  5.7000
 30
0.0
 11
 14.9000
 21
  5.8000
 31
0.0
 0
TEXT
 8
PARTS
 10
 14.9300
 20
  5.6800
 30
0.0
 40
  0.0500
 50
270.0000
 1
3
 0
LINE
 8
PARTS
 10
 14.9000
 20
  6.2000
 30
0.0
 11
 14.9000
 21
  6.1000
 31
0.0
 0
TEXT
 8
PARTS
 10
 14.9300
 20
  6.2000
 30
0.0
 40
  0.0500
 50
270.0000
 1
4
 0
POLYLINE
 8
PARTS
 66
1
 10
0.0
 20
0.0
 30
0.0
 0
VERTEX
 8
PARTS
 10
 15.0000
 20
  5.8000
 30
0.0
 0
VERTEX
 8
PARTS
 10
 14.9700
 20
  5.8300
 30
0.0
 0
SEQEND
 8
PARTS
 0
POLYLINE
 8
PARTS
 66
1
 10
0.0
 20
0.0
 30
0.0
 0
VERTEX
 8
PARTS
 10
 14.9700
 20
  5.8300
 30
0.0
 0
VERTEX
 8
PARTS
 10
 15.0300
 20
  5.8900
 30
0.0
 0
SEQEND
 8
PARTS
 0
POLYLINE
 8
PARTS
 66
1
 10
0.0
 20
0.0
 30
0.0
 0
VERTEX
 8
PARTS
 10
 15.0300
 20
  5.8900
 30
0.0
 0
VERTEX
 8
PARTS
 10
 14.9700
 20
  5.9500
 30
0.0
 0
SEQEND
 8
PARTS
 0
POLYLINE
 8
PARTS
 66
1
 10
0.0
 20
0.0
 30
0.0
 0
VERTEX
 8
PARTS
 10
 14.9700
 20
  5.9500
 30
0.0
 0
VERTEX
 8
PARTS
 10
 15.0300
 20
  6.0100
 30
0.0
 0
SEQEND
 8
PARTS
 0
POLYLINE
 8
PARTS
 66
1
 10
0.0
 20
0.0
 30
0.0
 0
VERTEX
 8
PARTS
 10
 15.0300
 20
  6.0100
 30
0.0
 0
VERTEX
 8
PARTS
 10
 14.9700
 20
  6.0700
 30
0.0
 0
SEQEND
 8
PARTS
 0
POLYLINE
 8
PARTS
 66
1
 10
0.0
 20
0.0
 30
0.0
 0
VERTEX
 8
PARTS
 10
 14.9700
 20
  6.0700
 30
0.0
 0
VERTEX
 8
PARTS
 10
 15.0000
 20
  6.1000
 30
0.0
 0
SEQEND
 8
PARTS
 0
POLYLINE
 8
PARTS
 66
1
 10
0.0
 20
0.0
 30
0.0
 0
VERTEX
 8
PARTS
 10
 14.9000
 20
  5.8000
 30
0.0
 0
VERTEX
 8
PARTS
 10
 14.8700
 20
  5.8300
 30
0.0
 0
SEQEND
 8
PARTS
 0
POLYLINE
 8
PARTS
 66
1
 10
0.0
 20
0.0
 30
0.0
 0
VERTEX
 8
PARTS
 10
 14.8700
 20
  5.8300
 30
0.0
 0
VERTEX
 8
PARTS
 10
 14.9300
 20
  5.8900
 30
0.0
 0
SEQEND
 8
PARTS
 0
POLYLINE
 8
PARTS
 66
1
 10
0.0
 20
0.0
 30
0.0
 0
VERTEX
 8
PARTS
 10
 14.9300
 20
  5.8900
 30
0.0
 0
VERTEX
 8
PARTS
 10
 14.8700
 20
  5.9500
 30
0.0
 0
SEQEND
 8
PARTS
 0
POLYLINE
 8
PARTS
 66
1
 10
0.0
 20
0.0
 30
0.0
 0
VERTEX
 8
PARTS
 10
 14.8700
 20
  5.9500
 30
0.0
 0
VERTEX
 8
PARTS
 10
 14.9300
 20
  6.0100
 30
0.0
 0
SEQEND
 8
PARTS
 0
POLYLINE
 8
PARTS
 66
1
 10
0.0
 20
0.0
 30
0.0
 0
VERTEX
 8
PARTS
 10
 14.9300
 20
  6.0100
 30
0.0
 0
VERTEX
 8
PARTS
 10
 14.8700
 20
  6.0700
 30
0.0
 0
SEQEND
 8
PARTS
 0
POLYLINE
 8
PARTS
 66
1
 10
0.0
 20
0.0
 30
0.0
 0
VERTEX
 8
PARTS
 10
 14.8700
 20
  6.0700
 30
0.0
 0
VERTEX
 8
PARTS
 10
 14.9000
 20
  6.1000
 30
0.0
 0
SEQEND
 8
PARTS
 0
POLYLINE
 8
PARTS
 66
1
 70
1
 10
0.0
 20
0.0
 30
0.0
 0
VERTEX
 8
PARTS
 10
 15.0600
 20
  5.9500
 30
0.0
 42
  0.0985
 0
VERTEX
 8
PARTS
 10
 15.0524
 20
  5.9883
 30
0.0
 42
  0.0985
 0
VERTEX
 8
PARTS
 10
 15.0307
 20
  6.0207
 30
0.0
 42
  0.0985
 0
VERTEX
 8
PARTS
 10
 14.9983
 20
  6.0424
 30
0.0
 42
  0.0985
 0
VERTEX
 8
PARTS
 10
 14.9600
 20
  6.0500
 30
0.0
 42
  0.0985
 0
VERTEX
 8
PARTS
 10
 14.9217
 20
  6.0424
 30
0.0
 42
  0.0985
 0
VERTEX
 8
PARTS
 10
 14.8893
 20
  6.0207
 30
0.0
 42
  0.0985
 0
VERTEX
 8
PARTS
 10
 14.8676
 20
  5.9883
 30
0.0
 42
  0.0985
 0
VERTEX
 8
PARTS
 10
 14.8600
 20
  5.9500
 30
0.0
 42
  0.0985
 0
VERTEX
 8
PARTS
 10
 14.8676
 20
  5.9117
 30
0.0
 42
  0.0985
 0
VERTEX
 8
PARTS
 10
 14.8893
 20
  5.8793
 30
0.0
 42
  0.0985
 0
VERTEX
 8
PARTS
 10
 14.9217
 20
  5.8576
 30
0.0
 42
  0.0985
 0
VERTEX
 8
PARTS
 10
 14.9600
 20
  5.8500
 30
0.0
 42
  0.0985
 0
VERTEX
 8
PARTS
 10
 14.9983
 20
  5.8576
 30
0.0
 42
  0.0985
 0
VERTEX
 8
PARTS
 10
 15.0307
 20
  5.8793
 30
0.0
 42
  0.0985
 0
VERTEX
 8
PARTS
 10
 15.0524
 20
  5.9117
 30
0.0
 42
  0.0985
 0
SEQEND
 8
PARTS
 0
POLYLINE
 8
PARTS
 66
1
 70
1
 10
0.0
 20
0.0
 30
0.0
 0
VERTEX
 8
PARTS
 10
 14.9000
 20
  5.8500
 30
0.0
 42
  0.0000
 0
VERTEX
 8
PARTS
 10
 14.9000
 20
  5.8691
 30
0.0
 42
  0.0000
 0
VERTEX
 8
PARTS
 10
 14.9000
 20
  5.8854
 30
0.0
 42
  0.0000
 0
VERTEX
 8
PARTS
 10
 14.9000
 20
  5.8962
 30
0.0
 42
  0.0000
 0
VERTEX
 8
PARTS
 10
 14.9000
 20
  5.9000
 30
0.0
 42
  0.0000
 0
VERTEX
 8
PARTS
 10
 14.9000
 20
  5.8962
 30
0.0
 42
  0.0000
 0
VERTEX
 8
PARTS
 10
 14.9000
 20
  5.8854
 30
0.0
 42
  0.0000
 0
VERTEX
 8
PARTS
 10
 14.9000
 20
  5.8691
 30
0.0
 42
  0.0000
 0
VERTEX
 8
PARTS
 10
 14.9000
 20
  5.8500
 30
0.0
 42
  0.0000
 0
VERTEX
 8
PARTS
 10
 14.9000
 20
  5.8309
 30
0.0
 42
  0.0000
 0
VERTEX
 8
PARTS
 10
 14.9000
 20
  5.8146
 30
0.0
 42
  0.0000
 0
VERTEX
 8
PARTS
 10
 14.9000
 20
  5.8038
 30
0.0
 42
  0.0000
 0
VERTEX
 8
PARTS
 10
 14.9000
 20
  5.8000
 30
0.0
 42
  0.0000
 0
VERTEX
 8
PARTS
 10
 14.9000
 20
  5.8038
 30
0.0
 42
  0.0000
 0
VERTEX
 8
PARTS
 10
 14.9000
 20
  5.8146
 30
0.0
 42
  0.0000
 0
VERTEX
 8
PARTS
 10
 14.9000
 20
  5.8309
 30
0.0
 42
  0.0000
 0
SEQEND
 8
PARTS
 0
TEXT
 8
PARTTEXT
 10
 16.2000
 20
  4.4186
 30
0.0
 40
  0.0514
 1
C42
 0
TEXT
 8
PARTTEXT
 10
 16.2000
 20
  4.3186
 30
0.0
 40
  0.0514
 1
.01uF
 0
LINE
 8
PARTS
 10
 16.0000
 20
  4.3000
 30
0.0
 11
 16.0000
 21
  4.4000
 31
0.0
 0
TEXT
 8
PARTS
 10
 16.0300
 20
  4.2800
 30
0.0
 40
  0.0500
 50
270.0000
 1
1
 0
LINE
 8
PARTS
 10
 16.0000
 20
  4.6000
 30
0.0
 11
 16.0000
 21
  4.5000
 31
0.0
 0
TEXT
 8
PARTS
 10
 16.0300
 20
  4.6000
 30
0.0
 40
  0.0500
 50
270.0000
 1
2
 0
POLYLINE
 8
PARTS
 66
1
 10
0.0
 20
0.0
 30
0.0
 0
VERTEX
 8
PARTS
 10
 16.1000
 20
  4.4000
 30
0.0
 0
VERTEX
 8
PARTS
 10
 15.9000
 20
  4.4000
 30
0.0
 0
SEQEND
 8
PARTS
 0
POLYLINE
 8
PARTS
 66
1
 10
0.0
 20
0.0
 30
0.0
 0
VERTEX
 8
PARTS
 10
 16.0000
 20
  4.4400
 30
0.0
 0
VERTEX
 8
PARTS
 10
 16.0000
 20
  4.5000
 30
0.0
 0
SEQEND
 8
PARTS
 0
POLYLINE
 8
PARTS
 66
1
 10
0.0
 20
0.0
 30
0.0
 0
VERTEX
 8
PARTS
 10
 15.9000
 20
  4.4700
 30
0.0
 42
  0.1654
 0
VERTEX
 8
PARTS
 10
 16.0000
 20
  4.4400
 30
0.0
 0
SEQEND
 8
PARTS
 0
POLYLINE
 8
PARTS
 66
1
 10
0.0
 20
0.0
 30
0.0
 0
VERTEX
 8
PARTS
 10
 16.0000
 20
  4.4400
 30
0.0
 42
  0.1654
 0
VERTEX
 8
PARTS
 10
 16.1000
 20
  4.4700
 30
0.0
 0
SEQEND
 8
PARTS
 0
TEXT
 8
PARTTEXT
 10
  5.8000
 20
 12.4186
 30
0.0
 40
  0.0514
 1
R25
 0
TEXT
 8
PARTTEXT
 10
  5.5000
 20
 12.3186
 30
0.0
 40
  0.0514
 1
Not    Populated
 0
LINE
 8
PARTS
 10
  5.7000
 20
 11.6000
 30
0.0
 11
  5.7000
 21
 11.7000
 31
0.0
 0
TEXT
 8
PARTS
 10
  5.7300
 20
 11.5800
 30
0.0
 40
  0.0500
 50
270.0000
 1
1
 0
LINE
 8
PARTS
 10
  5.7000
 20
 12.1000
 30
0.0
 11
  5.7000
 21
 12.0000
 31
0.0
 0
TEXT
 8
PARTS
 10
  5.7300
 20
 12.1000
 30
0.0
 40
  0.0500
 50
270.0000
 1
2
 0
LINE
 8
PARTS
 10
  5.6000
 20
 11.6000
 30
0.0
 11
  5.6000
 21
 11.7000
 31
0.0
 0
TEXT
 8
PARTS
 10
  5.6300
 20
 11.5800
 30
0.0
 40
  0.0500
 50
270.0000
 1
3
 0
LINE
 8
PARTS
 10
  5.6000
 20
 12.1000
 30
0.0
 11
  5.6000
 21
 12.0000
 31
0.0
 0
TEXT
 8
PARTS
 10
  5.6300
 20
 12.1000
 30
0.0
 40
  0.0500
 50
270.0000
 1
4
 0
POLYLINE
 8
PARTS
 66
1
 10
0.0
 20
0.0
 30
0.0
 0
VERTEX
 8
PARTS
 10
  5.7000
 20
 11.7000
 30
0.0
 0
VERTEX
 8
PARTS
 10
  5.6700
 20
 11.7300
 30
0.0
 0
SEQEND
 8
PARTS
 0
POLYLINE
 8
PARTS
 66
1
 10
0.0
 20
0.0
 30
0.0
 0
VERTEX
 8
PARTS
 10
  5.6700
 20
 11.7300
 30
0.0
 0
VERTEX
 8
PARTS
 10
  5.7300
 20
 11.7900
 30
0.0
 0
SEQEND
 8
PARTS
 0
POLYLINE
 8
PARTS
 66
1
 10
0.0
 20
0.0
 30
0.0
 0
VERTEX
 8
PARTS
 10
  5.7300
 20
 11.7900
 30
0.0
 0
VERTEX
 8
PARTS
 10
  5.6700
 20
 11.8500
 30
0.0
 0
SEQEND
 8
PARTS
 0
POLYLINE
 8
PARTS
 66
1
 10
0.0
 20
0.0
 30
0.0
 0
VERTEX
 8
PARTS
 10
  5.6700
 20
 11.8500
 30
0.0
 0
VERTEX
 8
PARTS
 10
  5.7300
 20
 11.9100
 30
0.0
 0
SEQEND
 8
PARTS
 0
POLYLINE
 8
PARTS
 66
1
 10
0.0
 20
0.0
 30
0.0
 0
VERTEX
 8
PARTS
 10
  5.7300
 20
 11.9100
 30
0.0
 0
VERTEX
 8
PARTS
 10
  5.6700
 20
 11.9700
 30
0.0
 0
SEQEND
 8
PARTS
 0
POLYLINE
 8
PARTS
 66
1
 10
0.0
 20
0.0
 30
0.0
 0
VERTEX
 8
PARTS
 10
  5.6700
 20
 11.9700
 30
0.0
 0
VERTEX
 8
PARTS
 10
  5.7000
 20
 12.0000
 30
0.0
 0
SEQEND
 8
PARTS
 0
POLYLINE
 8
PARTS
 66
1
 10
0.0
 20
0.0
 30
0.0
 0
VERTEX
 8
PARTS
 10
  5.6000
 20
 11.7000
 30
0.0
 0
VERTEX
 8
PARTS
 10
  5.5700
 20
 11.7300
 30
0.0
 0
SEQEND
 8
PARTS
 0
POLYLINE
 8
PARTS
 66
1
 10
0.0
 20
0.0
 30
0.0
 0
VERTEX
 8
PARTS
 10
  5.5700
 20
 11.7300
 30
0.0
 0
VERTEX
 8
PARTS
 10
  5.6300
 20
 11.7900
 30
0.0
 0
SEQEND
 8
PARTS
 0
POLYLINE
 8
PARTS
 66
1
 10
0.0
 20
0.0
 30
0.0
 0
VERTEX
 8
PARTS
 10
  5.6300
 20
 11.7900
 30
0.0
 0
VERTEX
 8
PARTS
 10
  5.5700
 20
 11.8500
 30
0.0
 0
SEQEND
 8
PARTS
 0
POLYLINE
 8
PARTS
 66
1
 10
0.0
 20
0.0
 30
0.0
 0
VERTEX
 8
PARTS
 10
  5.5700
 20
 11.8500
 30
0.0
 0
VERTEX
 8
PARTS
 10
  5.6300
 20
 11.9100
 30
0.0
 0
SEQEND
 8
PARTS
 0
POLYLINE
 8
PARTS
 66
1
 10
0.0
 20
0.0
 30
0.0
 0
VERTEX
 8
PARTS
 10
  5.6300
 20
 11.9100
 30
0.0
 0
VERTEX
 8
PARTS
 10
  5.5700
 20
 11.9700
 30
0.0
 0
SEQEND
 8
PARTS
 0
POLYLINE
 8
PARTS
 66
1
 10
0.0
 20
0.0
 30
0.0
 0
VERTEX
 8
PARTS
 10
  5.5700
 20
 11.9700
 30
0.0
 0
VERTEX
 8
PARTS
 10
  5.6000
 20
 12.0000
 30
0.0
 0
SEQEND
 8
PARTS
 0
POLYLINE
 8
PARTS
 66
1
 70
1
 10
0.0
 20
0.0
 30
0.0
 0
VERTEX
 8
PARTS
 10
  5.7600
 20
 11.8500
 30
0.0
 42
  0.0985
 0
VERTEX
 8
PARTS
 10
  5.7524
 20
 11.8883
 30
0.0
 42
  0.0985
 0
VERTEX
 8
PARTS
 10
  5.7307
 20
 11.9207
 30
0.0
 42
  0.0985
 0
VERTEX
 8
PARTS
 10
  5.6983
 20
 11.9424
 30
0.0
 42
  0.0985
 0
VERTEX
 8
PARTS
 10
  5.6600
 20
 11.9500
 30
0.0
 42
  0.0985
 0
VERTEX
 8
PARTS
 10
  5.6217
 20
 11.9424
 30
0.0
 42
  0.0985
 0
VERTEX
 8
PARTS
 10
  5.5893
 20
 11.9207
 30
0.0
 42
  0.0985
 0
VERTEX
 8
PARTS
 10
  5.5676
 20
 11.8883
 30
0.0
 42
  0.0985
 0
VERTEX
 8
PARTS
 10
  5.5600
 20
 11.8500
 30
0.0
 42
  0.0985
 0
VERTEX
 8
PARTS
 10
  5.5676
 20
 11.8117
 30
0.0
 42
  0.0985
 0
VERTEX
 8
PARTS
 10
  5.5893
 20
 11.7793
 30
0.0
 42
  0.0985
 0
VERTEX
 8
PARTS
 10
  5.6217
 20
 11.7576
 30
0.0
 42
  0.0985
 0
VERTEX
 8
PARTS
 10
  5.6600
 20
 11.7500
 30
0.0
 42
  0.0985
 0
VERTEX
 8
PARTS
 10
  5.6983
 20
 11.7576
 30
0.0
 42
  0.0985
 0
VERTEX
 8
PARTS
 10
  5.7307
 20
 11.7793
 30
0.0
 42
  0.0985
 0
VERTEX
 8
PARTS
 10
  5.7524
 20
 11.8117
 30
0.0
 42
  0.0985
 0
SEQEND
 8
PARTS
 0
POLYLINE
 8
PARTS
 66
1
 70
1
 10
0.0
 20
0.0
 30
0.0
 0
VERTEX
 8
PARTS
 10
  5.6000
 20
 11.7500
 30
0.0
 42
  0.0000
 0
VERTEX
 8
PARTS
 10
  5.6000
 20
 11.7691
 30
0.0
 42
  0.0000
 0
VERTEX
 8
PARTS
 10
  5.6000
 20
 11.7854
 30
0.0
 42
  0.0000
 0
VERTEX
 8
PARTS
 10
  5.6000
 20
 11.7962
 30
0.0
 42
  0.0000
 0
VERTEX
 8
PARTS
 10
  5.6000
 20
 11.8000
 30
0.0
 42
  0.0000
 0
VERTEX
 8
PARTS
 10
  5.6000
 20
 11.7962
 30
0.0
 42
  0.0000
 0
VERTEX
 8
PARTS
 10
  5.6000
 20
 11.7854
 30
0.0
 42
  0.0000
 0
VERTEX
 8
PARTS
 10
  5.6000
 20
 11.7691
 30
0.0
 42
  0.0000
 0
VERTEX
 8
PARTS
 10
  5.6000
 20
 11.7500
 30
0.0
 42
  0.0000
 0
VERTEX
 8
PARTS
 10
  5.6000
 20
 11.7309
 30
0.0
 42
  0.0000
 0
VERTEX
 8
PARTS
 10
  5.6000
 20
 11.7146
 30
0.0
 42
  0.0000
 0
VERTEX
 8
PARTS
 10
  5.6000
 20
 11.7038
 30
0.0
 42
  0.0000
 0
VERTEX
 8
PARTS
 10
  5.6000
 20
 11.7000
 30
0.0
 42
  0.0000
 0
VERTEX
 8
PARTS
 10
  5.6000
 20
 11.7038
 30
0.0
 42
  0.0000
 0
VERTEX
 8
PARTS
 10
  5.6000
 20
 11.7146
 30
0.0
 42
  0.0000
 0
VERTEX
 8
PARTS
 10
  5.6000
 20
 11.7309
 30
0.0
 42
  0.0000
 0
SEQEND
 8
PARTS
 0
TEXT
 8
PARTTEXT
 10
  6.9000
 20
 10.3186
 30
0.0
 40
  0.0514
 1
C25
 0
TEXT
 8
PARTTEXT
 10
  6.9000
 20
 10.2186
 30
0.0
 40
  0.0514
 1
.01uF
 0
LINE
 8
PARTS
 10
  6.7000
 20
 10.2000
 30
0.0
 11
  6.7000
 21
 10.3000
 31
0.0
 0
TEXT
 8
PARTS
 10
  6.7300
 20
 10.1800
 30
0.0
 40
  0.0500
 50
270.0000
 1
1
 0
LINE
 8
PARTS
 10
  6.7000
 20
 10.5000
 30
0.0
 11
  6.7000
 21
 10.4000
 31
0.0
 0
TEXT
 8
PARTS
 10
  6.7300
 20
 10.5000
 30
0.0
 40
  0.0500
 50
270.0000
 1
2
 0
POLYLINE
 8
PARTS
 66
1
 10
0.0
 20
0.0
 30
0.0
 0
VERTEX
 8
PARTS
 10
  6.8000
 20
 10.3000
 30
0.0
 0
VERTEX
 8
PARTS
 10
  6.6000
 20
 10.3000
 30
0.0
 0
SEQEND
 8
PARTS
 0
POLYLINE
 8
PARTS
 66
1
 10
0.0
 20
0.0
 30
0.0
 0
VERTEX
 8
PARTS
 10
  6.7000
 20
 10.3400
 30
0.0
 0
VERTEX
 8
PARTS
 10
  6.7000
 20
 10.4000
 30
0.0
 0
SEQEND
 8
PARTS
 0
POLYLINE
 8
PARTS
 66
1
 10
0.0
 20
0.0
 30
0.0
 0
VERTEX
 8
PARTS
 10
  6.6000
 20
 10.3700
 30
0.0
 42
  0.1654
 0
VERTEX
 8
PARTS
 10
  6.7000
 20
 10.3400
 30
0.0
 0
SEQEND
 8
PARTS
 0
POLYLINE
 8
PARTS
 66
1
 10
0.0
 20
0.0
 30
0.0
 0
VERTEX
 8
PARTS
 10
  6.7000
 20
 10.3400
 30
0.0
 42
  0.1654
 0
VERTEX
 8
PARTS
 10
  6.8000
 20
 10.3700
 30
0.0
 0
SEQEND
 8
PARTS
 0
TEXT
 8
PARTTEXT
 10
 16.2000
 20
 17.1186
 30
0.0
 40
  0.0514
 1
U2
 0
TEXT
 8
PARTTEXT
 10
 16.1000
 20
 16.9186
 30
0.0
 40
  0.0514
 1
INA114
 0
LINE
 8
PARTS
 10
 17.4000
 20
 16.9000
 30
0.0
 11
 17.1000
 21
 16.9000
 31
0.0
 0
TEXT
 8
PARTS
 10
 16.9300
 20
 16.8750
 30
0.0
 40
  0.0500
 1
VO
 0
TEXT
 8
PARTS
 10
 17.1600
 20
 16.9300
 30
0.0
 40
  0.0500
 1
11
 0
LINE
 8
PARTS
 10
 17.4000
 20
 16.1000
 30
0.0
 11
 17.1000
 21
 16.1000
 31
0.0
 0
TEXT
 8
PARTS
 10
 16.8900
 20
 16.0750
 30
0.0
 40
  0.0500
 1
Ref
 0
TEXT
 8
PARTS
 10
 17.1600
 20
 16.1300
 30
0.0
 40
  0.0500
 1
10
 0
LINE
 8
PARTS
 10
 15.4000
 20
 16.1000
 30
0.0
 11
 15.7000
 21
 16.1000
 31
0.0
 0
TEXT
 8
PARTS
 10
 15.7900
 20
 16.0750
 30
0.0
 40
  0.0500
 1
-Vin
 0
TEXT
 8
PARTS
 10
 15.6000
 20
 16.1300
 30
0.0
 40
  0.0500
 1
4
 0
LINE
 8
PARTS
 10
 15.4000
 20
 17.6000
 30
0.0
 11
 15.7000
 21
 17.6000
 31
0.0
 0
TEXT
 8
PARTS
 10
 15.7900
 20
 17.5750
 30
0.0
 40
  0.0500
 1
+Vin
 0
TEXT
 8
PARTS
 10
 15.6000
 20
 17.6300
 30
0.0
 40
  0.0500
 1
5
 0
LINE
 8
PARTS
 10
 15.4000
 20
 17.1000
 30
0.0
 11
 15.7000
 21
 17.1000
 31
0.0
 0
TEXT
 8
PARTS
 10
 15.7900
 20
 17.0750
 30
0.0
 40
  0.0500
 1
Rg1
 0
TEXT
 8
PARTS
 10
 15.6000
 20
 17.1300
 30
0.0
 40
  0.0500
 1
2
 0
LINE
 8
PARTS
 10
 15.4000
 20
 16.6000
 30
0.0
 11
 15.7000
 21
 16.6000
 31
0.0
 0
TEXT
 8
PARTS
 10
 15.7900
 20
 16.5750
 30
0.0
 40
  0.0500
 1
Rg2
 0
TEXT
 8
PARTS
 10
 15.5600
 20
 16.6300
 30
0.0
 40
  0.0500
 1
15
 0
LINE
 8
PARTS
 10
 16.6000
 20
 18.2000
 30
0.0
 11
 16.6000
 21
 17.9000
 31
0.0
 0
TEXT
 8
PARTS
 10
 16.5750
 20
 17.8100
 30
0.0
 40
  0.0500
 50
270.0000
 1
+V
 0
TEXT
 8
PARTS
 10
 16.6300
 20
 18.0400
 30
0.0
 40
  0.0500
 50
270.0000
 1
13
 0
CIRCLE
 8
PARTS
 10
 16.6000
 20
 15.8700
 30
0.0
 40
  0.0300
 0
LINE
 8
PARTS
 10
 16.6000
 20
 15.6000
 30
0.0
 11
 16.6000
 21
 15.8400
 31
0.0
 0
TEXT
 8
PARTS
 10
 16.5750
 20
 16.0700
 30
0.0
 40
  0.0500
 50
270.0000
 1
-V
 0
TEXT
 8
PARTS
 10
 16.6300
 20
 15.7800
 30
0.0
 40
  0.0500
 50
270.0000
 1
7
 0
LINE
 8
PARTS
 10
 17.4000
 20
 17.4000
 30
0.0
 11
 17.1000
 21
 17.4000
 31
0.0
 0
TEXT
 8
PARTS
 10
 16.6900
 20
 17.3750
 30
0.0
 40
  0.0500
 1
Feedback
 0
TEXT
 8
PARTS
 10
 17.1600
 20
 17.4300
 30
0.0
 40
  0.0500
 1
12
 0
POLYLINE
 8
PARTS
 66
1
 10
0.0
 20
0.0
 30
0.0
 0
VERTEX
 8
PARTS
 10
 16.9000
 20
 16.9000
 30
0.0
 0
VERTEX
 8
PARTS
 10
 16.5000
 20
 17.3000
 30
0.0
 0
SEQEND
 8
PARTS
 0
POLYLINE
 8
PARTS
 66
1
 10
0.0
 20
0.0
 30
0.0
 0
VERTEX
 8
PARTS
 10
 16.9000
 20
 16.9000
 30
0.0
 0
VERTEX
 8
PARTS
 10
 16.5000
 20
 16.5000
 30
0.0
 0
SEQEND
 8
PARTS
 0
POLYLINE
 8
PARTS
 66
1
 10
0.0
 20
0.0
 30
0.0
 0
VERTEX
 8
PARTS
 10
 16.5000
 20
 16.5000
 30
0.0
 0
VERTEX
 8
PARTS
 10
 16.5000
 20
 17.3000
 30
0.0
 0
SEQEND
 8
PARTS
 0
POLYLINE
 8
PARTS
 66
1
 10
0.0
 20
0.0
 30
0.0
 0
VERTEX
 8
PARTS
 10
 16.3000
 20
 16.4000
 30
0.0
 0
VERTEX
 8
PARTS
 10
 15.9000
 20
 16.0000
 30
0.0
 0
SEQEND
 8
PARTS
 0
POLYLINE
 8
PARTS
 66
1
 10
0.0
 20
0.0
 30
0.0
 0
VERTEX
 8
PARTS
 10
 16.3000
 20
 17.4000
 30
0.0
 0
VERTEX
 8
PARTS
 10
 15.9000
 20
 17.0000
 30
0.0
 0
SEQEND
 8
PARTS
 0
POLYLINE
 8
PARTS
 66
1
 10
0.0
 20
0.0
 30
0.0
 0
VERTEX
 8
PARTS
 10
 16.3000
 20
 17.4000
 30
0.0
 0
VERTEX
 8
PARTS
 10
 15.9000
 20
 17.8000
 30
0.0
 0
SEQEND
 8
PARTS
 0
POLYLINE
 8
PARTS
 66
1
 10
0.0
 20
0.0
 30
0.0
 0
VERTEX
 8
PARTS
 10
 16.3000
 20
 16.4000
 30
0.0
 0
VERTEX
 8
PARTS
 10
 15.9000
 20
 16.8000
 30
0.0
 0
SEQEND
 8
PARTS
 0
POLYLINE
 8
PARTS
 66
1
 10
0.0
 20
0.0
 30
0.0
 0
VERTEX
 8
PARTS
 10
 15.9000
 20
 17.0000
 30
0.0
 0
VERTEX
 8
PARTS
 10
 15.9000
 20
 17.8000
 30
0.0
 0
SEQEND
 8
PARTS
 0
POLYLINE
 8
PARTS
 66
1
 10
0.0
 20
0.0
 30
0.0
 0
VERTEX
 8
PARTS
 10
 15.9000
 20
 16.0000
 30
0.0
 0
VERTEX
 8
PARTS
 10
 15.9000
 20
 16.8000
 30
0.0
 0
SEQEND
 8
PARTS
 0
POLYLINE
 8
PARTS
 66
1
 10
0.0
 20
0.0
 30
0.0
 0
VERTEX
 8
PARTS
 10
 15.9000
 20
 17.6000
 30
0.0
 0
VERTEX
 8
PARTS
 10
 15.7000
 20
 17.6000
 30
0.0
 0
SEQEND
 8
PARTS
 0
POLYLINE
 8
PARTS
 66
1
 10
0.0
 20
0.0
 30
0.0
 0
VERTEX
 8
PARTS
 10
 15.9000
 20
 16.6000
 30
0.0
 0
VERTEX
 8
PARTS
 10
 15.7000
 20
 16.6000
 30
0.0
 0
SEQEND
 8
PARTS
 0
POLYLINE
 8
PARTS
 66
1
 10
0.0
 20
0.0
 30
0.0
 0
VERTEX
 8
PARTS
 10
 15.9000
 20
 16.1000
 30
0.0
 0
VERTEX
 8
PARTS
 10
 15.7000
 20
 16.1000
 30
0.0
 0
SEQEND
 8
PARTS
 0
POLYLINE
 8
PARTS
 66
1
 10
0.0
 20
0.0
 30
0.0
 0
VERTEX
 8
PARTS
 10
 15.9000
 20
 17.1000
 30
0.0
 0
VERTEX
 8
PARTS
 10
 15.7000
 20
 17.1000
 30
0.0
 0
SEQEND
 8
PARTS
 0
POLYLINE
 8
PARTS
 66
1
 10
0.0
 20
0.0
 30
0.0
 0
VERTEX
 8
PARTS
 10
 17.1000
 20
 16.9000
 30
0.0
 0
VERTEX
 8
PARTS
 10
 16.9000
 20
 16.9000
 30
0.0
 0
SEQEND
 8
PARTS
 0
POLYLINE
 8
PARTS
 66
1
 70
1
 10
0.0
 20
0.0
 30
0.0
 0
VERTEX
 8
PARTS
 10
 15.7000
 20
 17.9000
 30
0.0
 0
VERTEX
 8
PARTS
 10
 17.1000
 20
 17.9000
 30
0.0
 0
VERTEX
 8
PARTS
 10
 17.1000
 20
 15.9000
 30
0.0
 0
VERTEX
 8
PARTS
 10
 15.7000
 20
 15.9000
 30
0.0
 0
SEQEND
 8
PARTS
 0
POLYLINE
 8
PARTS
 66
1
 10
0.0
 20
0.0
 30
0.0
 0
VERTEX
 8
PARTS
 10
 16.3000
 20
 17.4000
 30
0.0
 0
VERTEX
 8
PARTS
 10
 16.4000
 20
 17.4000
 30
0.0
 0
SEQEND
 8
PARTS
 0
POLYLINE
 8
PARTS
 66
1
 10
0.0
 20
0.0
 30
0.0
 0
VERTEX
 8
PARTS
 10
 16.4000
 20
 17.4000
 30
0.0
 0
VERTEX
 8
PARTS
 10
 16.4000
 20
 17.1000
 30
0.0
 0
SEQEND
 8
PARTS
 0
POLYLINE
 8
PARTS
 66
1
 10
0.0
 20
0.0
 30
0.0
 0
VERTEX
 8
PARTS
 10
 16.3000
 20
 16.4000
 30
0.0
 0
VERTEX
 8
PARTS
 10
 16.4000
 20
 16.4000
 30
0.0
 0
SEQEND
 8
PARTS
 0
POLYLINE
 8
PARTS
 66
1
 10
0.0
 20
0.0
 30
0.0
 0
VERTEX
 8
PARTS
 10
 16.4000
 20
 16.4000
 30
0.0
 0
VERTEX
 8
PARTS
 10
 16.4000
 20
 16.7000
 30
0.0
 0
SEQEND
 8
PARTS
 0
POLYLINE
 8
PARTS
 66
1
 10
0.0
 20
0.0
 30
0.0
 0
VERTEX
 8
PARTS
 10
 16.4000
 20
 17.1000
 30
0.0
 0
VERTEX
 8
PARTS
 10
 16.5000
 20
 17.1000
 30
0.0
 0
SEQEND
 8
PARTS
 0
POLYLINE
 8
PARTS
 66
1
 10
0.0
 20
0.0
 30
0.0
 0
VERTEX
 8
PARTS
 10
 16.4000
 20
 16.7000
 30
0.0
 0
VERTEX
 8
PARTS
 10
 16.5000
 20
 16.7000
 30
0.0
 0
SEQEND
 8
PARTS
 0
TEXT
 8
PARTTEXT
 10
 13.9000
 20
 16.5186
 30
0.0
 40
  0.0514
 1
R14
 0
TEXT
 8
PARTTEXT
 10
 13.9000
 20
 16.3186
 30
0.0
 40
  0.0514
 1
20k
 0
LINE
 8
PARTS
 10
 13.8000
 20
 16.2000
 30
0.0
 11
 13.8000
 21
 16.3000
 31
0.0
 0
TEXT
 8
PARTS
 10
 13.8300
 20
 16.1800
 30
0.0
 40
  0.0500
 50
270.0000
 1
1
 0
LINE
 8
PARTS
 10
 13.8000
 20
 16.7000
 30
0.0
 11
 13.8000
 21
 16.6000
 31
0.0
 0
TEXT
 8
PARTS
 10
 13.8300
 20
 16.7000
 30
0.0
 40
  0.0500
 50
270.0000
 1
2
 0
POLYLINE
 8
PARTS
 66
1
 10
0.0
 20
0.0
 30
0.0
 0
VERTEX
 8
PARTS
 10
 13.8000
 20
 16.3000
 30
0.0
 0
VERTEX
 8
PARTS
 10
 13.7700
 20
 16.3300
 30
0.0
 0
SEQEND
 8
PARTS
 0
POLYLINE
 8
PARTS
 66
1
 10
0.0
 20
0.0
 30
0.0
 0
VERTEX
 8
PARTS
 10
 13.7700
 20
 16.3300
 30
0.0
 0
VERTEX
 8
PARTS
 10
 13.8300
 20
 16.3900
 30
0.0
 0
SEQEND
 8
PARTS
 0
POLYLINE
 8
PARTS
 66
1
 10
0.0
 20
0.0
 30
0.0
 0
VERTEX
 8
PARTS
 10
 13.8300
 20
 16.3900
 30
0.0
 0
VERTEX
 8
PARTS
 10
 13.7700
 20
 16.4500
 30
0.0
 0
SEQEND
 8
PARTS
 0
POLYLINE
 8
PARTS
 66
1
 10
0.0
 20
0.0
 30
0.0
 0
VERTEX
 8
PARTS
 10
 13.7700
 20
 16.4500
 30
0.0
 0
VERTEX
 8
PARTS
 10
 13.8300
 20
 16.5100
 30
0.0
 0
SEQEND
 8
PARTS
 0
POLYLINE
 8
PARTS
 66
1
 10
0.0
 20
0.0
 30
0.0
 0
VERTEX
 8
PARTS
 10
 13.8300
 20
 16.5100
 30
0.0
 0
VERTEX
 8
PARTS
 10
 13.7700
 20
 16.5700
 30
0.0
 0
SEQEND
 8
PARTS
 0
POLYLINE
 8
PARTS
 66
1
 10
0.0
 20
0.0
 30
0.0
 0
VERTEX
 8
PARTS
 10
 13.7700
 20
 16.5700
 30
0.0
 0
VERTEX
 8
PARTS
 10
 13.8000
 20
 16.6000
 30
0.0
 0
SEQEND
 8
PARTS
 0
TEXT
 8
PARTTEXT
 10
 14.0000
 20
 17.3186
 30
0.0
 40
  0.0514
 1
R5
 0
TEXT
 8
PARTTEXT
 10
 14.0000
 20
 17.1186
 30
0.0
 40
  0.0514
 1
20k
 0
LINE
 8
PARTS
 10
 13.8000
 20
 17.0000
 30
0.0
 11
 13.8000
 21
 17.1000
 31
0.0
 0
TEXT
 8
PARTS
 10
 13.8300
 20
 16.9800
 30
0.0
 40
  0.0500
 50
270.0000
 1
1
 0
LINE
 8
PARTS
 10
 13.8000
 20
 17.5000
 30
0.0
 11
 13.8000
 21
 17.4000
 31
0.0
 0
TEXT
 8
PARTS
 10
 13.8300
 20
 17.5000
 30
0.0
 40
  0.0500
 50
270.0000
 1
2
 0
POLYLINE
 8
PARTS
 66
1
 10
0.0
 20
0.0
 30
0.0
 0
VERTEX
 8
PARTS
 10
 13.8000
 20
 17.1000
 30
0.0
 0
VERTEX
 8
PARTS
 10
 13.7700
 20
 17.1300
 30
0.0
 0
SEQEND
 8
PARTS
 0
POLYLINE
 8
PARTS
 66
1
 10
0.0
 20
0.0
 30
0.0
 0
VERTEX
 8
PARTS
 10
 13.7700
 20
 17.1300
 30
0.0
 0
VERTEX
 8
PARTS
 10
 13.8300
 20
 17.1900
 30
0.0
 0
SEQEND
 8
PARTS
 0
POLYLINE
 8
PARTS
 66
1
 10
0.0
 20
0.0
 30
0.0
 0
VERTEX
 8
PARTS
 10
 13.8300
 20
 17.1900
 30
0.0
 0
VERTEX
 8
PARTS
 10
 13.7700
 20
 17.2500
 30
0.0
 0
SEQEND
 8
PARTS
 0
POLYLINE
 8
PARTS
 66
1
 10
0.0
 20
0.0
 30
0.0
 0
VERTEX
 8
PARTS
 10
 13.7700
 20
 17.2500
 30
0.0
 0
VERTEX
 8
PARTS
 10
 13.8300
 20
 17.3100
 30
0.0
 0
SEQEND
 8
PARTS
 0
POLYLINE
 8
PARTS
 66
1
 10
0.0
 20
0.0
 30
0.0
 0
VERTEX
 8
PARTS
 10
 13.8300
 20
 17.3100
 30
0.0
 0
VERTEX
 8
PARTS
 10
 13.7700
 20
 17.3700
 30
0.0
 0
SEQEND
 8
PARTS
 0
POLYLINE
 8
PARTS
 66
1
 10
0.0
 20
0.0
 30
0.0
 0
VERTEX
 8
PARTS
 10
 13.7700
 20
 17.3700
 30
0.0
 0
VERTEX
 8
PARTS
 10
 13.8000
 20
 17.4000
 30
0.0
 0
SEQEND
 8
PARTS
 0
TEXT
 8
PARTTEXT
 10
 13.0000
 20
 12.5186
 30
0.0
 40
  0.0514
 1
R20
 0
TEXT
 8
PARTTEXT
 10
 12.9000
 20
 12.4186
 30
0.0
 40
  0.0514
 1
Zero Ohm
 0
LINE
 8
PARTS
 10
 12.8000
 20
 12.2000
 30
0.0
 11
 12.9000
 21
 12.2000
 31
0.0
 0
TEXT
 8
PARTS
 10
 12.8000
 20
 12.2300
 30
0.0
 40
  0.0500
 1
1
 0
LINE
 8
PARTS
 10
 13.3000
 20
 12.2000
 30
0.0
 11
 13.2000
 21
 12.2000
 31
0.0
 0
TEXT
 8
PARTS
 10
 13.2600
 20
 12.2300
 30
0.0
 40
  0.0500
 1
2
 0
LINE
 8
PARTS
 10
 12.8000
 20
 12.3000
 30
0.0
 11
 12.9000
 21
 12.3000
 31
0.0
 0
TEXT
 8
PARTS
 10
 12.8000
 20
 12.3300
 30
0.0
 40
  0.0500
 1
3
 0
LINE
 8
PARTS
 10
 13.3000
 20
 12.3000
 30
0.0
 11
 13.2000
 21
 12.3000
 31
0.0
 0
TEXT
 8
PARTS
 10
 13.2600
 20
 12.3300
 30
0.0
 40
  0.0500
 1
4
 0
POLYLINE
 8
PARTS
 66
1
 10
0.0
 20
0.0
 30
0.0
 0
VERTEX
 8
PARTS
 10
 12.9000
 20
 12.2000
 30
0.0
 0
VERTEX
 8
PARTS
 10
 12.9300
 20
 12.2300
 30
0.0
 0
SEQEND
 8
PARTS
 0
POLYLINE
 8
PARTS
 66
1
 10
0.0
 20
0.0
 30
0.0
 0
VERTEX
 8
PARTS
 10
 12.9300
 20
 12.2300
 30
0.0
 0
VERTEX
 8
PARTS
 10
 12.9900
 20
 12.1700
 30
0.0
 0
SEQEND
 8
PARTS
 0
POLYLINE
 8
PARTS
 66
1
 10
0.0
 20
0.0
 30
0.0
 0
VERTEX
 8
PARTS
 10
 12.9900
 20
 12.1700
 30
0.0
 0
VERTEX
 8
PARTS
 10
 13.0500
 20
 12.2300
 30
0.0
 0
SEQEND
 8
PARTS
 0
POLYLINE
 8
PARTS
 66
1
 10
0.0
 20
0.0
 30
0.0
 0
VERTEX
 8
PARTS
 10
 13.0500
 20
 12.2300
 30
0.0
 0
VERTEX
 8
PARTS
 10
 13.1100
 20
 12.1700
 30
0.0
 0
SEQEND
 8
PARTS
 0
POLYLINE
 8
PARTS
 66
1
 10
0.0
 20
0.0
 30
0.0
 0
VERTEX
 8
PARTS
 10
 13.1100
 20
 12.1700
 30
0.0
 0
VERTEX
 8
PARTS
 10
 13.1700
 20
 12.2300
 30
0.0
 0
SEQEND
 8
PARTS
 0
POLYLINE
 8
PARTS
 66
1
 10
0.0
 20
0.0
 30
0.0
 0
VERTEX
 8
PARTS
 10
 13.1700
 20
 12.2300
 30
0.0
 0
VERTEX
 8
PARTS
 10
 13.2000
 20
 12.2000
 30
0.0
 0
SEQEND
 8
PARTS
 0
POLYLINE
 8
PARTS
 66
1
 10
0.0
 20
0.0
 30
0.0
 0
VERTEX
 8
PARTS
 10
 12.9000
 20
 12.3000
 30
0.0
 0
VERTEX
 8
PARTS
 10
 12.9300
 20
 12.3300
 30
0.0
 0
SEQEND
 8
PARTS
 0
POLYLINE
 8
PARTS
 66
1
 10
0.0
 20
0.0
 30
0.0
 0
VERTEX
 8
PARTS
 10
 12.9300
 20
 12.3300
 30
0.0
 0
VERTEX
 8
PARTS
 10
 12.9900
 20
 12.2700
 30
0.0
 0
SEQEND
 8
PARTS
 0
POLYLINE
 8
PARTS
 66
1
 10
0.0
 20
0.0
 30
0.0
 0
VERTEX
 8
PARTS
 10
 12.9900
 20
 12.2700
 30
0.0
 0
VERTEX
 8
PARTS
 10
 13.0500
 20
 12.3300
 30
0.0
 0
SEQEND
 8
PARTS
 0
POLYLINE
 8
PARTS
 66
1
 10
0.0
 20
0.0
 30
0.0
 0
VERTEX
 8
PARTS
 10
 13.0500
 20
 12.3300
 30
0.0
 0
VERTEX
 8
PARTS
 10
 13.1100
 20
 12.2700
 30
0.0
 0
SEQEND
 8
PARTS
 0
POLYLINE
 8
PARTS
 66
1
 10
0.0
 20
0.0
 30
0.0
 0
VERTEX
 8
PARTS
 10
 13.1100
 20
 12.2700
 30
0.0
 0
VERTEX
 8
PARTS
 10
 13.1700
 20
 12.3300
 30
0.0
 0
SEQEND
 8
PARTS
 0
POLYLINE
 8
PARTS
 66
1
 10
0.0
 20
0.0
 30
0.0
 0
VERTEX
 8
PARTS
 10
 13.1700
 20
 12.3300
 30
0.0
 0
VERTEX
 8
PARTS
 10
 13.2000
 20
 12.3000
 30
0.0
 0
SEQEND
 8
PARTS
 0
POLYLINE
 8
PARTS
 66
1
 70
1
 10
0.0
 20
0.0
 30
0.0
 0
VERTEX
 8
PARTS
 10
 13.1500
 20
 12.2400
 30
0.0
 42
  0.0985
 0
VERTEX
 8
PARTS
 10
 13.1424
 20
 12.2783
 30
0.0
 42
  0.0985
 0
VERTEX
 8
PARTS
 10
 13.1207
 20
 12.3107
 30
0.0
 42
  0.0985
 0
VERTEX
 8
PARTS
 10
 13.0883
 20
 12.3324
 30
0.0
 42
  0.0985
 0
VERTEX
 8
PARTS
 10
 13.0500
 20
 12.3400
 30
0.0
 42
  0.0985
 0
VERTEX
 8
PARTS
 10
 13.0117
 20
 12.3324
 30
0.0
 42
  0.0985
 0
VERTEX
 8
PARTS
 10
 12.9793
 20
 12.3107
 30
0.0
 42
  0.0985
 0
VERTEX
 8
PARTS
 10
 12.9576
 20
 12.2783
 30
0.0
 42
  0.0985
 0
VERTEX
 8
PARTS
 10
 12.9500
 20
 12.2400
 30
0.0
 42
  0.0985
 0
VERTEX
 8
PARTS
 10
 12.9576
 20
 12.2017
 30
0.0
 42
  0.0985
 0
VERTEX
 8
PARTS
 10
 12.9793
 20
 12.1693
 30
0.0
 42
  0.0985
 0
VERTEX
 8
PARTS
 10
 13.0117
 20
 12.1476
 30
0.0
 42
  0.0985
 0
VERTEX
 8
PARTS
 10
 13.0500
 20
 12.1400
 30
0.0
 42
  0.0985
 0
VERTEX
 8
PARTS
 10
 13.0883
 20
 12.1476
 30
0.0
 42
  0.0985
 0
VERTEX
 8
PARTS
 10
 13.1207
 20
 12.1693
 30
0.0
 42
  0.0985
 0
VERTEX
 8
PARTS
 10
 13.1424
 20
 12.2017
 30
0.0
 42
  0.0985
 0
SEQEND
 8
PARTS
 0
POLYLINE
 8
PARTS
 66
1
 70
1
 10
0.0
 20
0.0
 30
0.0
 0
VERTEX
 8
PARTS
 10
 13.0000
 20
 12.3000
 30
0.0
 42
  0.0000
 0
VERTEX
 8
PARTS
 10
 12.9962
 20
 12.3000
 30
0.0
 42
  0.0000
 0
VERTEX
 8
PARTS
 10
 12.9854
 20
 12.3000
 30
0.0
 42
  0.0000
 0
VERTEX
 8
PARTS
 10
 12.9691
 20
 12.3000
 30
0.0
 42
  0.0000
 0
VERTEX
 8
PARTS
 10
 12.9500
 20
 12.3000
 30
0.0
 42
  0.0000
 0
VERTEX
 8
PARTS
 10
 12.9309
 20
 12.3000
 30
0.0
 42
  0.0000
 0
VERTEX
 8
PARTS
 10
 12.9146
 20
 12.3000
 30
0.0
 42
  0.0000
 0
VERTEX
 8
PARTS
 10
 12.9038
 20
 12.3000
 30
0.0
 42
  0.0000
 0
VERTEX
 8
PARTS
 10
 12.9000
 20
 12.3000
 30
0.0
 42
  0.0000
 0
VERTEX
 8
PARTS
 10
 12.9038
 20
 12.3000
 30
0.0
 42
  0.0000
 0
VERTEX
 8
PARTS
 10
 12.9146
 20
 12.3000
 30
0.0
 42
  0.0000
 0
VERTEX
 8
PARTS
 10
 12.9309
 20
 12.3000
 30
0.0
 42
  0.0000
 0
VERTEX
 8
PARTS
 10
 12.9500
 20
 12.3000
 30
0.0
 42
  0.0000
 0
VERTEX
 8
PARTS
 10
 12.9691
 20
 12.3000
 30
0.0
 42
  0.0000
 0
VERTEX
 8
PARTS
 10
 12.9854
 20
 12.3000
 30
0.0
 42
  0.0000
 0
VERTEX
 8
PARTS
 10
 12.9962
 20
 12.3000
 30
0.0
 42
  0.0000
 0
SEQEND
 8
PARTS
 0
TEXT
 8
PARTTEXT
 10
 16.5500
 20
  7.5186
 30
0.0
 40
  0.0514
 1
C34
 0
TEXT
 8
PARTTEXT
 10
 16.6000
 20
  7.3586
 30
0.0
 40
  0.0514
 1
4.7uF
 0
LINE
 8
PARTS
 10
 16.4000
 20
  7.7000
 30
0.0
 11
 16.4000
 21
  7.6000
 31
0.0
 0
TEXT
 8
PARTS
 10
 16.4300
 20
  7.7000
 30
0.0
 40
  0.0500
 50
270.0000
 1
1
 0
LINE
 8
PARTS
 10
 16.4000
 20
  7.4000
 30
0.0
 11
 16.4000
 21
  7.5000
 31
0.0
 0
TEXT
 8
PARTS
 10
 16.4300
 20
  7.3800
 30
0.0
 40
  0.0500
 50
270.0000
 1
2
 0
POLYLINE
 8
PARTS
 66
1
 10
0.0
 20
0.0
 30
0.0
 0
VERTEX
 8
PARTS
 10
 16.3000
 20
  7.6000
 30
0.0
 0
VERTEX
 8
PARTS
 10
 16.5000
 20
  7.6000
 30
0.0
 0
SEQEND
 8
PARTS
 0
POLYLINE
 8
PARTS
 66
1
 10
0.0
 20
0.0
 30
0.0
 0
VERTEX
 8
PARTS
 10
 16.4000
 20
  7.5600
 30
0.0
 0
VERTEX
 8
PARTS
 10
 16.4000
 20
  7.5000
 30
0.0
 0
SEQEND
 8
PARTS
 0
POLYLINE
 8
PARTS
 66
1
 10
0.0
 20
0.0
 30
0.0
 0
VERTEX
 8
PARTS
 10
 16.5000
 20
  7.5300
 30
0.0
 42
  0.1654
 0
VERTEX
 8
PARTS
 10
 16.4000
 20
  7.5600
 30
0.0
 0
SEQEND
 8
PARTS
 0
POLYLINE
 8
PARTS
 66
1
 10
0.0
 20
0.0
 30
0.0
 0
VERTEX
 8
PARTS
 10
 16.4000
 20
  7.5600
 30
0.0
 42
  0.1654
 0
VERTEX
 8
PARTS
 10
 16.3000
 20
  7.5300
 30
0.0
 0
SEQEND
 8
PARTS
 0
TEXT
 8
PARTTEXT
 10
 24.4000
 20
 11.0186
 30
0.0
 40
  0.0514
 1
R33
 0
TEXT
 8
PARTTEXT
 10
 24.4000
 20
 10.8186
 30
0.0
 40
  0.0514
 1
20k
 0
LINE
 8
PARTS
 10
 24.3000
 20
 10.7000
 30
0.0
 11
 24.3000
 21
 10.8000
 31
0.0
 0
TEXT
 8
PARTS
 10
 24.3300
 20
 10.6800
 30
0.0
 40
  0.0500
 50
270.0000
 1
1
 0
LINE
 8
PARTS
 10
 24.3000
 20
 11.2000
 30
0.0
 11
 24.3000
 21
 11.1000
 31
0.0
 0
TEXT
 8
PARTS
 10
 24.3300
 20
 11.2000
 30
0.0
 40
  0.0500
 50
270.0000
 1
2
 0
POLYLINE
 8
PARTS
 66
1
 10
0.0
 20
0.0
 30
0.0
 0
VERTEX
 8
PARTS
 10
 24.3000
 20
 10.8000
 30
0.0
 0
VERTEX
 8
PARTS
 10
 24.2700
 20
 10.8300
 30
0.0
 0
SEQEND
 8
PARTS
 0
POLYLINE
 8
PARTS
 66
1
 10
0.0
 20
0.0
 30
0.0
 0
VERTEX
 8
PARTS
 10
 24.2700
 20
 10.8300
 30
0.0
 0
VERTEX
 8
PARTS
 10
 24.3300
 20
 10.8900
 30
0.0
 0
SEQEND
 8
PARTS
 0
POLYLINE
 8
PARTS
 66
1
 10
0.0
 20
0.0
 30
0.0
 0
VERTEX
 8
PARTS
 10
 24.3300
 20
 10.8900
 30
0.0
 0
VERTEX
 8
PARTS
 10
 24.2700
 20
 10.9500
 30
0.0
 0
SEQEND
 8
PARTS
 0
POLYLINE
 8
PARTS
 66
1
 10
0.0
 20
0.0
 30
0.0
 0
VERTEX
 8
PARTS
 10
 24.2700
 20
 10.9500
 30
0.0
 0
VERTEX
 8
PARTS
 10
 24.3300
 20
 11.0100
 30
0.0
 0
SEQEND
 8
PARTS
 0
POLYLINE
 8
PARTS
 66
1
 10
0.0
 20
0.0
 30
0.0
 0
VERTEX
 8
PARTS
 10
 24.3300
 20
 11.0100
 30
0.0
 0
VERTEX
 8
PARTS
 10
 24.2700
 20
 11.0700
 30
0.0
 0
SEQEND
 8
PARTS
 0
POLYLINE
 8
PARTS
 66
1
 10
0.0
 20
0.0
 30
0.0
 0
VERTEX
 8
PARTS
 10
 24.2700
 20
 11.0700
 30
0.0
 0
VERTEX
 8
PARTS
 10
 24.3000
 20
 11.1000
 30
0.0
 0
SEQEND
 8
PARTS
 0
TEXT
 8
PARTTEXT
 10
 24.5000
 20
 11.8186
 30
0.0
 40
  0.0514
 1
R24
 0
TEXT
 8
PARTTEXT
 10
 24.5000
 20
 11.6186
 30
0.0
 40
  0.0514
 1
20k
 0
LINE
 8
PARTS
 10
 24.3000
 20
 11.5000
 30
0.0
 11
 24.3000
 21
 11.6000
 31
0.0
 0
TEXT
 8
PARTS
 10
 24.3300
 20
 11.4800
 30
0.0
 40
  0.0500
 50
270.0000
 1
1
 0
LINE
 8
PARTS
 10
 24.3000
 20
 12.0000
 30
0.0
 11
 24.3000
 21
 11.9000
 31
0.0
 0
TEXT
 8
PARTS
 10
 24.3300
 20
 12.0000
 30
0.0
 40
  0.0500
 50
270.0000
 1
2
 0
POLYLINE
 8
PARTS
 66
1
 10
0.0
 20
0.0
 30
0.0
 0
VERTEX
 8
PARTS
 10
 24.3000
 20
 11.6000
 30
0.0
 0
VERTEX
 8
PARTS
 10
 24.2700
 20
 11.6300
 30
0.0
 0
SEQEND
 8
PARTS
 0
POLYLINE
 8
PARTS
 66
1
 10
0.0
 20
0.0
 30
0.0
 0
VERTEX
 8
PARTS
 10
 24.2700
 20
 11.6300
 30
0.0
 0
VERTEX
 8
PARTS
 10
 24.3300
 20
 11.6900
 30
0.0
 0
SEQEND
 8
PARTS
 0
POLYLINE
 8
PARTS
 66
1
 10
0.0
 20
0.0
 30
0.0
 0
VERTEX
 8
PARTS
 10
 24.3300
 20
 11.6900
 30
0.0
 0
VERTEX
 8
PARTS
 10
 24.2700
 20
 11.7500
 30
0.0
 0
SEQEND
 8
PARTS
 0
POLYLINE
 8
PARTS
 66
1
 10
0.0
 20
0.0
 30
0.0
 0
VERTEX
 8
PARTS
 10
 24.2700
 20
 11.7500
 30
0.0
 0
VERTEX
 8
PARTS
 10
 24.3300
 20
 11.8100
 30
0.0
 0
SEQEND
 8
PARTS
 0
POLYLINE
 8
PARTS
 66
1
 10
0.0
 20
0.0
 30
0.0
 0
VERTEX
 8
PARTS
 10
 24.3300
 20
 11.8100
 30
0.0
 0
VERTEX
 8
PARTS
 10
 24.2700
 20
 11.8700
 30
0.0
 0
SEQEND
 8
PARTS
 0
POLYLINE
 8
PARTS
 66
1
 10
0.0
 20
0.0
 30
0.0
 0
VERTEX
 8
PARTS
 10
 24.2700
 20
 11.8700
 30
0.0
 0
VERTEX
 8
PARTS
 10
 24.3000
 20
 11.9000
 30
0.0
 0
SEQEND
 8
PARTS
 0
TEXT
 8
PARTTEXT
 10
 16.3000
 20
 11.8186
 30
0.0
 40
  0.0514
 1
U5
 0
TEXT
 8
PARTTEXT
 10
 16.2000
 20
 11.6186
 30
0.0
 40
  0.0514
 1
INA114
 0
LINE
 8
PARTS
 10
 17.5000
 20
 11.6000
 30
0.0
 11
 17.2000
 21
 11.6000
 31
0.0
 0
TEXT
 8
PARTS
 10
 17.0300
 20
 11.5750
 30
0.0
 40
  0.0500
 1
VO
 0
TEXT
 8
PARTS
 10
 17.2600
 20
 11.6300
 30
0.0
 40
  0.0500
 1
11
 0
LINE
 8
PARTS
 10
 17.5000
 20
 10.8000
 30
0.0
 11
 17.2000
 21
 10.8000
 31
0.0
 0
TEXT
 8
PARTS
 10
 16.9900
 20
 10.7750
 30
0.0
 40
  0.0500
 1
Ref
 0
TEXT
 8
PARTS
 10
 17.2600
 20
 10.8300
 30
0.0
 40
  0.0500
 1
10
 0
LINE
 8
PARTS
 10
 15.5000
 20
 10.8000
 30
0.0
 11
 15.8000
 21
 10.8000
 31
0.0
 0
TEXT
 8
PARTS
 10
 15.8900
 20
 10.7750
 30
0.0
 40
  0.0500
 1
-Vin
 0
TEXT
 8
PARTS
 10
 15.7000
 20
 10.8300
 30
0.0
 40
  0.0500
 1
4
 0
LINE
 8
PARTS
 10
 15.5000
 20
 12.3000
 30
0.0
 11
 15.8000
 21
 12.3000
 31
0.0
 0
TEXT
 8
PARTS
 10
 15.8900
 20
 12.2750
 30
0.0
 40
  0.0500
 1
+Vin
 0
TEXT
 8
PARTS
 10
 15.7000
 20
 12.3300
 30
0.0
 40
  0.0500
 1
5
 0
LINE
 8
PARTS
 10
 15.5000
 20
 11.8000
 30
0.0
 11
 15.8000
 21
 11.8000
 31
0.0
 0
TEXT
 8
PARTS
 10
 15.8900
 20
 11.7750
 30
0.0
 40
  0.0500
 1
Rg1
 0
TEXT
 8
PARTS
 10
 15.7000
 20
 11.8300
 30
0.0
 40
  0.0500
 1
2
 0
LINE
 8
PARTS
 10
 15.5000
 20
 11.3000
 30
0.0
 11
 15.8000
 21
 11.3000
 31
0.0
 0
TEXT
 8
PARTS
 10
 15.8900
 20
 11.2750
 30
0.0
 40
  0.0500
 1
Rg2
 0
TEXT
 8
PARTS
 10
 15.6600
 20
 11.3300
 30
0.0
 40
  0.0500
 1
15
 0
LINE
 8
PARTS
 10
 16.7000
 20
 12.9000
 30
0.0
 11
 16.7000
 21
 12.6000
 31
0.0
 0
TEXT
 8
PARTS
 10
 16.6750
 20
 12.5100
 30
0.0
 40
  0.0500
 50
270.0000
 1
+V
 0
TEXT
 8
PARTS
 10
 16.7300
 20
 12.7400
 30
0.0
 40
  0.0500
 50
270.0000
 1
13
 0
CIRCLE
 8
PARTS
 10
 16.7000
 20
 10.5700
 30
0.0
 40
  0.0300
 0
LINE
 8
PARTS
 10
 16.7000
 20
 10.3000
 30
0.0
 11
 16.7000
 21
 10.5400
 31
0.0
 0
TEXT
 8
PARTS
 10
 16.6750
 20
 10.7700
 30
0.0
 40
  0.0500
 50
270.0000
 1
-V
 0
TEXT
 8
PARTS
 10
 16.7300
 20
 10.4800
 30
0.0
 40
  0.0500
 50
270.0000
 1
7
 0
LINE
 8
PARTS
 10
 17.5000
 20
 12.1000
 30
0.0
 11
 17.2000
 21
 12.1000
 31
0.0
 0
TEXT
 8
PARTS
 10
 16.7900
 20
 12.0750
 30
0.0
 40
  0.0500
 1
Feedback
 0
TEXT
 8
PARTS
 10
 17.2600
 20
 12.1300
 30
0.0
 40
  0.0500
 1
12
 0
POLYLINE
 8
PARTS
 66
1
 10
0.0
 20
0.0
 30
0.0
 0
VERTEX
 8
PARTS
 10
 17.0000
 20
 11.6000
 30
0.0
 0
VERTEX
 8
PARTS
 10
 16.6000
 20
 12.0000
 30
0.0
 0
SEQEND
 8
PARTS
 0
POLYLINE
 8
PARTS
 66
1
 10
0.0
 20
0.0
 30
0.0
 0
VERTEX
 8
PARTS
 10
 17.0000
 20
 11.6000
 30
0.0
 0
VERTEX
 8
PARTS
 10
 16.6000
 20
 11.2000
 30
0.0
 0
SEQEND
 8
PARTS
 0
POLYLINE
 8
PARTS
 66
1
 10
0.0
 20
0.0
 30
0.0
 0
VERTEX
 8
PARTS
 10
 16.6000
 20
 11.2000
 30
0.0
 0
VERTEX
 8
PARTS
 10
 16.6000
 20
 12.0000
 30
0.0
 0
SEQEND
 8
PARTS
 0
POLYLINE
 8
PARTS
 66
1
 10
0.0
 20
0.0
 30
0.0
 0
VERTEX
 8
PARTS
 10
 16.4000
 20
 11.1000
 30
0.0
 0
VERTEX
 8
PARTS
 10
 16.0000
 20
 10.7000
 30
0.0
 0
SEQEND
 8
PARTS
 0
POLYLINE
 8
PARTS
 66
1
 10
0.0
 20
0.0
 30
0.0
 0
VERTEX
 8
PARTS
 10
 16.4000
 20
 12.1000
 30
0.0
 0
VERTEX
 8
PARTS
 10
 16.0000
 20
 11.7000
 30
0.0
 0
SEQEND
 8
PARTS
 0
POLYLINE
 8
PARTS
 66
1
 10
0.0
 20
0.0
 30
0.0
 0
VERTEX
 8
PARTS
 10
 16.4000
 20
 12.1000
 30
0.0
 0
VERTEX
 8
PARTS
 10
 16.0000
 20
 12.5000
 30
0.0
 0
SEQEND
 8
PARTS
 0
POLYLINE
 8
PARTS
 66
1
 10
0.0
 20
0.0
 30
0.0
 0
VERTEX
 8
PARTS
 10
 16.4000
 20
 11.1000
 30
0.0
 0
VERTEX
 8
PARTS
 10
 16.0000
 20
 11.5000
 30
0.0
 0
SEQEND
 8
PARTS
 0
POLYLINE
 8
PARTS
 66
1
 10
0.0
 20
0.0
 30
0.0
 0
VERTEX
 8
PARTS
 10
 16.0000
 20
 11.7000
 30
0.0
 0
VERTEX
 8
PARTS
 10
 16.0000
 20
 12.5000
 30
0.0
 0
SEQEND
 8
PARTS
 0
POLYLINE
 8
PARTS
 66
1
 10
0.0
 20
0.0
 30
0.0
 0
VERTEX
 8
PARTS
 10
 16.0000
 20
 10.7000
 30
0.0
 0
VERTEX
 8
PARTS
 10
 16.0000
 20
 11.5000
 30
0.0
 0
SEQEND
 8
PARTS
 0
POLYLINE
 8
PARTS
 66
1
 10
0.0
 20
0.0
 30
0.0
 0
VERTEX
 8
PARTS
 10
 16.0000
 20
 12.3000
 30
0.0
 0
VERTEX
 8
PARTS
 10
 15.8000
 20
 12.3000
 30
0.0
 0
SEQEND
 8
PARTS
 0
POLYLINE
 8
PARTS
 66
1
 10
0.0
 20
0.0
 30
0.0
 0
VERTEX
 8
PARTS
 10
 16.0000
 20
 11.3000
 30
0.0
 0
VERTEX
 8
PARTS
 10
 15.8000
 20
 11.3000
 30
0.0
 0
SEQEND
 8
PARTS
 0
POLYLINE
 8
PARTS
 66
1
 10
0.0
 20
0.0
 30
0.0
 0
VERTEX
 8
PARTS
 10
 16.0000
 20
 10.8000
 30
0.0
 0
VERTEX
 8
PARTS
 10
 15.8000
 20
 10.8000
 30
0.0
 0
SEQEND
 8
PARTS
 0
POLYLINE
 8
PARTS
 66
1
 10
0.0
 20
0.0
 30
0.0
 0
VERTEX
 8
PARTS
 10
 16.0000
 20
 11.8000
 30
0.0
 0
VERTEX
 8
PARTS
 10
 15.8000
 20
 11.8000
 30
0.0
 0
SEQEND
 8
PARTS
 0
POLYLINE
 8
PARTS
 66
1
 10
0.0
 20
0.0
 30
0.0
 0
VERTEX
 8
PARTS
 10
 17.2000
 20
 11.6000
 30
0.0
 0
VERTEX
 8
PARTS
 10
 17.0000
 20
 11.6000
 30
0.0
 0
SEQEND
 8
PARTS
 0
POLYLINE
 8
PARTS
 66
1
 70
1
 10
0.0
 20
0.0
 30
0.0
 0
VERTEX
 8
PARTS
 10
 15.8000
 20
 12.6000
 30
0.0
 0
VERTEX
 8
PARTS
 10
 17.2000
 20
 12.6000
 30
0.0
 0
VERTEX
 8
PARTS
 10
 17.2000
 20
 10.6000
 30
0.0
 0
VERTEX
 8
PARTS
 10
 15.8000
 20
 10.6000
 30
0.0
 0
SEQEND
 8
PARTS
 0
POLYLINE
 8
PARTS
 66
1
 10
0.0
 20
0.0
 30
0.0
 0
VERTEX
 8
PARTS
 10
 16.4000
 20
 12.1000
 30
0.0
 0
VERTEX
 8
PARTS
 10
 16.5000
 20
 12.1000
 30
0.0
 0
SEQEND
 8
PARTS
 0
POLYLINE
 8
PARTS
 66
1
 10
0.0
 20
0.0
 30
0.0
 0
VERTEX
 8
PARTS
 10
 16.5000
 20
 12.1000
 30
0.0
 0
VERTEX
 8
PARTS
 10
 16.5000
 20
 11.8000
 30
0.0
 0
SEQEND
 8
PARTS
 0
POLYLINE
 8
PARTS
 66
1
 10
0.0
 20
0.0
 30
0.0
 0
VERTEX
 8
PARTS
 10
 16.4000
 20
 11.1000
 30
0.0
 0
VERTEX
 8
PARTS
 10
 16.5000
 20
 11.1000
 30
0.0
 0
SEQEND
 8
PARTS
 0
POLYLINE
 8
PARTS
 66
1
 10
0.0
 20
0.0
 30
0.0
 0
VERTEX
 8
PARTS
 10
 16.5000
 20
 11.1000
 30
0.0
 0
VERTEX
 8
PARTS
 10
 16.5000
 20
 11.4000
 30
0.0
 0
SEQEND
 8
PARTS
 0
POLYLINE
 8
PARTS
 66
1
 10
0.0
 20
0.0
 30
0.0
 0
VERTEX
 8
PARTS
 10
 16.5000
 20
 11.8000
 30
0.0
 0
VERTEX
 8
PARTS
 10
 16.6000
 20
 11.8000
 30
0.0
 0
SEQEND
 8
PARTS
 0
POLYLINE
 8
PARTS
 66
1
 10
0.0
 20
0.0
 30
0.0
 0
VERTEX
 8
PARTS
 10
 16.5000
 20
 11.4000
 30
0.0
 0
VERTEX
 8
PARTS
 10
 16.6000
 20
 11.4000
 30
0.0
 0
SEQEND
 8
PARTS
 0
TEXT
 8
PARTTEXT
 10
 14.0000
 20
 11.2186
 30
0.0
 40
  0.0514
 1
R32
 0
TEXT
 8
PARTTEXT
 10
 14.0000
 20
 11.0186
 30
0.0
 40
  0.0514
 1
20k
 0
LINE
 8
PARTS
 10
 13.9000
 20
 10.9000
 30
0.0
 11
 13.9000
 21
 11.0000
 31
0.0
 0
TEXT
 8
PARTS
 10
 13.9300
 20
 10.8800
 30
0.0
 40
  0.0500
 50
270.0000
 1
1
 0
LINE
 8
PARTS
 10
 13.9000
 20
 11.4000
 30
0.0
 11
 13.9000
 21
 11.3000
 31
0.0
 0
TEXT
 8
PARTS
 10
 13.9300
 20
 11.4000
 30
0.0
 40
  0.0500
 50
270.0000
 1
2
 0
POLYLINE
 8
PARTS
 66
1
 10
0.0
 20
0.0
 30
0.0
 0
VERTEX
 8
PARTS
 10
 13.9000
 20
 11.0000
 30
0.0
 0
VERTEX
 8
PARTS
 10
 13.8700
 20
 11.0300
 30
0.0
 0
SEQEND
 8
PARTS
 0
POLYLINE
 8
PARTS
 66
1
 10
0.0
 20
0.0
 30
0.0
 0
VERTEX
 8
PARTS
 10
 13.8700
 20
 11.0300
 30
0.0
 0
VERTEX
 8
PARTS
 10
 13.9300
 20
 11.0900
 30
0.0
 0
SEQEND
 8
PARTS
 0
POLYLINE
 8
PARTS
 66
1
 10
0.0
 20
0.0
 30
0.0
 0
VERTEX
 8
PARTS
 10
 13.9300
 20
 11.0900
 30
0.0
 0
VERTEX
 8
PARTS
 10
 13.8700
 20
 11.1500
 30
0.0
 0
SEQEND
 8
PARTS
 0
POLYLINE
 8
PARTS
 66
1
 10
0.0
 20
0.0
 30
0.0
 0
VERTEX
 8
PARTS
 10
 13.8700
 20
 11.1500
 30
0.0
 0
VERTEX
 8
PARTS
 10
 13.9300
 20
 11.2100
 30
0.0
 0
SEQEND
 8
PARTS
 0
POLYLINE
 8
PARTS
 66
1
 10
0.0
 20
0.0
 30
0.0
 0
VERTEX
 8
PARTS
 10
 13.9300
 20
 11.2100
 30
0.0
 0
VERTEX
 8
PARTS
 10
 13.8700
 20
 11.2700
 30
0.0
 0
SEQEND
 8
PARTS
 0
POLYLINE
 8
PARTS
 66
1
 10
0.0
 20
0.0
 30
0.0
 0
VERTEX
 8
PARTS
 10
 13.8700
 20
 11.2700
 30
0.0
 0
VERTEX
 8
PARTS
 10
 13.9000
 20
 11.3000
 30
0.0
 0
SEQEND
 8
PARTS
 0
TEXT
 8
PARTTEXT
 10
 13.2000
 20
  6.9186
 30
0.0
 40
  0.0514
 1
R39
 0
TEXT
 8
PARTTEXT
 10
 13.1000
 20
  6.8186
 30
0.0
 40
  0.0514
 1
Zero Ohm
 0
LINE
 8
PARTS
 10
 13.0000
 20
  6.6000
 30
0.0
 11
 13.1000
 21
  6.6000
 31
0.0
 0
TEXT
 8
PARTS
 10
 13.0000
 20
  6.6300
 30
0.0
 40
  0.0500
 1
1
 0
LINE
 8
PARTS
 10
 13.5000
 20
  6.6000
 30
0.0
 11
 13.4000
 21
  6.6000
 31
0.0
 0
TEXT
 8
PARTS
 10
 13.4600
 20
  6.6300
 30
0.0
 40
  0.0500
 1
2
 0
LINE
 8
PARTS
 10
 13.0000
 20
  6.7000
 30
0.0
 11
 13.1000
 21
  6.7000
 31
0.0
 0
TEXT
 8
PARTS
 10
 13.0000
 20
  6.7300
 30
0.0
 40
  0.0500
 1
3
 0
LINE
 8
PARTS
 10
 13.5000
 20
  6.7000
 30
0.0
 11
 13.4000
 21
  6.7000
 31
0.0
 0
TEXT
 8
PARTS
 10
 13.4600
 20
  6.7300
 30
0.0
 40
  0.0500
 1
4
 0
POLYLINE
 8
PARTS
 66
1
 10
0.0
 20
0.0
 30
0.0
 0
VERTEX
 8
PARTS
 10
 13.1000
 20
  6.6000
 30
0.0
 0
VERTEX
 8
PARTS
 10
 13.1300
 20
  6.6300
 30
0.0
 0
SEQEND
 8
PARTS
 0
POLYLINE
 8
PARTS
 66
1
 10
0.0
 20
0.0
 30
0.0
 0
VERTEX
 8
PARTS
 10
 13.1300
 20
  6.6300
 30
0.0
 0
VERTEX
 8
PARTS
 10
 13.1900
 20
  6.5700
 30
0.0
 0
SEQEND
 8
PARTS
 0
POLYLINE
 8
PARTS
 66
1
 10
0.0
 20
0.0
 30
0.0
 0
VERTEX
 8
PARTS
 10
 13.1900
 20
  6.5700
 30
0.0
 0
VERTEX
 8
PARTS
 10
 13.2500
 20
  6.6300
 30
0.0
 0
SEQEND
 8
PARTS
 0
POLYLINE
 8
PARTS
 66
1
 10
0.0
 20
0.0
 30
0.0
 0
VERTEX
 8
PARTS
 10
 13.2500
 20
  6.6300
 30
0.0
 0
VERTEX
 8
PARTS
 10
 13.3100
 20
  6.5700
 30
0.0
 0
SEQEND
 8
PARTS
 0
POLYLINE
 8
PARTS
 66
1
 10
0.0
 20
0.0
 30
0.0
 0
VERTEX
 8
PARTS
 10
 13.3100
 20
  6.5700
 30
0.0
 0
VERTEX
 8
PARTS
 10
 13.3700
 20
  6.6300
 30
0.0
 0
SEQEND
 8
PARTS
 0
POLYLINE
 8
PARTS
 66
1
 10
0.0
 20
0.0
 30
0.0
 0
VERTEX
 8
PARTS
 10
 13.3700
 20
  6.6300
 30
0.0
 0
VERTEX
 8
PARTS
 10
 13.4000
 20
  6.6000
 30
0.0
 0
SEQEND
 8
PARTS
 0
POLYLINE
 8
PARTS
 66
1
 10
0.0
 20
0.0
 30
0.0
 0
VERTEX
 8
PARTS
 10
 13.1000
 20
  6.7000
 30
0.0
 0
VERTEX
 8
PARTS
 10
 13.1300
 20
  6.7300
 30
0.0
 0
SEQEND
 8
PARTS
 0
POLYLINE
 8
PARTS
 66
1
 10
0.0
 20
0.0
 30
0.0
 0
VERTEX
 8
PARTS
 10
 13.1300
 20
  6.7300
 30
0.0
 0
VERTEX
 8
PARTS
 10
 13.1900
 20
  6.6700
 30
0.0
 0
SEQEND
 8
PARTS
 0
POLYLINE
 8
PARTS
 66
1
 10
0.0
 20
0.0
 30
0.0
 0
VERTEX
 8
PARTS
 10
 13.1900
 20
  6.6700
 30
0.0
 0
VERTEX
 8
PARTS
 10
 13.2500
 20
  6.7300
 30
0.0
 0
SEQEND
 8
PARTS
 0
POLYLINE
 8
PARTS
 66
1
 10
0.0
 20
0.0
 30
0.0
 0
VERTEX
 8
PARTS
 10
 13.2500
 20
  6.7300
 30
0.0
 0
VERTEX
 8
PARTS
 10
 13.3100
 20
  6.6700
 30
0.0
 0
SEQEND
 8
PARTS
 0
POLYLINE
 8
PARTS
 66
1
 10
0.0
 20
0.0
 30
0.0
 0
VERTEX
 8
PARTS
 10
 13.3100
 20
  6.6700
 30
0.0
 0
VERTEX
 8
PARTS
 10
 13.3700
 20
  6.7300
 30
0.0
 0
SEQEND
 8
PARTS
 0
POLYLINE
 8
PARTS
 66
1
 10
0.0
 20
0.0
 30
0.0
 0
VERTEX
 8
PARTS
 10
 13.3700
 20
  6.7300
 30
0.0
 0
VERTEX
 8
PARTS
 10
 13.4000
 20
  6.7000
 30
0.0
 0
SEQEND
 8
PARTS
 0
POLYLINE
 8
PARTS
 66
1
 70
1
 10
0.0
 20
0.0
 30
0.0
 0
VERTEX
 8
PARTS
 10
 13.3500
 20
  6.6400
 30
0.0
 42
  0.0985
 0
VERTEX
 8
PARTS
 10
 13.3424
 20
  6.6783
 30
0.0
 42
  0.0985
 0
VERTEX
 8
PARTS
 10
 13.3207
 20
  6.7107
 30
0.0
 42
  0.0985
 0
VERTEX
 8
PARTS
 10
 13.2883
 20
  6.7324
 30
0.0
 42
  0.0985
 0
VERTEX
 8
PARTS
 10
 13.2500
 20
  6.7400
 30
0.0
 42
  0.0985
 0
VERTEX
 8
PARTS
 10
 13.2117
 20
  6.7324
 30
0.0
 42
  0.0985
 0
VERTEX
 8
PARTS
 10
 13.1793
 20
  6.7107
 30
0.0
 42
  0.0985
 0
VERTEX
 8
PARTS
 10
 13.1576
 20
  6.6783
 30
0.0
 42
  0.0985
 0
VERTEX
 8
PARTS
 10
 13.1500
 20
  6.6400
 30
0.0
 42
  0.0985
 0
VERTEX
 8
PARTS
 10
 13.1576
 20
  6.6017
 30
0.0
 42
  0.0985
 0
VERTEX
 8
PARTS
 10
 13.1793
 20
  6.5693
 30
0.0
 42
  0.0985
 0
VERTEX
 8
PARTS
 10
 13.2117
 20
  6.5476
 30
0.0
 42
  0.0985
 0
VERTEX
 8
PARTS
 10
 13.2500
 20
  6.5400
 30
0.0
 42
  0.0985
 0
VERTEX
 8
PARTS
 10
 13.2883
 20
  6.5476
 30
0.0
 42
  0.0985
 0
VERTEX
 8
PARTS
 10
 13.3207
 20
  6.5693
 30
0.0
 42
  0.0985
 0
VERTEX
 8
PARTS
 10
 13.3424
 20
  6.6017
 30
0.0
 42
  0.0985
 0
SEQEND
 8
PARTS
 0
POLYLINE
 8
PARTS
 66
1
 70
1
 10
0.0
 20
0.0
 30
0.0
 0
VERTEX
 8
PARTS
 10
 13.2000
 20
  6.7000
 30
0.0
 42
  0.0000
 0
VERTEX
 8
PARTS
 10
 13.1962
 20
  6.7000
 30
0.0
 42
  0.0000
 0
VERTEX
 8
PARTS
 10
 13.1854
 20
  6.7000
 30
0.0
 42
  0.0000
 0
VERTEX
 8
PARTS
 10
 13.1691
 20
  6.7000
 30
0.0
 42
  0.0000
 0
VERTEX
 8
PARTS
 10
 13.1500
 20
  6.7000
 30
0.0
 42
  0.0000
 0
VERTEX
 8
PARTS
 10
 13.1309
 20
  6.7000
 30
0.0
 42
  0.0000
 0
VERTEX
 8
PARTS
 10
 13.1146
 20
  6.7000
 30
0.0
 42
  0.0000
 0
VERTEX
 8
PARTS
 10
 13.1038
 20
  6.7000
 30
0.0
 42
  0.0000
 0
VERTEX
 8
PARTS
 10
 13.1000
 20
  6.7000
 30
0.0
 42
  0.0000
 0
VERTEX
 8
PARTS
 10
 13.1038
 20
  6.7000
 30
0.0
 42
  0.0000
 0
VERTEX
 8
PARTS
 10
 13.1146
 20
  6.7000
 30
0.0
 42
  0.0000
 0
VERTEX
 8
PARTS
 10
 13.1309
 20
  6.7000
 30
0.0
 42
  0.0000
 0
VERTEX
 8
PARTS
 10
 13.1500
 20
  6.7000
 30
0.0
 42
  0.0000
 0
VERTEX
 8
PARTS
 10
 13.1691
 20
  6.7000
 30
0.0
 42
  0.0000
 0
VERTEX
 8
PARTS
 10
 13.1854
 20
  6.7000
 30
0.0
 42
  0.0000
 0
VERTEX
 8
PARTS
 10
 13.1962
 20
  6.7000
 30
0.0
 42
  0.0000
 0
SEQEND
 8
PARTS
 0
TEXT
 8
PARTTEXT
 10
 13.1000
 20
  5.5186
 30
0.0
 40
  0.0514
 1
R53
 0
TEXT
 8
PARTTEXT
 10
 13.0000
 20
  5.4186
 30
0.0
 40
  0.0514
 1
Zero Ohm
 0
LINE
 8
PARTS
 10
 12.9000
 20
  5.2000
 30
0.0
 11
 13.0000
 21
  5.2000
 31
0.0
 0
TEXT
 8
PARTS
 10
 12.9000
 20
  5.2300
 30
0.0
 40
  0.0500
 1
1
 0
LINE
 8
PARTS
 10
 13.4000
 20
  5.2000
 30
0.0
 11
 13.3000
 21
  5.2000
 31
0.0
 0
TEXT
 8
PARTS
 10
 13.3600
 20
  5.2300
 30
0.0
 40
  0.0500
 1
2
 0
LINE
 8
PARTS
 10
 12.9000
 20
  5.3000
 30
0.0
 11
 13.0000
 21
  5.3000
 31
0.0
 0
TEXT
 8
PARTS
 10
 12.9000
 20
  5.3300
 30
0.0
 40
  0.0500
 1
3
 0
LINE
 8
PARTS
 10
 13.4000
 20
  5.3000
 30
0.0
 11
 13.3000
 21
  5.3000
 31
0.0
 0
TEXT
 8
PARTS
 10
 13.3600
 20
  5.3300
 30
0.0
 40
  0.0500
 1
4
 0
POLYLINE
 8
PARTS
 66
1
 10
0.0
 20
0.0
 30
0.0
 0
VERTEX
 8
PARTS
 10
 13.0000
 20
  5.2000
 30
0.0
 0
VERTEX
 8
PARTS
 10
 13.0300
 20
  5.2300
 30
0.0
 0
SEQEND
 8
PARTS
 0
POLYLINE
 8
PARTS
 66
1
 10
0.0
 20
0.0
 30
0.0
 0
VERTEX
 8
PARTS
 10
 13.0300
 20
  5.2300
 30
0.0
 0
VERTEX
 8
PARTS
 10
 13.0900
 20
  5.1700
 30
0.0
 0
SEQEND
 8
PARTS
 0
POLYLINE
 8
PARTS
 66
1
 10
0.0
 20
0.0
 30
0.0
 0
VERTEX
 8
PARTS
 10
 13.0900
 20
  5.1700
 30
0.0
 0
VERTEX
 8
PARTS
 10
 13.1500
 20
  5.2300
 30
0.0
 0
SEQEND
 8
PARTS
 0
POLYLINE
 8
PARTS
 66
1
 10
0.0
 20
0.0
 30
0.0
 0
VERTEX
 8
PARTS
 10
 13.1500
 20
  5.2300
 30
0.0
 0
VERTEX
 8
PARTS
 10
 13.2100
 20
  5.1700
 30
0.0
 0
SEQEND
 8
PARTS
 0
POLYLINE
 8
PARTS
 66
1
 10
0.0
 20
0.0
 30
0.0
 0
VERTEX
 8
PARTS
 10
 13.2100
 20
  5.1700
 30
0.0
 0
VERTEX
 8
PARTS
 10
 13.2700
 20
  5.2300
 30
0.0
 0
SEQEND
 8
PARTS
 0
POLYLINE
 8
PARTS
 66
1
 10
0.0
 20
0.0
 30
0.0
 0
VERTEX
 8
PARTS
 10
 13.2700
 20
  5.2300
 30
0.0
 0
VERTEX
 8
PARTS
 10
 13.3000
 20
  5.2000
 30
0.0
 0
SEQEND
 8
PARTS
 0
POLYLINE
 8
PARTS
 66
1
 10
0.0
 20
0.0
 30
0.0
 0
VERTEX
 8
PARTS
 10
 13.0000
 20
  5.3000
 30
0.0
 0
VERTEX
 8
PARTS
 10
 13.0300
 20
  5.3300
 30
0.0
 0
SEQEND
 8
PARTS
 0
POLYLINE
 8
PARTS
 66
1
 10
0.0
 20
0.0
 30
0.0
 0
VERTEX
 8
PARTS
 10
 13.0300
 20
  5.3300
 30
0.0
 0
VERTEX
 8
PARTS
 10
 13.0900
 20
  5.2700
 30
0.0
 0
SEQEND
 8
PARTS
 0
POLYLINE
 8
PARTS
 66
1
 10
0.0
 20
0.0
 30
0.0
 0
VERTEX
 8
PARTS
 10
 13.0900
 20
  5.2700
 30
0.0
 0
VERTEX
 8
PARTS
 10
 13.1500
 20
  5.3300
 30
0.0
 0
SEQEND
 8
PARTS
 0
POLYLINE
 8
PARTS
 66
1
 10
0.0
 20
0.0
 30
0.0
 0
VERTEX
 8
PARTS
 10
 13.1500
 20
  5.3300
 30
0.0
 0
VERTEX
 8
PARTS
 10
 13.2100
 20
  5.2700
 30
0.0
 0
SEQEND
 8
PARTS
 0
POLYLINE
 8
PARTS
 66
1
 10
0.0
 20
0.0
 30
0.0
 0
VERTEX
 8
PARTS
 10
 13.2100
 20
  5.2700
 30
0.0
 0
VERTEX
 8
PARTS
 10
 13.2700
 20
  5.3300
 30
0.0
 0
SEQEND
 8
PARTS
 0
POLYLINE
 8
PARTS
 66
1
 10
0.0
 20
0.0
 30
0.0
 0
VERTEX
 8
PARTS
 10
 13.2700
 20
  5.3300
 30
0.0
 0
VERTEX
 8
PARTS
 10
 13.3000
 20
  5.3000
 30
0.0
 0
SEQEND
 8
PARTS
 0
POLYLINE
 8
PARTS
 66
1
 70
1
 10
0.0
 20
0.0
 30
0.0
 0
VERTEX
 8
PARTS
 10
 13.2500
 20
  5.2400
 30
0.0
 42
  0.0985
 0
VERTEX
 8
PARTS
 10
 13.2424
 20
  5.2783
 30
0.0
 42
  0.0985
 0
VERTEX
 8
PARTS
 10
 13.2207
 20
  5.3107
 30
0.0
 42
  0.0985
 0
VERTEX
 8
PARTS
 10
 13.1883
 20
  5.3324
 30
0.0
 42
  0.0985
 0
VERTEX
 8
PARTS
 10
 13.1500
 20
  5.3400
 30
0.0
 42
  0.0985
 0
VERTEX
 8
PARTS
 10
 13.1117
 20
  5.3324
 30
0.0
 42
  0.0985
 0
VERTEX
 8
PARTS
 10
 13.0793
 20
  5.3107
 30
0.0
 42
  0.0985
 0
VERTEX
 8
PARTS
 10
 13.0576
 20
  5.2783
 30
0.0
 42
  0.0985
 0
VERTEX
 8
PARTS
 10
 13.0500
 20
  5.2400
 30
0.0
 42
  0.0985
 0
VERTEX
 8
PARTS
 10
 13.0576
 20
  5.2017
 30
0.0
 42
  0.0985
 0
VERTEX
 8
PARTS
 10
 13.0793
 20
  5.1693
 30
0.0
 42
  0.0985
 0
VERTEX
 8
PARTS
 10
 13.1117
 20
  5.1476
 30
0.0
 42
  0.0985
 0
VERTEX
 8
PARTS
 10
 13.1500
 20
  5.1400
 30
0.0
 42
  0.0985
 0
VERTEX
 8
PARTS
 10
 13.1883
 20
  5.1476
 30
0.0
 42
  0.0985
 0
VERTEX
 8
PARTS
 10
 13.2207
 20
  5.1693
 30
0.0
 42
  0.0985
 0
VERTEX
 8
PARTS
 10
 13.2424
 20
  5.2017
 30
0.0
 42
  0.0985
 0
SEQEND
 8
PARTS
 0
POLYLINE
 8
PARTS
 66
1
 70
1
 10
0.0
 20
0.0
 30
0.0
 0
VERTEX
 8
PARTS
 10
 13.1000
 20
  5.3000
 30
0.0
 42
  0.0000
 0
VERTEX
 8
PARTS
 10
 13.0962
 20
  5.3000
 30
0.0
 42
  0.0000
 0
VERTEX
 8
PARTS
 10
 13.0854
 20
  5.3000
 30
0.0
 42
  0.0000
 0
VERTEX
 8
PARTS
 10
 13.0691
 20
  5.3000
 30
0.0
 42
  0.0000
 0
VERTEX
 8
PARTS
 10
 13.0500
 20
  5.3000
 30
0.0
 42
  0.0000
 0
VERTEX
 8
PARTS
 10
 13.0309
 20
  5.3000
 30
0.0
 42
  0.0000
 0
VERTEX
 8
PARTS
 10
 13.0146
 20
  5.3000
 30
0.0
 42
  0.0000
 0
VERTEX
 8
PARTS
 10
 13.0038
 20
  5.3000
 30
0.0
 42
  0.0000
 0
VERTEX
 8
PARTS
 10
 13.0000
 20
  5.3000
 30
0.0
 42
  0.0000
 0
VERTEX
 8
PARTS
 10
 13.0038
 20
  5.3000
 30
0.0
 42
  0.0000
 0
VERTEX
 8
PARTS
 10
 13.0146
 20
  5.3000
 30
0.0
 42
  0.0000
 0
VERTEX
 8
PARTS
 10
 13.0309
 20
  5.3000
 30
0.0
 42
  0.0000
 0
VERTEX
 8
PARTS
 10
 13.0500
 20
  5.3000
 30
0.0
 42
  0.0000
 0
VERTEX
 8
PARTS
 10
 13.0691
 20
  5.3000
 30
0.0
 42
  0.0000
 0
VERTEX
 8
PARTS
 10
 13.0854
 20
  5.3000
 30
0.0
 42
  0.0000
 0
VERTEX
 8
PARTS
 10
 13.0962
 20
  5.3000
 30
0.0
 42
  0.0000
 0
SEQEND
 8
PARTS
 0
TEXT
 8
PARTTEXT
 10
  3.8000
 20
 11.4186
 30
0.0
 40
  0.0514
 1
R34
 0
TEXT
 8
PARTTEXT
 10
  3.7000
 20
 11.3186
 30
0.0
 40
  0.0514
 1
Zero Ohm
 0
LINE
 8
PARTS
 10
  3.6000
 20
 11.1000
 30
0.0
 11
  3.7000
 21
 11.1000
 31
0.0
 0
TEXT
 8
PARTS
 10
  3.6000
 20
 11.1300
 30
0.0
 40
  0.0500
 1
1
 0
LINE
 8
PARTS
 10
  4.1000
 20
 11.1000
 30
0.0
 11
  4.0000
 21
 11.1000
 31
0.0
 0
TEXT
 8
PARTS
 10
  4.0600
 20
 11.1300
 30
0.0
 40
  0.0500
 1
2
 0
LINE
 8
PARTS
 10
  3.6000
 20
 11.2000
 30
0.0
 11
  3.7000
 21
 11.2000
 31
0.0
 0
TEXT
 8
PARTS
 10
  3.6000
 20
 11.2300
 30
0.0
 40
  0.0500
 1
3
 0
LINE
 8
PARTS
 10
  4.1000
 20
 11.2000
 30
0.0
 11
  4.0000
 21
 11.2000
 31
0.0
 0
TEXT
 8
PARTS
 10
  4.0600
 20
 11.2300
 30
0.0
 40
  0.0500
 1
4
 0
POLYLINE
 8
PARTS
 66
1
 10
0.0
 20
0.0
 30
0.0
 0
VERTEX
 8
PARTS
 10
  3.7000
 20
 11.1000
 30
0.0
 0
VERTEX
 8
PARTS
 10
  3.7300
 20
 11.1300
 30
0.0
 0
SEQEND
 8
PARTS
 0
POLYLINE
 8
PARTS
 66
1
 10
0.0
 20
0.0
 30
0.0
 0
VERTEX
 8
PARTS
 10
  3.7300
 20
 11.1300
 30
0.0
 0
VERTEX
 8
PARTS
 10
  3.7900
 20
 11.0700
 30
0.0
 0
SEQEND
 8
PARTS
 0
POLYLINE
 8
PARTS
 66
1
 10
0.0
 20
0.0
 30
0.0
 0
VERTEX
 8
PARTS
 10
  3.7900
 20
 11.0700
 30
0.0
 0
VERTEX
 8
PARTS
 10
  3.8500
 20
 11.1300
 30
0.0
 0
SEQEND
 8
PARTS
 0
POLYLINE
 8
PARTS
 66
1
 10
0.0
 20
0.0
 30
0.0
 0
VERTEX
 8
PARTS
 10
  3.8500
 20
 11.1300
 30
0.0
 0
VERTEX
 8
PARTS
 10
  3.9100
 20
 11.0700
 30
0.0
 0
SEQEND
 8
PARTS
 0
POLYLINE
 8
PARTS
 66
1
 10
0.0
 20
0.0
 30
0.0
 0
VERTEX
 8
PARTS
 10
  3.9100
 20
 11.0700
 30
0.0
 0
VERTEX
 8
PARTS
 10
  3.9700
 20
 11.1300
 30
0.0
 0
SEQEND
 8
PARTS
 0
POLYLINE
 8
PARTS
 66
1
 10
0.0
 20
0.0
 30
0.0
 0
VERTEX
 8
PARTS
 10
  3.9700
 20
 11.1300
 30
0.0
 0
VERTEX
 8
PARTS
 10
  4.0000
 20
 11.1000
 30
0.0
 0
SEQEND
 8
PARTS
 0
POLYLINE
 8
PARTS
 66
1
 10
0.0
 20
0.0
 30
0.0
 0
VERTEX
 8
PARTS
 10
  3.7000
 20
 11.2000
 30
0.0
 0
VERTEX
 8
PARTS
 10
  3.7300
 20
 11.2300
 30
0.0
 0
SEQEND
 8
PARTS
 0
POLYLINE
 8
PARTS
 66
1
 10
0.0
 20
0.0
 30
0.0
 0
VERTEX
 8
PARTS
 10
  3.7300
 20
 11.2300
 30
0.0
 0
VERTEX
 8
PARTS
 10
  3.7900
 20
 11.1700
 30
0.0
 0
SEQEND
 8
PARTS
 0
POLYLINE
 8
PARTS
 66
1
 10
0.0
 20
0.0
 30
0.0
 0
VERTEX
 8
PARTS
 10
  3.7900
 20
 11.1700
 30
0.0
 0
VERTEX
 8
PARTS
 10
  3.8500
 20
 11.2300
 30
0.0
 0
SEQEND
 8
PARTS
 0
POLYLINE
 8
PARTS
 66
1
 10
0.0
 20
0.0
 30
0.0
 0
VERTEX
 8
PARTS
 10
  3.8500
 20
 11.2300
 30
0.0
 0
VERTEX
 8
PARTS
 10
  3.9100
 20
 11.1700
 30
0.0
 0
SEQEND
 8
PARTS
 0
POLYLINE
 8
PARTS
 66
1
 10
0.0
 20
0.0
 30
0.0
 0
VERTEX
 8
PARTS
 10
  3.9100
 20
 11.1700
 30
0.0
 0
VERTEX
 8
PARTS
 10
  3.9700
 20
 11.2300
 30
0.0
 0
SEQEND
 8
PARTS
 0
POLYLINE
 8
PARTS
 66
1
 10
0.0
 20
0.0
 30
0.0
 0
VERTEX
 8
PARTS
 10
  3.9700
 20
 11.2300
 30
0.0
 0
VERTEX
 8
PARTS
 10
  4.0000
 20
 11.2000
 30
0.0
 0
SEQEND
 8
PARTS
 0
POLYLINE
 8
PARTS
 66
1
 70
1
 10
0.0
 20
0.0
 30
0.0
 0
VERTEX
 8
PARTS
 10
  3.9500
 20
 11.1400
 30
0.0
 42
  0.0985
 0
VERTEX
 8
PARTS
 10
  3.9424
 20
 11.1783
 30
0.0
 42
  0.0985
 0
VERTEX
 8
PARTS
 10
  3.9207
 20
 11.2107
 30
0.0
 42
  0.0985
 0
VERTEX
 8
PARTS
 10
  3.8883
 20
 11.2324
 30
0.0
 42
  0.0985
 0
VERTEX
 8
PARTS
 10
  3.8500
 20
 11.2400
 30
0.0
 42
  0.0985
 0
VERTEX
 8
PARTS
 10
  3.8117
 20
 11.2324
 30
0.0
 42
  0.0985
 0
VERTEX
 8
PARTS
 10
  3.7793
 20
 11.2107
 30
0.0
 42
  0.0985
 0
VERTEX
 8
PARTS
 10
  3.7576
 20
 11.1783
 30
0.0
 42
  0.0985
 0
VERTEX
 8
PARTS
 10
  3.7500
 20
 11.1400
 30
0.0
 42
  0.0985
 0
VERTEX
 8
PARTS
 10
  3.7576
 20
 11.1017
 30
0.0
 42
  0.0985
 0
VERTEX
 8
PARTS
 10
  3.7793
 20
 11.0693
 30
0.0
 42
  0.0985
 0
VERTEX
 8
PARTS
 10
  3.8117
 20
 11.0476
 30
0.0
 42
  0.0985
 0
VERTEX
 8
PARTS
 10
  3.8500
 20
 11.0400
 30
0.0
 42
  0.0985
 0
VERTEX
 8
PARTS
 10
  3.8883
 20
 11.0476
 30
0.0
 42
  0.0985
 0
VERTEX
 8
PARTS
 10
  3.9207
 20
 11.0693
 30
0.0
 42
  0.0985
 0
VERTEX
 8
PARTS
 10
  3.9424
 20
 11.1017
 30
0.0
 42
  0.0985
 0
SEQEND
 8
PARTS
 0
POLYLINE
 8
PARTS
 66
1
 70
1
 10
0.0
 20
0.0
 30
0.0
 0
VERTEX
 8
PARTS
 10
  3.8000
 20
 11.2000
 30
0.0
 42
  0.0000
 0
VERTEX
 8
PARTS
 10
  3.7962
 20
 11.2000
 30
0.0
 42
  0.0000
 0
VERTEX
 8
PARTS
 10
  3.7854
 20
 11.2000
 30
0.0
 42
  0.0000
 0
VERTEX
 8
PARTS
 10
  3.7691
 20
 11.2000
 30
0.0
 42
  0.0000
 0
VERTEX
 8
PARTS
 10
  3.7500
 20
 11.2000
 30
0.0
 42
  0.0000
 0
VERTEX
 8
PARTS
 10
  3.7309
 20
 11.2000
 30
0.0
 42
  0.0000
 0
VERTEX
 8
PARTS
 10
  3.7146
 20
 11.2000
 30
0.0
 42
  0.0000
 0
VERTEX
 8
PARTS
 10
  3.7038
 20
 11.2000
 30
0.0
 42
  0.0000
 0
VERTEX
 8
PARTS
 10
  3.7000
 20
 11.2000
 30
0.0
 42
  0.0000
 0
VERTEX
 8
PARTS
 10
  3.7038
 20
 11.2000
 30
0.0
 42
  0.0000
 0
VERTEX
 8
PARTS
 10
  3.7146
 20
 11.2000
 30
0.0
 42
  0.0000
 0
VERTEX
 8
PARTS
 10
  3.7309
 20
 11.2000
 30
0.0
 42
  0.0000
 0
VERTEX
 8
PARTS
 10
  3.7500
 20
 11.2000
 30
0.0
 42
  0.0000
 0
VERTEX
 8
PARTS
 10
  3.7691
 20
 11.2000
 30
0.0
 42
  0.0000
 0
VERTEX
 8
PARTS
 10
  3.7854
 20
 11.2000
 30
0.0
 42
  0.0000
 0
VERTEX
 8
PARTS
 10
  3.7962
 20
 11.2000
 30
0.0
 42
  0.0000
 0
SEQEND
 8
PARTS
 0
TEXT
 8
PARTTEXT
 10
  6.3000
 20
 11.9186
 30
0.0
 40
  0.0514
 1
R26
 0
TEXT
 8
PARTTEXT
 10
  6.3000
 20
 11.8186
 30
0.0
 40
  0.0514
 1
5.6K
 0
LINE
 8
PARTS
 10
  6.2000
 20
 11.6000
 30
0.0
 11
  6.2000
 21
 11.7000
 31
0.0
 0
TEXT
 8
PARTS
 10
  6.2300
 20
 11.5800
 30
0.0
 40
  0.0500
 50
270.0000
 1
1
 0
LINE
 8
PARTS
 10
  6.2000
 20
 12.1000
 30
0.0
 11
  6.2000
 21
 12.0000
 31
0.0
 0
TEXT
 8
PARTS
 10
  6.2300
 20
 12.1000
 30
0.0
 40
  0.0500
 50
270.0000
 1
2
 0
POLYLINE
 8
PARTS
 66
1
 10
0.0
 20
0.0
 30
0.0
 0
VERTEX
 8
PARTS
 10
  6.2000
 20
 11.7000
 30
0.0
 0
VERTEX
 8
PARTS
 10
  6.1700
 20
 11.7300
 30
0.0
 0
SEQEND
 8
PARTS
 0
POLYLINE
 8
PARTS
 66
1
 10
0.0
 20
0.0
 30
0.0
 0
VERTEX
 8
PARTS
 10
  6.1700
 20
 11.7300
 30
0.0
 0
VERTEX
 8
PARTS
 10
  6.2300
 20
 11.7900
 30
0.0
 0
SEQEND
 8
PARTS
 0
POLYLINE
 8
PARTS
 66
1
 10
0.0
 20
0.0
 30
0.0
 0
VERTEX
 8
PARTS
 10
  6.2300
 20
 11.7900
 30
0.0
 0
VERTEX
 8
PARTS
 10
  6.1700
 20
 11.8500
 30
0.0
 0
SEQEND
 8
PARTS
 0
POLYLINE
 8
PARTS
 66
1
 10
0.0
 20
0.0
 30
0.0
 0
VERTEX
 8
PARTS
 10
  6.1700
 20
 11.8500
 30
0.0
 0
VERTEX
 8
PARTS
 10
  6.2300
 20
 11.9100
 30
0.0
 0
SEQEND
 8
PARTS
 0
POLYLINE
 8
PARTS
 66
1
 10
0.0
 20
0.0
 30
0.0
 0
VERTEX
 8
PARTS
 10
  6.2300
 20
 11.9100
 30
0.0
 0
VERTEX
 8
PARTS
 10
  6.1700
 20
 11.9700
 30
0.0
 0
SEQEND
 8
PARTS
 0
POLYLINE
 8
PARTS
 66
1
 10
0.0
 20
0.0
 30
0.0
 0
VERTEX
 8
PARTS
 10
  6.1700
 20
 11.9700
 30
0.0
 0
VERTEX
 8
PARTS
 10
  6.2000
 20
 12.0000
 30
0.0
 0
SEQEND
 8
PARTS
 0
TEXT
 8
PARTTEXT
 10
 15.9000
 20
  7.5186
 30
0.0
 40
  0.0514
 1
C33
 0
TEXT
 8
PARTTEXT
 10
 15.9000
 20
  7.4186
 30
0.0
 40
  0.0514
 1
.01uF
 0
LINE
 8
PARTS
 10
 15.8000
 20
  7.7000
 30
0.0
 11
 15.8000
 21
  7.6000
 31
0.0
 0
TEXT
 8
PARTS
 10
 15.8300
 20
  7.6600
 30
0.0
 40
  0.0500
 50
270.0000
 1

 0
LINE
 8
PARTS
 10
 15.8000
 20
  7.4000
 30
0.0
 11
 15.8000
 21
  7.5000
 31
0.0
 0
TEXT
 8
PARTS
 10
 15.8300
 20
  7.3800
 30
0.0
 40
  0.0500
 50
270.0000
 1

 0
POLYLINE
 8
PARTS
 66
1
 10
0.0
 20
0.0
 30
0.0
 0
VERTEX
 8
PARTS
 10
 15.7000
 20
  7.6000
 30
0.0
 0
VERTEX
 8
PARTS
 10
 15.9000
 20
  7.6000
 30
0.0
 0
SEQEND
 8
PARTS
 0
POLYLINE
 8
PARTS
 66
1
 10
0.0
 20
0.0
 30
0.0
 0
VERTEX
 8
PARTS
 10
 15.8000
 20
  7.5600
 30
0.0
 0
VERTEX
 8
PARTS
 10
 15.8000
 20
  7.5000
 30
0.0
 0
SEQEND
 8
PARTS
 0
POLYLINE
 8
PARTS
 66
1
 10
0.0
 20
0.0
 30
0.0
 0
VERTEX
 8
PARTS
 10
 15.9000
 20
  7.5300
 30
0.0
 42
  0.1654
 0
VERTEX
 8
PARTS
 10
 15.8000
 20
  7.5600
 30
0.0
 0
SEQEND
 8
PARTS
 0
POLYLINE
 8
PARTS
 66
1
 10
0.0
 20
0.0
 30
0.0
 0
VERTEX
 8
PARTS
 10
 15.8000
 20
  7.5600
 30
0.0
 42
  0.1654
 0
VERTEX
 8
PARTS
 10
 15.7000
 20
  7.5300
 30
0.0
 0
SEQEND
 8
PARTS
 0
TEXT
 8
PARTTEXT
 10
 15.6000
 20
  6.0186
 30
0.0
 40
  0.0514
 1
R47
 0
TEXT
 8
PARTTEXT
 10
 15.6000
 20
  5.9186
 30
0.0
 40
  0.0514
 1
5.6K
 0
LINE
 8
PARTS
 10
 15.5000
 20
  5.7000
 30
0.0
 11
 15.5000
 21
  5.8000
 31
0.0
 0
TEXT
 8
PARTS
 10
 15.5300
 20
  5.6800
 30
0.0
 40
  0.0500
 50
270.0000
 1
1
 0
LINE
 8
PARTS
 10
 15.5000
 20
  6.2000
 30
0.0
 11
 15.5000
 21
  6.1000
 31
0.0
 0
TEXT
 8
PARTS
 10
 15.5300
 20
  6.2000
 30
0.0
 40
  0.0500
 50
270.0000
 1
2
 0
POLYLINE
 8
PARTS
 66
1
 10
0.0
 20
0.0
 30
0.0
 0
VERTEX
 8
PARTS
 10
 15.5000
 20
  5.8000
 30
0.0
 0
VERTEX
 8
PARTS
 10
 15.4700
 20
  5.8300
 30
0.0
 0
SEQEND
 8
PARTS
 0
POLYLINE
 8
PARTS
 66
1
 10
0.0
 20
0.0
 30
0.0
 0
VERTEX
 8
PARTS
 10
 15.4700
 20
  5.8300
 30
0.0
 0
VERTEX
 8
PARTS
 10
 15.5300
 20
  5.8900
 30
0.0
 0
SEQEND
 8
PARTS
 0
POLYLINE
 8
PARTS
 66
1
 10
0.0
 20
0.0
 30
0.0
 0
VERTEX
 8
PARTS
 10
 15.5300
 20
  5.8900
 30
0.0
 0
VERTEX
 8
PARTS
 10
 15.4700
 20
  5.9500
 30
0.0
 0
SEQEND
 8
PARTS
 0
POLYLINE
 8
PARTS
 66
1
 10
0.0
 20
0.0
 30
0.0
 0
VERTEX
 8
PARTS
 10
 15.4700
 20
  5.9500
 30
0.0
 0
VERTEX
 8
PARTS
 10
 15.5300
 20
  6.0100
 30
0.0
 0
SEQEND
 8
PARTS
 0
POLYLINE
 8
PARTS
 66
1
 10
0.0
 20
0.0
 30
0.0
 0
VERTEX
 8
PARTS
 10
 15.5300
 20
  6.0100
 30
0.0
 0
VERTEX
 8
PARTS
 10
 15.4700
 20
  6.0700
 30
0.0
 0
SEQEND
 8
PARTS
 0
POLYLINE
 8
PARTS
 66
1
 10
0.0
 20
0.0
 30
0.0
 0
VERTEX
 8
PARTS
 10
 15.4700
 20
  6.0700
 30
0.0
 0
VERTEX
 8
PARTS
 10
 15.5000
 20
  6.1000
 30
0.0
 0
SEQEND
 8
PARTS
 0
TEXT
 8
PARTTEXT
 10
 28.1900
 20
  3.3186
 30
0.0
 40
  0.0514
 1
C72
 0
TEXT
 8
PARTTEXT
 10
 28.1900
 20
  3.2286
 30
0.0
 40
  0.0514
 1
100uF, 63V
 0
LINE
 8
PARTS
 10
 28.0000
 20
  3.5000
 30
0.0
 11
 28.0000
 21
  3.4000
 31
0.0
 0
TEXT
 8
PARTS
 10
 28.0300
 20
  3.5000
 30
0.0
 40
  0.0500
 50
270.0000
 1
1
 0
LINE
 8
PARTS
 10
 28.0000
 20
  3.2000
 30
0.0
 11
 28.0000
 21
  3.3000
 31
0.0
 0
TEXT
 8
PARTS
 10
 28.0300
 20
  3.1800
 30
0.0
 40
  0.0500
 50
270.0000
 1
2
 0
POLYLINE
 8
PARTS
 66
1
 10
0.0
 20
0.0
 30
0.0
 0
VERTEX
 8
PARTS
 10
 27.9000
 20
  3.4000
 30
0.0
 0
VERTEX
 8
PARTS
 10
 28.1000
 20
  3.4000
 30
0.0
 0
SEQEND
 8
PARTS
 0
POLYLINE
 8
PARTS
 66
1
 10
0.0
 20
0.0
 30
0.0
 0
VERTEX
 8
PARTS
 10
 28.0000
 20
  3.3600
 30
0.0
 0
VERTEX
 8
PARTS
 10
 28.0000
 20
  3.3000
 30
0.0
 0
SEQEND
 8
PARTS
 0
POLYLINE
 8
PARTS
 66
1
 10
0.0
 20
0.0
 30
0.0
 0
VERTEX
 8
PARTS
 10
 28.1000
 20
  3.3300
 30
0.0
 42
  0.1654
 0
VERTEX
 8
PARTS
 10
 28.0000
 20
  3.3600
 30
0.0
 0
SEQEND
 8
PARTS
 0
POLYLINE
 8
PARTS
 66
1
 10
0.0
 20
0.0
 30
0.0
 0
VERTEX
 8
PARTS
 10
 28.0000
 20
  3.3600
 30
0.0
 42
  0.1654
 0
VERTEX
 8
PARTS
 10
 27.9000
 20
  3.3300
 30
0.0
 0
SEQEND
 8
PARTS
 0
TEXT
 8
PARTTEXT
 10
  3.6000
 20
 16.6186
 30
0.0
 40
  0.0514
 1
R15
 0
TEXT
 8
PARTTEXT
 10
  3.5000
 20
 16.5186
 30
0.0
 40
  0.0514
 1
Zero Ohm
 0
LINE
 8
PARTS
 10
  3.4000
 20
 16.3000
 30
0.0
 11
  3.5000
 21
 16.3000
 31
0.0
 0
TEXT
 8
PARTS
 10
  3.4000
 20
 16.3300
 30
0.0
 40
  0.0500
 1
1
 0
LINE
 8
PARTS
 10
  3.9000
 20
 16.3000
 30
0.0
 11
  3.8000
 21
 16.3000
 31
0.0
 0
TEXT
 8
PARTS
 10
  3.8600
 20
 16.3300
 30
0.0
 40
  0.0500
 1
2
 0
LINE
 8
PARTS
 10
  3.4000
 20
 16.4000
 30
0.0
 11
  3.5000
 21
 16.4000
 31
0.0
 0
TEXT
 8
PARTS
 10
  3.4000
 20
 16.4300
 30
0.0
 40
  0.0500
 1
3
 0
LINE
 8
PARTS
 10
  3.9000
 20
 16.4000
 30
0.0
 11
  3.8000
 21
 16.4000
 31
0.0
 0
TEXT
 8
PARTS
 10
  3.8600
 20
 16.4300
 30
0.0
 40
  0.0500
 1
4
 0
POLYLINE
 8
PARTS
 66
1
 10
0.0
 20
0.0
 30
0.0
 0
VERTEX
 8
PARTS
 10
  3.5000
 20
 16.3000
 30
0.0
 0
VERTEX
 8
PARTS
 10
  3.5300
 20
 16.3300
 30
0.0
 0
SEQEND
 8
PARTS
 0
POLYLINE
 8
PARTS
 66
1
 10
0.0
 20
0.0
 30
0.0
 0
VERTEX
 8
PARTS
 10
  3.5300
 20
 16.3300
 30
0.0
 0
VERTEX
 8
PARTS
 10
  3.5900
 20
 16.2700
 30
0.0
 0
SEQEND
 8
PARTS
 0
POLYLINE
 8
PARTS
 66
1
 10
0.0
 20
0.0
 30
0.0
 0
VERTEX
 8
PARTS
 10
  3.5900
 20
 16.2700
 30
0.0
 0
VERTEX
 8
PARTS
 10
  3.6500
 20
 16.3300
 30
0.0
 0
SEQEND
 8
PARTS
 0
POLYLINE
 8
PARTS
 66
1
 10
0.0
 20
0.0
 30
0.0
 0
VERTEX
 8
PARTS
 10
  3.6500
 20
 16.3300
 30
0.0
 0
VERTEX
 8
PARTS
 10
  3.7100
 20
 16.2700
 30
0.0
 0
SEQEND
 8
PARTS
 0
POLYLINE
 8
PARTS
 66
1
 10
0.0
 20
0.0
 30
0.0
 0
VERTEX
 8
PARTS
 10
  3.7100
 20
 16.2700
 30
0.0
 0
VERTEX
 8
PARTS
 10
  3.7700
 20
 16.3300
 30
0.0
 0
SEQEND
 8
PARTS
 0
POLYLINE
 8
PARTS
 66
1
 10
0.0
 20
0.0
 30
0.0
 0
VERTEX
 8
PARTS
 10
  3.7700
 20
 16.3300
 30
0.0
 0
VERTEX
 8
PARTS
 10
  3.8000
 20
 16.3000
 30
0.0
 0
SEQEND
 8
PARTS
 0
POLYLINE
 8
PARTS
 66
1
 10
0.0
 20
0.0
 30
0.0
 0
VERTEX
 8
PARTS
 10
  3.5000
 20
 16.4000
 30
0.0
 0
VERTEX
 8
PARTS
 10
  3.5300
 20
 16.4300
 30
0.0
 0
SEQEND
 8
PARTS
 0
POLYLINE
 8
PARTS
 66
1
 10
0.0
 20
0.0
 30
0.0
 0
VERTEX
 8
PARTS
 10
  3.5300
 20
 16.4300
 30
0.0
 0
VERTEX
 8
PARTS
 10
  3.5900
 20
 16.3700
 30
0.0
 0
SEQEND
 8
PARTS
 0
POLYLINE
 8
PARTS
 66
1
 10
0.0
 20
0.0
 30
0.0
 0
VERTEX
 8
PARTS
 10
  3.5900
 20
 16.3700
 30
0.0
 0
VERTEX
 8
PARTS
 10
  3.6500
 20
 16.4300
 30
0.0
 0
SEQEND
 8
PARTS
 0
POLYLINE
 8
PARTS
 66
1
 10
0.0
 20
0.0
 30
0.0
 0
VERTEX
 8
PARTS
 10
  3.6500
 20
 16.4300
 30
0.0
 0
VERTEX
 8
PARTS
 10
  3.7100
 20
 16.3700
 30
0.0
 0
SEQEND
 8
PARTS
 0
POLYLINE
 8
PARTS
 66
1
 10
0.0
 20
0.0
 30
0.0
 0
VERTEX
 8
PARTS
 10
  3.7100
 20
 16.3700
 30
0.0
 0
VERTEX
 8
PARTS
 10
  3.7700
 20
 16.4300
 30
0.0
 0
SEQEND
 8
PARTS
 0
POLYLINE
 8
PARTS
 66
1
 10
0.0
 20
0.0
 30
0.0
 0
VERTEX
 8
PARTS
 10
  3.7700
 20
 16.4300
 30
0.0
 0
VERTEX
 8
PARTS
 10
  3.8000
 20
 16.4000
 30
0.0
 0
SEQEND
 8
PARTS
 0
POLYLINE
 8
PARTS
 66
1
 70
1
 10
0.0
 20
0.0
 30
0.0
 0
VERTEX
 8
PARTS
 10
  3.7500
 20
 16.3400
 30
0.0
 42
  0.0985
 0
VERTEX
 8
PARTS
 10
  3.7424
 20
 16.3783
 30
0.0
 42
  0.0985
 0
VERTEX
 8
PARTS
 10
  3.7207
 20
 16.4107
 30
0.0
 42
  0.0985
 0
VERTEX
 8
PARTS
 10
  3.6883
 20
 16.4324
 30
0.0
 42
  0.0985
 0
VERTEX
 8
PARTS
 10
  3.6500
 20
 16.4400
 30
0.0
 42
  0.0985
 0
VERTEX
 8
PARTS
 10
  3.6117
 20
 16.4324
 30
0.0
 42
  0.0985
 0
VERTEX
 8
PARTS
 10
  3.5793
 20
 16.4107
 30
0.0
 42
  0.0985
 0
VERTEX
 8
PARTS
 10
  3.5576
 20
 16.3783
 30
0.0
 42
  0.0985
 0
VERTEX
 8
PARTS
 10
  3.5500
 20
 16.3400
 30
0.0
 42
  0.0985
 0
VERTEX
 8
PARTS
 10
  3.5576
 20
 16.3017
 30
0.0
 42
  0.0985
 0
VERTEX
 8
PARTS
 10
  3.5793
 20
 16.2693
 30
0.0
 42
  0.0985
 0
VERTEX
 8
PARTS
 10
  3.6117
 20
 16.2476
 30
0.0
 42
  0.0985
 0
VERTEX
 8
PARTS
 10
  3.6500
 20
 16.2400
 30
0.0
 42
  0.0985
 0
VERTEX
 8
PARTS
 10
  3.6883
 20
 16.2476
 30
0.0
 42
  0.0985
 0
VERTEX
 8
PARTS
 10
  3.7207
 20
 16.2693
 30
0.0
 42
  0.0985
 0
VERTEX
 8
PARTS
 10
  3.7424
 20
 16.3017
 30
0.0
 42
  0.0985
 0
SEQEND
 8
PARTS
 0
POLYLINE
 8
PARTS
 66
1
 70
1
 10
0.0
 20
0.0
 30
0.0
 0
VERTEX
 8
PARTS
 10
  3.6000
 20
 16.4000
 30
0.0
 42
  0.0000
 0
VERTEX
 8
PARTS
 10
  3.5962
 20
 16.4000
 30
0.0
 42
  0.0000
 0
VERTEX
 8
PARTS
 10
  3.5854
 20
 16.4000
 30
0.0
 42
  0.0000
 0
VERTEX
 8
PARTS
 10
  3.5691
 20
 16.4000
 30
0.0
 42
  0.0000
 0
VERTEX
 8
PARTS
 10
  3.5500
 20
 16.4000
 30
0.0
 42
  0.0000
 0
VERTEX
 8
PARTS
 10
  3.5309
 20
 16.4000
 30
0.0
 42
  0.0000
 0
VERTEX
 8
PARTS
 10
  3.5146
 20
 16.4000
 30
0.0
 42
  0.0000
 0
VERTEX
 8
PARTS
 10
  3.5038
 20
 16.4000
 30
0.0
 42
  0.0000
 0
VERTEX
 8
PARTS
 10
  3.5000
 20
 16.4000
 30
0.0
 42
  0.0000
 0
VERTEX
 8
PARTS
 10
  3.5038
 20
 16.4000
 30
0.0
 42
  0.0000
 0
VERTEX
 8
PARTS
 10
  3.5146
 20
 16.4000
 30
0.0
 42
  0.0000
 0
VERTEX
 8
PARTS
 10
  3.5309
 20
 16.4000
 30
0.0
 42
  0.0000
 0
VERTEX
 8
PARTS
 10
  3.5500
 20
 16.4000
 30
0.0
 42
  0.0000
 0
VERTEX
 8
PARTS
 10
  3.5691
 20
 16.4000
 30
0.0
 42
  0.0000
 0
VERTEX
 8
PARTS
 10
  3.5854
 20
 16.4000
 30
0.0
 42
  0.0000
 0
VERTEX
 8
PARTS
 10
  3.5962
 20
 16.4000
 30
0.0
 42
  0.0000
 0
SEQEND
 8
PARTS
 0
TEXT
 8
PARTTEXT
 10
  7.7500
 20
 10.2186
 30
0.0
 40
  0.0514
 1
C26
 0
TEXT
 8
PARTTEXT
 10
  7.8000
 20
 10.0586
 30
0.0
 40
  0.0514
 1
4.7uF
 0
LINE
 8
PARTS
 10
  7.6000
 20
 10.1000
 30
0.0
 11
  7.6000
 21
 10.2000
 31
0.0
 0
TEXT
 8
PARTS
 10
  7.6300
 20
 10.0800
 30
0.0
 40
  0.0500
 50
270.0000
 1
1
 0
LINE
 8
PARTS
 10
  7.6000
 20
 10.4000
 30
0.0
 11
  7.6000
 21
 10.3000
 31
0.0
 0
TEXT
 8
PARTS
 10
  7.6300
 20
 10.4000
 30
0.0
 40
  0.0500
 50
270.0000
 1
2
 0
POLYLINE
 8
PARTS
 66
1
 10
0.0
 20
0.0
 30
0.0
 0
VERTEX
 8
PARTS
 10
  7.5000
 20
 10.2000
 30
0.0
 0
VERTEX
 8
PARTS
 10
  7.7000
 20
 10.2000
 30
0.0
 0
SEQEND
 8
PARTS
 0
POLYLINE
 8
PARTS
 66
1
 10
0.0
 20
0.0
 30
0.0
 0
VERTEX
 8
PARTS
 10
  7.6000
 20
 10.2400
 30
0.0
 0
VERTEX
 8
PARTS
 10
  7.6000
 20
 10.3000
 30
0.0
 0
SEQEND
 8
PARTS
 0
POLYLINE
 8
PARTS
 66
1
 10
0.0
 20
0.0
 30
0.0
 0
VERTEX
 8
PARTS
 10
  7.6000
 20
 10.2400
 30
0.0
 42
  0.1654
 0
VERTEX
 8
PARTS
 10
  7.7000
 20
 10.2700
 30
0.0
 0
SEQEND
 8
PARTS
 0
POLYLINE
 8
PARTS
 66
1
 10
0.0
 20
0.0
 30
0.0
 0
VERTEX
 8
PARTS
 10
  7.5000
 20
 10.2700
 30
0.0
 42
  0.1654
 0
VERTEX
 8
PARTS
 10
  7.6000
 20
 10.2400
 30
0.0
 0
SEQEND
 8
PARTS
 0
TEXT
 8
PARTTEXT
 10
  7.8500
 20
  4.8186
 30
0.0
 40
  0.0514
 1
C41
 0
TEXT
 8
PARTTEXT
 10
  7.9000
 20
  4.6586
 30
0.0
 40
  0.0514
 1
4.7uF
 0
LINE
 8
PARTS
 10
  7.7000
 20
  4.7000
 30
0.0
 11
  7.7000
 21
  4.8000
 31
0.0
 0
TEXT
 8
PARTS
 10
  7.7300
 20
  4.6800
 30
0.0
 40
  0.0500
 50
270.0000
 1
1
 0
LINE
 8
PARTS
 10
  7.7000
 20
  5.0000
 30
0.0
 11
  7.7000
 21
  4.9000
 31
0.0
 0
TEXT
 8
PARTS
 10
  7.7300
 20
  5.0000
 30
0.0
 40
  0.0500
 50
270.0000
 1
2
 0
POLYLINE
 8
PARTS
 66
1
 10
0.0
 20
0.0
 30
0.0
 0
VERTEX
 8
PARTS
 10
  7.6000
 20
  4.8000
 30
0.0
 0
VERTEX
 8
PARTS
 10
  7.8000
 20
  4.8000
 30
0.0
 0
SEQEND
 8
PARTS
 0
POLYLINE
 8
PARTS
 66
1
 10
0.0
 20
0.0
 30
0.0
 0
VERTEX
 8
PARTS
 10
  7.7000
 20
  4.8400
 30
0.0
 0
VERTEX
 8
PARTS
 10
  7.7000
 20
  4.9000
 30
0.0
 0
SEQEND
 8
PARTS
 0
POLYLINE
 8
PARTS
 66
1
 10
0.0
 20
0.0
 30
0.0
 0
VERTEX
 8
PARTS
 10
  7.7000
 20
  4.8400
 30
0.0
 42
  0.1654
 0
VERTEX
 8
PARTS
 10
  7.8000
 20
  4.8700
 30
0.0
 0
SEQEND
 8
PARTS
 0
POLYLINE
 8
PARTS
 66
1
 10
0.0
 20
0.0
 30
0.0
 0
VERTEX
 8
PARTS
 10
  7.6000
 20
  4.8700
 30
0.0
 42
  0.1654
 0
VERTEX
 8
PARTS
 10
  7.7000
 20
  4.8400
 30
0.0
 0
SEQEND
 8
PARTS
 0
TEXT
 8
PARTTEXT
 10
 14.2000
 20
  5.6186
 30
0.0
 40
  0.0514
 1
R51
 0
TEXT
 8
PARTTEXT
 10
 14.2000
 20
  5.4186
 30
0.0
 40
  0.0514
 1
20k
 0
LINE
 8
PARTS
 10
 14.1000
 20
  5.3000
 30
0.0
 11
 14.1000
 21
  5.4000
 31
0.0
 0
TEXT
 8
PARTS
 10
 14.1300
 20
  5.2800
 30
0.0
 40
  0.0500
 50
270.0000
 1
1
 0
LINE
 8
PARTS
 10
 14.1000
 20
  5.8000
 30
0.0
 11
 14.1000
 21
  5.7000
 31
0.0
 0
TEXT
 8
PARTS
 10
 14.1300
 20
  5.8000
 30
0.0
 40
  0.0500
 50
270.0000
 1
2
 0
POLYLINE
 8
PARTS
 66
1
 10
0.0
 20
0.0
 30
0.0
 0
VERTEX
 8
PARTS
 10
 14.1000
 20
  5.4000
 30
0.0
 0
VERTEX
 8
PARTS
 10
 14.0700
 20
  5.4300
 30
0.0
 0
SEQEND
 8
PARTS
 0
POLYLINE
 8
PARTS
 66
1
 10
0.0
 20
0.0
 30
0.0
 0
VERTEX
 8
PARTS
 10
 14.0700
 20
  5.4300
 30
0.0
 0
VERTEX
 8
PARTS
 10
 14.1300
 20
  5.4900
 30
0.0
 0
SEQEND
 8
PARTS
 0
POLYLINE
 8
PARTS
 66
1
 10
0.0
 20
0.0
 30
0.0
 0
VERTEX
 8
PARTS
 10
 14.1300
 20
  5.4900
 30
0.0
 0
VERTEX
 8
PARTS
 10
 14.0700
 20
  5.5500
 30
0.0
 0
SEQEND
 8
PARTS
 0
POLYLINE
 8
PARTS
 66
1
 10
0.0
 20
0.0
 30
0.0
 0
VERTEX
 8
PARTS
 10
 14.0700
 20
  5.5500
 30
0.0
 0
VERTEX
 8
PARTS
 10
 14.1300
 20
  5.6100
 30
0.0
 0
SEQEND
 8
PARTS
 0
POLYLINE
 8
PARTS
 66
1
 10
0.0
 20
0.0
 30
0.0
 0
VERTEX
 8
PARTS
 10
 14.1300
 20
  5.6100
 30
0.0
 0
VERTEX
 8
PARTS
 10
 14.0700
 20
  5.6700
 30
0.0
 0
SEQEND
 8
PARTS
 0
POLYLINE
 8
PARTS
 66
1
 10
0.0
 20
0.0
 30
0.0
 0
VERTEX
 8
PARTS
 10
 14.0700
 20
  5.6700
 30
0.0
 0
VERTEX
 8
PARTS
 10
 14.1000
 20
  5.7000
 30
0.0
 0
SEQEND
 8
PARTS
 0
TEXT
 8
PARTTEXT
 10
 14.3000
 20
  6.4186
 30
0.0
 40
  0.0514
 1
R43
 0
TEXT
 8
PARTTEXT
 10
 14.3000
 20
  6.2186
 30
0.0
 40
  0.0514
 1
20k
 0
LINE
 8
PARTS
 10
 14.1000
 20
  6.1000
 30
0.0
 11
 14.1000
 21
  6.2000
 31
0.0
 0
TEXT
 8
PARTS
 10
 14.1300
 20
  6.0800
 30
0.0
 40
  0.0500
 50
270.0000
 1
1
 0
LINE
 8
PARTS
 10
 14.1000
 20
  6.6000
 30
0.0
 11
 14.1000
 21
  6.5000
 31
0.0
 0
TEXT
 8
PARTS
 10
 14.1300
 20
  6.6000
 30
0.0
 40
  0.0500
 50
270.0000
 1
2
 0
POLYLINE
 8
PARTS
 66
1
 10
0.0
 20
0.0
 30
0.0
 0
VERTEX
 8
PARTS
 10
 14.1000
 20
  6.2000
 30
0.0
 0
VERTEX
 8
PARTS
 10
 14.0700
 20
  6.2300
 30
0.0
 0
SEQEND
 8
PARTS
 0
POLYLINE
 8
PARTS
 66
1
 10
0.0
 20
0.0
 30
0.0
 0
VERTEX
 8
PARTS
 10
 14.0700
 20
  6.2300
 30
0.0
 0
VERTEX
 8
PARTS
 10
 14.1300
 20
  6.2900
 30
0.0
 0
SEQEND
 8
PARTS
 0
POLYLINE
 8
PARTS
 66
1
 10
0.0
 20
0.0
 30
0.0
 0
VERTEX
 8
PARTS
 10
 14.1300
 20
  6.2900
 30
0.0
 0
VERTEX
 8
PARTS
 10
 14.0700
 20
  6.3500
 30
0.0
 0
SEQEND
 8
PARTS
 0
POLYLINE
 8
PARTS
 66
1
 10
0.0
 20
0.0
 30
0.0
 0
VERTEX
 8
PARTS
 10
 14.0700
 20
  6.3500
 30
0.0
 0
VERTEX
 8
PARTS
 10
 14.1300
 20
  6.4100
 30
0.0
 0
SEQEND
 8
PARTS
 0
POLYLINE
 8
PARTS
 66
1
 10
0.0
 20
0.0
 30
0.0
 0
VERTEX
 8
PARTS
 10
 14.1300
 20
  6.4100
 30
0.0
 0
VERTEX
 8
PARTS
 10
 14.0700
 20
  6.4700
 30
0.0
 0
SEQEND
 8
PARTS
 0
POLYLINE
 8
PARTS
 66
1
 10
0.0
 20
0.0
 30
0.0
 0
VERTEX
 8
PARTS
 10
 14.0700
 20
  6.4700
 30
0.0
 0
VERTEX
 8
PARTS
 10
 14.1000
 20
  6.5000
 30
0.0
 0
SEQEND
 8
PARTS
 0
TEXT
 8
PARTTEXT
 10
  7.2000
 20
 12.1186
 30
0.0
 40
  0.0514
 1
U4
 0
TEXT
 8
PARTTEXT
 10
  7.1000
 20
 11.9186
 30
0.0
 40
  0.0514
 1
INA114
 0
LINE
 8
PARTS
 10
  8.4000
 20
 11.9000
 30
0.0
 11
  8.1000
 21
 11.9000
 31
0.0
 0
TEXT
 8
PARTS
 10
  7.9300
 20
 11.8750
 30
0.0
 40
  0.0500
 1
VO
 0
TEXT
 8
PARTS
 10
  8.1600
 20
 11.9300
 30
0.0
 40
  0.0500
 1
11
 0
LINE
 8
PARTS
 10
  8.4000
 20
 11.1000
 30
0.0
 11
  8.1000
 21
 11.1000
 31
0.0
 0
TEXT
 8
PARTS
 10
  7.8900
 20
 11.0750
 30
0.0
 40
  0.0500
 1
Ref
 0
TEXT
 8
PARTS
 10
  8.1600
 20
 11.1300
 30
0.0
 40
  0.0500
 1
10
 0
LINE
 8
PARTS
 10
  6.4000
 20
 11.1000
 30
0.0
 11
  6.7000
 21
 11.1000
 31
0.0
 0
TEXT
 8
PARTS
 10
  6.7900
 20
 11.0750
 30
0.0
 40
  0.0500
 1
-Vin
 0
TEXT
 8
PARTS
 10
  6.6000
 20
 11.1300
 30
0.0
 40
  0.0500
 1
4
 0
LINE
 8
PARTS
 10
  6.4000
 20
 12.6000
 30
0.0
 11
  6.7000
 21
 12.6000
 31
0.0
 0
TEXT
 8
PARTS
 10
  6.7900
 20
 12.5750
 30
0.0
 40
  0.0500
 1
+Vin
 0
TEXT
 8
PARTS
 10
  6.6000
 20
 12.6300
 30
0.0
 40
  0.0500
 1
5
 0
LINE
 8
PARTS
 10
  6.4000
 20
 12.1000
 30
0.0
 11
  6.7000
 21
 12.1000
 31
0.0
 0
TEXT
 8
PARTS
 10
  6.7900
 20
 12.0750
 30
0.0
 40
  0.0500
 1
Rg1
 0
TEXT
 8
PARTS
 10
  6.6000
 20
 12.1300
 30
0.0
 40
  0.0500
 1
2
 0
LINE
 8
PARTS
 10
  6.4000
 20
 11.6000
 30
0.0
 11
  6.7000
 21
 11.6000
 31
0.0
 0
TEXT
 8
PARTS
 10
  6.7900
 20
 11.5750
 30
0.0
 40
  0.0500
 1
Rg2
 0
TEXT
 8
PARTS
 10
  6.5600
 20
 11.6300
 30
0.0
 40
  0.0500
 1
15
 0
LINE
 8
PARTS
 10
  7.6000
 20
 13.2000
 30
0.0
 11
  7.6000
 21
 12.9000
 31
0.0
 0
TEXT
 8
PARTS
 10
  7.5750
 20
 12.8100
 30
0.0
 40
  0.0500
 50
270.0000
 1
+V
 0
TEXT
 8
PARTS
 10
  7.6300
 20
 13.0400
 30
0.0
 40
  0.0500
 50
270.0000
 1
13
 0
CIRCLE
 8
PARTS
 10
  7.6000
 20
 10.8700
 30
0.0
 40
  0.0300
 0
LINE
 8
PARTS
 10
  7.6000
 20
 10.6000
 30
0.0
 11
  7.6000
 21
 10.8400
 31
0.0
 0
TEXT
 8
PARTS
 10
  7.5750
 20
 11.0700
 30
0.0
 40
  0.0500
 50
270.0000
 1
-V
 0
TEXT
 8
PARTS
 10
  7.6300
 20
 10.7800
 30
0.0
 40
  0.0500
 50
270.0000
 1
7
 0
LINE
 8
PARTS
 10
  8.4000
 20
 12.4000
 30
0.0
 11
  8.1000
 21
 12.4000
 31
0.0
 0
TEXT
 8
PARTS
 10
  7.6900
 20
 12.3750
 30
0.0
 40
  0.0500
 1
Feedback
 0
TEXT
 8
PARTS
 10
  8.1600
 20
 12.4300
 30
0.0
 40
  0.0500
 1
12
 0
POLYLINE
 8
PARTS
 66
1
 10
0.0
 20
0.0
 30
0.0
 0
VERTEX
 8
PARTS
 10
  7.9000
 20
 11.9000
 30
0.0
 0
VERTEX
 8
PARTS
 10
  7.5000
 20
 12.3000
 30
0.0
 0
SEQEND
 8
PARTS
 0
POLYLINE
 8
PARTS
 66
1
 10
0.0
 20
0.0
 30
0.0
 0
VERTEX
 8
PARTS
 10
  7.9000
 20
 11.9000
 30
0.0
 0
VERTEX
 8
PARTS
 10
  7.5000
 20
 11.5000
 30
0.0
 0
SEQEND
 8
PARTS
 0
POLYLINE
 8
PARTS
 66
1
 10
0.0
 20
0.0
 30
0.0
 0
VERTEX
 8
PARTS
 10
  7.5000
 20
 11.5000
 30
0.0
 0
VERTEX
 8
PARTS
 10
  7.5000
 20
 12.3000
 30
0.0
 0
SEQEND
 8
PARTS
 0
POLYLINE
 8
PARTS
 66
1
 10
0.0
 20
0.0
 30
0.0
 0
VERTEX
 8
PARTS
 10
  7.3000
 20
 11.4000
 30
0.0
 0
VERTEX
 8
PARTS
 10
  6.9000
 20
 11.0000
 30
0.0
 0
SEQEND
 8
PARTS
 0
POLYLINE
 8
PARTS
 66
1
 10
0.0
 20
0.0
 30
0.0
 0
VERTEX
 8
PARTS
 10
  7.3000
 20
 12.4000
 30
0.0
 0
VERTEX
 8
PARTS
 10
  6.9000
 20
 12.0000
 30
0.0
 0
SEQEND
 8
PARTS
 0
POLYLINE
 8
PARTS
 66
1
 10
0.0
 20
0.0
 30
0.0
 0
VERTEX
 8
PARTS
 10
  7.3000
 20
 12.4000
 30
0.0
 0
VERTEX
 8
PARTS
 10
  6.9000
 20
 12.8000
 30
0.0
 0
SEQEND
 8
PARTS
 0
POLYLINE
 8
PARTS
 66
1
 10
0.0
 20
0.0
 30
0.0
 0
VERTEX
 8
PARTS
 10
  7.3000
 20
 11.4000
 30
0.0
 0
VERTEX
 8
PARTS
 10
  6.9000
 20
 11.8000
 30
0.0
 0
SEQEND
 8
PARTS
 0
POLYLINE
 8
PARTS
 66
1
 10
0.0
 20
0.0
 30
0.0
 0
VERTEX
 8
PARTS
 10
  6.9000
 20
 12.0000
 30
0.0
 0
VERTEX
 8
PARTS
 10
  6.9000
 20
 12.8000
 30
0.0
 0
SEQEND
 8
PARTS
 0
POLYLINE
 8
PARTS
 66
1
 10
0.0
 20
0.0
 30
0.0
 0
VERTEX
 8
PARTS
 10
  6.9000
 20
 11.0000
 30
0.0
 0
VERTEX
 8
PARTS
 10
  6.9000
 20
 11.8000
 30
0.0
 0
SEQEND
 8
PARTS
 0
POLYLINE
 8
PARTS
 66
1
 10
0.0
 20
0.0
 30
0.0
 0
VERTEX
 8
PARTS
 10
  6.9000
 20
 12.6000
 30
0.0
 0
VERTEX
 8
PARTS
 10
  6.7000
 20
 12.6000
 30
0.0
 0
SEQEND
 8
PARTS
 0
POLYLINE
 8
PARTS
 66
1
 10
0.0
 20
0.0
 30
0.0
 0
VERTEX
 8
PARTS
 10
  6.9000
 20
 11.6000
 30
0.0
 0
VERTEX
 8
PARTS
 10
  6.7000
 20
 11.6000
 30
0.0
 0
SEQEND
 8
PARTS
 0
POLYLINE
 8
PARTS
 66
1
 10
0.0
 20
0.0
 30
0.0
 0
VERTEX
 8
PARTS
 10
  6.9000
 20
 11.1000
 30
0.0
 0
VERTEX
 8
PARTS
 10
  6.7000
 20
 11.1000
 30
0.0
 0
SEQEND
 8
PARTS
 0
POLYLINE
 8
PARTS
 66
1
 10
0.0
 20
0.0
 30
0.0
 0
VERTEX
 8
PARTS
 10
  6.9000
 20
 12.1000
 30
0.0
 0
VERTEX
 8
PARTS
 10
  6.7000
 20
 12.1000
 30
0.0
 0
SEQEND
 8
PARTS
 0
POLYLINE
 8
PARTS
 66
1
 10
0.0
 20
0.0
 30
0.0
 0
VERTEX
 8
PARTS
 10
  8.1000
 20
 11.9000
 30
0.0
 0
VERTEX
 8
PARTS
 10
  7.9000
 20
 11.9000
 30
0.0
 0
SEQEND
 8
PARTS
 0
POLYLINE
 8
PARTS
 66
1
 70
1
 10
0.0
 20
0.0
 30
0.0
 0
VERTEX
 8
PARTS
 10
  6.7000
 20
 12.9000
 30
0.0
 0
VERTEX
 8
PARTS
 10
  8.1000
 20
 12.9000
 30
0.0
 0
VERTEX
 8
PARTS
 10
  8.1000
 20
 10.9000
 30
0.0
 0
VERTEX
 8
PARTS
 10
  6.7000
 20
 10.9000
 30
0.0
 0
SEQEND
 8
PARTS
 0
POLYLINE
 8
PARTS
 66
1
 10
0.0
 20
0.0
 30
0.0
 0
VERTEX
 8
PARTS
 10
  7.3000
 20
 12.4000
 30
0.0
 0
VERTEX
 8
PARTS
 10
  7.4000
 20
 12.4000
 30
0.0
 0
SEQEND
 8
PARTS
 0
POLYLINE
 8
PARTS
 66
1
 10
0.0
 20
0.0
 30
0.0
 0
VERTEX
 8
PARTS
 10
  7.4000
 20
 12.4000
 30
0.0
 0
VERTEX
 8
PARTS
 10
  7.4000
 20
 12.1000
 30
0.0
 0
SEQEND
 8
PARTS
 0
POLYLINE
 8
PARTS
 66
1
 10
0.0
 20
0.0
 30
0.0
 0
VERTEX
 8
PARTS
 10
  7.3000
 20
 11.4000
 30
0.0
 0
VERTEX
 8
PARTS
 10
  7.4000
 20
 11.4000
 30
0.0
 0
SEQEND
 8
PARTS
 0
POLYLINE
 8
PARTS
 66
1
 10
0.0
 20
0.0
 30
0.0
 0
VERTEX
 8
PARTS
 10
  7.4000
 20
 11.4000
 30
0.0
 0
VERTEX
 8
PARTS
 10
  7.4000
 20
 11.7000
 30
0.0
 0
SEQEND
 8
PARTS
 0
POLYLINE
 8
PARTS
 66
1
 10
0.0
 20
0.0
 30
0.0
 0
VERTEX
 8
PARTS
 10
  7.4000
 20
 12.1000
 30
0.0
 0
VERTEX
 8
PARTS
 10
  7.5000
 20
 12.1000
 30
0.0
 0
SEQEND
 8
PARTS
 0
POLYLINE
 8
PARTS
 66
1
 10
0.0
 20
0.0
 30
0.0
 0
VERTEX
 8
PARTS
 10
  7.4000
 20
 11.7000
 30
0.0
 0
VERTEX
 8
PARTS
 10
  7.5000
 20
 11.7000
 30
0.0
 0
SEQEND
 8
PARTS
 0
TEXT
 8
PARTTEXT
 10
  3.7000
 20
 11.9186
 30
0.0
 40
  0.0514
 1
C22
 0
TEXT
 8
PARTTEXT
 10
  3.5000
 20
 11.8186
 30
0.0
 40
  0.0514
 1
Not Populated
 0
LINE
 8
PARTS
 10
  4.3000
 20
 11.7000
 30
0.0
 11
  4.3000
 21
 11.8000
 31
0.0
 0
TEXT
 8
PARTS
 10
  4.3300
 20
 11.6800
 30
0.0
 40
  0.0500
 50
270.0000
 1
1
 0
LINE
 8
PARTS
 10
  4.3000
 20
 12.0000
 30
0.0
 11
  4.3000
 21
 11.9000
 31
0.0
 0
TEXT
 8
PARTS
 10
  4.3300
 20
 12.0000
 30
0.0
 40
  0.0500
 50
270.0000
 1
2
 0
POLYLINE
 8
PARTS
 66
1
 10
0.0
 20
0.0
 30
0.0
 0
VERTEX
 8
PARTS
 10
  4.3000
 20
 11.8000
 30
0.0
 0
VERTEX
 8
PARTS
 10
  4.3000
 20
 11.8200
 30
0.0
 0
SEQEND
 8
PARTS
 0
POLYLINE
 8
PARTS
 66
1
 10
0.0
 20
0.0
 30
0.0
 0
VERTEX
 8
PARTS
 10
  4.3900
 20
 11.8700
 30
0.0
 0
VERTEX
 8
PARTS
 10
  4.2100
 20
 11.8700
 30
0.0
 0
SEQEND
 8
PARTS
 0
POLYLINE
 8
PARTS
 66
1
 10
0.0
 20
0.0
 30
0.0
 0
VERTEX
 8
PARTS
 10
  4.3900
 20
 11.8200
 30
0.0
 0
VERTEX
 8
PARTS
 10
  4.2100
 20
 11.8200
 30
0.0
 0
SEQEND
 8
PARTS
 0
POLYLINE
 8
PARTS
 66
1
 10
0.0
 20
0.0
 30
0.0
 0
VERTEX
 8
PARTS
 10
  4.3000
 20
 11.9000
 30
0.0
 0
VERTEX
 8
PARTS
 10
  4.3000
 20
 11.8700
 30
0.0
 0
SEQEND
 8
PARTS
 0
TEXT
 8
PARTTEXT
 10
  5.0000
 20
 12.3186
 30
0.0
 40
  0.0514
 1
R22
 0
TEXT
 8
PARTTEXT
 10
  5.0000
 20
 12.1186
 30
0.0
 40
  0.0514
 1
20k
 0
LINE
 8
PARTS
 10
  4.8000
 20
 12.0000
 30
0.0
 11
  4.8000
 21
 12.1000
 31
0.0
 0
TEXT
 8
PARTS
 10
  4.8300
 20
 11.9800
 30
0.0
 40
  0.0500
 50
270.0000
 1
1
 0
LINE
 8
PARTS
 10
  4.8000
 20
 12.5000
 30
0.0
 11
  4.8000
 21
 12.4000
 31
0.0
 0
TEXT
 8
PARTS
 10
  4.8300
 20
 12.5000
 30
0.0
 40
  0.0500
 50
270.0000
 1
2
 0
POLYLINE
 8
PARTS
 66
1
 10
0.0
 20
0.0
 30
0.0
 0
VERTEX
 8
PARTS
 10
  4.8000
 20
 12.1000
 30
0.0
 0
VERTEX
 8
PARTS
 10
  4.7700
 20
 12.1300
 30
0.0
 0
SEQEND
 8
PARTS
 0
POLYLINE
 8
PARTS
 66
1
 10
0.0
 20
0.0
 30
0.0
 0
VERTEX
 8
PARTS
 10
  4.7700
 20
 12.1300
 30
0.0
 0
VERTEX
 8
PARTS
 10
  4.8300
 20
 12.1900
 30
0.0
 0
SEQEND
 8
PARTS
 0
POLYLINE
 8
PARTS
 66
1
 10
0.0
 20
0.0
 30
0.0
 0
VERTEX
 8
PARTS
 10
  4.8300
 20
 12.1900
 30
0.0
 0
VERTEX
 8
PARTS
 10
  4.7700
 20
 12.2500
 30
0.0
 0
SEQEND
 8
PARTS
 0
POLYLINE
 8
PARTS
 66
1
 10
0.0
 20
0.0
 30
0.0
 0
VERTEX
 8
PARTS
 10
  4.7700
 20
 12.2500
 30
0.0
 0
VERTEX
 8
PARTS
 10
  4.8300
 20
 12.3100
 30
0.0
 0
SEQEND
 8
PARTS
 0
POLYLINE
 8
PARTS
 66
1
 10
0.0
 20
0.0
 30
0.0
 0
VERTEX
 8
PARTS
 10
  4.8300
 20
 12.3100
 30
0.0
 0
VERTEX
 8
PARTS
 10
  4.7700
 20
 12.3700
 30
0.0
 0
SEQEND
 8
PARTS
 0
POLYLINE
 8
PARTS
 66
1
 10
0.0
 20
0.0
 30
0.0
 0
VERTEX
 8
PARTS
 10
  4.7700
 20
 12.3700
 30
0.0
 0
VERTEX
 8
PARTS
 10
  4.8000
 20
 12.4000
 30
0.0
 0
SEQEND
 8
PARTS
 0
TEXT
 8
PARTTEXT
 10
  7.3000
 20
  6.7186
 30
0.0
 40
  0.0514
 1
U7
 0
TEXT
 8
PARTTEXT
 10
  7.2000
 20
  6.5186
 30
0.0
 40
  0.0514
 1
INA114
 0
LINE
 8
PARTS
 10
  8.5000
 20
  6.5000
 30
0.0
 11
  8.2000
 21
  6.5000
 31
0.0
 0
TEXT
 8
PARTS
 10
  8.0300
 20
  6.4750
 30
0.0
 40
  0.0500
 1
VO
 0
TEXT
 8
PARTS
 10
  8.2600
 20
  6.5300
 30
0.0
 40
  0.0500
 1
11
 0
LINE
 8
PARTS
 10
  8.5000
 20
  5.7000
 30
0.0
 11
  8.2000
 21
  5.7000
 31
0.0
 0
TEXT
 8
PARTS
 10
  7.9900
 20
  5.6750
 30
0.0
 40
  0.0500
 1
Ref
 0
TEXT
 8
PARTS
 10
  8.2600
 20
  5.7300
 30
0.0
 40
  0.0500
 1
10
 0
LINE
 8
PARTS
 10
  6.5000
 20
  5.7000
 30
0.0
 11
  6.8000
 21
  5.7000
 31
0.0
 0
TEXT
 8
PARTS
 10
  6.8900
 20
  5.6750
 30
0.0
 40
  0.0500
 1
-Vin
 0
TEXT
 8
PARTS
 10
  6.7000
 20
  5.7300
 30
0.0
 40
  0.0500
 1
4
 0
LINE
 8
PARTS
 10
  6.5000
 20
  7.2000
 30
0.0
 11
  6.8000
 21
  7.2000
 31
0.0
 0
TEXT
 8
PARTS
 10
  6.8900
 20
  7.1750
 30
0.0
 40
  0.0500
 1
+Vin
 0
TEXT
 8
PARTS
 10
  6.7000
 20
  7.2300
 30
0.0
 40
  0.0500
 1
5
 0
LINE
 8
PARTS
 10
  6.5000
 20
  6.7000
 30
0.0
 11
  6.8000
 21
  6.7000
 31
0.0
 0
TEXT
 8
PARTS
 10
  6.8900
 20
  6.6750
 30
0.0
 40
  0.0500
 1
Rg1
 0
TEXT
 8
PARTS
 10
  6.7000
 20
  6.7300
 30
0.0
 40
  0.0500
 1
2
 0
LINE
 8
PARTS
 10
  6.5000
 20
  6.2000
 30
0.0
 11
  6.8000
 21
  6.2000
 31
0.0
 0
TEXT
 8
PARTS
 10
  6.8900
 20
  6.1750
 30
0.0
 40
  0.0500
 1
Rg2
 0
TEXT
 8
PARTS
 10
  6.6600
 20
  6.2300
 30
0.0
 40
  0.0500
 1
15
 0
LINE
 8
PARTS
 10
  7.7000
 20
  7.8000
 30
0.0
 11
  7.7000
 21
  7.5000
 31
0.0
 0
TEXT
 8
PARTS
 10
  7.6750
 20
  7.4100
 30
0.0
 40
  0.0500
 50
270.0000
 1
+V
 0
TEXT
 8
PARTS
 10
  7.7300
 20
  7.6400
 30
0.0
 40
  0.0500
 50
270.0000
 1
13
 0
CIRCLE
 8
PARTS
 10
  7.7000
 20
  5.4700
 30
0.0
 40
  0.0300
 0
LINE
 8
PARTS
 10
  7.7000
 20
  5.2000
 30
0.0
 11
  7.7000
 21
  5.4400
 31
0.0
 0
TEXT
 8
PARTS
 10
  7.6750
 20
  5.6700
 30
0.0
 40
  0.0500
 50
270.0000
 1
-V
 0
TEXT
 8
PARTS
 10
  7.7300
 20
  5.3800
 30
0.0
 40
  0.0500
 50
270.0000
 1
7
 0
LINE
 8
PARTS
 10
  8.5000
 20
  7.0000
 30
0.0
 11
  8.2000
 21
  7.0000
 31
0.0
 0
TEXT
 8
PARTS
 10
  7.7900
 20
  6.9750
 30
0.0
 40
  0.0500
 1
Feedback
 0
TEXT
 8
PARTS
 10
  8.2600
 20
  7.0300
 30
0.0
 40
  0.0500
 1
12
 0
POLYLINE
 8
PARTS
 66
1
 10
0.0
 20
0.0
 30
0.0
 0
VERTEX
 8
PARTS
 10
  8.0000
 20
  6.5000
 30
0.0
 0
VERTEX
 8
PARTS
 10
  7.6000
 20
  6.9000
 30
0.0
 0
SEQEND
 8
PARTS
 0
POLYLINE
 8
PARTS
 66
1
 10
0.0
 20
0.0
 30
0.0
 0
VERTEX
 8
PARTS
 10
  8.0000
 20
  6.5000
 30
0.0
 0
VERTEX
 8
PARTS
 10
  7.6000
 20
  6.1000
 30
0.0
 0
SEQEND
 8
PARTS
 0
POLYLINE
 8
PARTS
 66
1
 10
0.0
 20
0.0
 30
0.0
 0
VERTEX
 8
PARTS
 10
  7.6000
 20
  6.1000
 30
0.0
 0
VERTEX
 8
PARTS
 10
  7.6000
 20
  6.9000
 30
0.0
 0
SEQEND
 8
PARTS
 0
POLYLINE
 8
PARTS
 66
1
 10
0.0
 20
0.0
 30
0.0
 0
VERTEX
 8
PARTS
 10
  7.4000
 20
  6.0000
 30
0.0
 0
VERTEX
 8
PARTS
 10
  7.0000
 20
  5.6000
 30
0.0
 0
SEQEND
 8
PARTS
 0
POLYLINE
 8
PARTS
 66
1
 10
0.0
 20
0.0
 30
0.0
 0
VERTEX
 8
PARTS
 10
  7.4000
 20
  7.0000
 30
0.0
 0
VERTEX
 8
PARTS
 10
  7.0000
 20
  6.6000
 30
0.0
 0
SEQEND
 8
PARTS
 0
POLYLINE
 8
PARTS
 66
1
 10
0.0
 20
0.0
 30
0.0
 0
VERTEX
 8
PARTS
 10
  7.4000
 20
  7.0000
 30
0.0
 0
VERTEX
 8
PARTS
 10
  7.0000
 20
  7.4000
 30
0.0
 0
SEQEND
 8
PARTS
 0
POLYLINE
 8
PARTS
 66
1
 10
0.0
 20
0.0
 30
0.0
 0
VERTEX
 8
PARTS
 10
  7.4000
 20
  6.0000
 30
0.0
 0
VERTEX
 8
PARTS
 10
  7.0000
 20
  6.4000
 30
0.0
 0
SEQEND
 8
PARTS
 0
POLYLINE
 8
PARTS
 66
1
 10
0.0
 20
0.0
 30
0.0
 0
VERTEX
 8
PARTS
 10
  7.0000
 20
  6.6000
 30
0.0
 0
VERTEX
 8
PARTS
 10
  7.0000
 20
  7.4000
 30
0.0
 0
SEQEND
 8
PARTS
 0
POLYLINE
 8
PARTS
 66
1
 10
0.0
 20
0.0
 30
0.0
 0
VERTEX
 8
PARTS
 10
  7.0000
 20
  5.6000
 30
0.0
 0
VERTEX
 8
PARTS
 10
  7.0000
 20
  6.4000
 30
0.0
 0
SEQEND
 8
PARTS
 0
POLYLINE
 8
PARTS
 66
1
 10
0.0
 20
0.0
 30
0.0
 0
VERTEX
 8
PARTS
 10
  7.0000
 20
  7.2000
 30
0.0
 0
VERTEX
 8
PARTS
 10
  6.8000
 20
  7.2000
 30
0.0
 0
SEQEND
 8
PARTS
 0
POLYLINE
 8
PARTS
 66
1
 10
0.0
 20
0.0
 30
0.0
 0
VERTEX
 8
PARTS
 10
  7.0000
 20
  6.2000
 30
0.0
 0
VERTEX
 8
PARTS
 10
  6.8000
 20
  6.2000
 30
0.0
 0
SEQEND
 8
PARTS
 0
POLYLINE
 8
PARTS
 66
1
 10
0.0
 20
0.0
 30
0.0
 0
VERTEX
 8
PARTS
 10
  7.0000
 20
  5.7000
 30
0.0
 0
VERTEX
 8
PARTS
 10
  6.8000
 20
  5.7000
 30
0.0
 0
SEQEND
 8
PARTS
 0
POLYLINE
 8
PARTS
 66
1
 10
0.0
 20
0.0
 30
0.0
 0
VERTEX
 8
PARTS
 10
  7.0000
 20
  6.7000
 30
0.0
 0
VERTEX
 8
PARTS
 10
  6.8000
 20
  6.7000
 30
0.0
 0
SEQEND
 8
PARTS
 0
POLYLINE
 8
PARTS
 66
1
 10
0.0
 20
0.0
 30
0.0
 0
VERTEX
 8
PARTS
 10
  8.2000
 20
  6.5000
 30
0.0
 0
VERTEX
 8
PARTS
 10
  8.0000
 20
  6.5000
 30
0.0
 0
SEQEND
 8
PARTS
 0
POLYLINE
 8
PARTS
 66
1
 70
1
 10
0.0
 20
0.0
 30
0.0
 0
VERTEX
 8
PARTS
 10
  6.8000
 20
  7.5000
 30
0.0
 0
VERTEX
 8
PARTS
 10
  8.2000
 20
  7.5000
 30
0.0
 0
VERTEX
 8
PARTS
 10
  8.2000
 20
  5.5000
 30
0.0
 0
VERTEX
 8
PARTS
 10
  6.8000
 20
  5.5000
 30
0.0
 0
SEQEND
 8
PARTS
 0
POLYLINE
 8
PARTS
 66
1
 10
0.0
 20
0.0
 30
0.0
 0
VERTEX
 8
PARTS
 10
  7.4000
 20
  7.0000
 30
0.0
 0
VERTEX
 8
PARTS
 10
  7.5000
 20
  7.0000
 30
0.0
 0
SEQEND
 8
PARTS
 0
POLYLINE
 8
PARTS
 66
1
 10
0.0
 20
0.0
 30
0.0
 0
VERTEX
 8
PARTS
 10
  7.5000
 20
  7.0000
 30
0.0
 0
VERTEX
 8
PARTS
 10
  7.5000
 20
  6.7000
 30
0.0
 0
SEQEND
 8
PARTS
 0
POLYLINE
 8
PARTS
 66
1
 10
0.0
 20
0.0
 30
0.0
 0
VERTEX
 8
PARTS
 10
  7.4000
 20
  6.0000
 30
0.0
 0
VERTEX
 8
PARTS
 10
  7.5000
 20
  6.0000
 30
0.0
 0
SEQEND
 8
PARTS
 0
POLYLINE
 8
PARTS
 66
1
 10
0.0
 20
0.0
 30
0.0
 0
VERTEX
 8
PARTS
 10
  7.5000
 20
  6.0000
 30
0.0
 0
VERTEX
 8
PARTS
 10
  7.5000
 20
  6.3000
 30
0.0
 0
SEQEND
 8
PARTS
 0
POLYLINE
 8
PARTS
 66
1
 10
0.0
 20
0.0
 30
0.0
 0
VERTEX
 8
PARTS
 10
  7.5000
 20
  6.7000
 30
0.0
 0
VERTEX
 8
PARTS
 10
  7.6000
 20
  6.7000
 30
0.0
 0
SEQEND
 8
PARTS
 0
POLYLINE
 8
PARTS
 66
1
 10
0.0
 20
0.0
 30
0.0
 0
VERTEX
 8
PARTS
 10
  7.5000
 20
  6.3000
 30
0.0
 0
VERTEX
 8
PARTS
 10
  7.6000
 20
  6.3000
 30
0.0
 0
SEQEND
 8
PARTS
 0
TEXT
 8
PARTTEXT
 10
 27.2500
 20
 14.8186
 30
0.0
 40
  0.0514
 1
C15
 0
TEXT
 8
PARTTEXT
 10
 27.3000
 20
 14.6586
 30
0.0
 40
  0.0514
 1
4.7uF
 0
LINE
 8
PARTS
 10
 27.1000
 20
 14.7000
 30
0.0
 11
 27.1000
 21
 14.8000
 31
0.0
 0
TEXT
 8
PARTS
 10
 27.1300
 20
 14.6800
 30
0.0
 40
  0.0500
 50
270.0000
 1
1
 0
LINE
 8
PARTS
 10
 27.1000
 20
 15.0000
 30
0.0
 11
 27.1000
 21
 14.9000
 31
0.0
 0
TEXT
 8
PARTS
 10
 27.1300
 20
 15.0000
 30
0.0
 40
  0.0500
 50
270.0000
 1
2
 0
POLYLINE
 8
PARTS
 66
1
 10
0.0
 20
0.0
 30
0.0
 0
VERTEX
 8
PARTS
 10
 27.0000
 20
 14.8000
 30
0.0
 0
VERTEX
 8
PARTS
 10
 27.2000
 20
 14.8000
 30
0.0
 0
SEQEND
 8
PARTS
 0
POLYLINE
 8
PARTS
 66
1
 10
0.0
 20
0.0
 30
0.0
 0
VERTEX
 8
PARTS
 10
 27.1000
 20
 14.8400
 30
0.0
 0
VERTEX
 8
PARTS
 10
 27.1000
 20
 14.9000
 30
0.0
 0
SEQEND
 8
PARTS
 0
POLYLINE
 8
PARTS
 66
1
 10
0.0
 20
0.0
 30
0.0
 0
VERTEX
 8
PARTS
 10
 27.1000
 20
 14.8400
 30
0.0
 42
  0.1654
 0
VERTEX
 8
PARTS
 10
 27.2000
 20
 14.8700
 30
0.0
 0
SEQEND
 8
PARTS
 0
POLYLINE
 8
PARTS
 66
1
 10
0.0
 20
0.0
 30
0.0
 0
VERTEX
 8
PARTS
 10
 27.0000
 20
 14.8700
 30
0.0
 42
  0.1654
 0
VERTEX
 8
PARTS
 10
 27.1000
 20
 14.8400
 30
0.0
 0
SEQEND
 8
PARTS
 0
TEXT
 8
PARTTEXT
 10
 23.2000
 20
 16.5186
 30
0.0
 40
  0.0514
 1
C9
 0
TEXT
 8
PARTTEXT
 10
 23.0000
 20
 16.4186
 30
0.0
 40
  0.0514
 1
Not Populated
 0
LINE
 8
PARTS
 10
 23.8000
 20
 16.3000
 30
0.0
 11
 23.8000
 21
 16.4000
 31
0.0
 0
TEXT
 8
PARTS
 10
 23.8300
 20
 16.2800
 30
0.0
 40
  0.0500
 50
270.0000
 1
1
 0
LINE
 8
PARTS
 10
 23.8000
 20
 16.6000
 30
0.0
 11
 23.8000
 21
 16.5000
 31
0.0
 0
TEXT
 8
PARTS
 10
 23.8300
 20
 16.6000
 30
0.0
 40
  0.0500
 50
270.0000
 1
2
 0
POLYLINE
 8
PARTS
 66
1
 10
0.0
 20
0.0
 30
0.0
 0
VERTEX
 8
PARTS
 10
 23.8000
 20
 16.4000
 30
0.0
 0
VERTEX
 8
PARTS
 10
 23.8000
 20
 16.4200
 30
0.0
 0
SEQEND
 8
PARTS
 0
POLYLINE
 8
PARTS
 66
1
 10
0.0
 20
0.0
 30
0.0
 0
VERTEX
 8
PARTS
 10
 23.8900
 20
 16.4700
 30
0.0
 0
VERTEX
 8
PARTS
 10
 23.7100
 20
 16.4700
 30
0.0
 0
SEQEND
 8
PARTS
 0
POLYLINE
 8
PARTS
 66
1
 10
0.0
 20
0.0
 30
0.0
 0
VERTEX
 8
PARTS
 10
 23.8900
 20
 16.4200
 30
0.0
 0
VERTEX
 8
PARTS
 10
 23.7100
 20
 16.4200
 30
0.0
 0
SEQEND
 8
PARTS
 0
POLYLINE
 8
PARTS
 66
1
 10
0.0
 20
0.0
 30
0.0
 0
VERTEX
 8
PARTS
 10
 23.8000
 20
 16.5000
 30
0.0
 0
VERTEX
 8
PARTS
 10
 23.8000
 20
 16.4700
 30
0.0
 0
SEQEND
 8
PARTS
 0
TEXT
 8
PARTTEXT
 10
  4.7000
 20
 16.7186
 30
0.0
 40
  0.0514
 1
R13
 0
TEXT
 8
PARTTEXT
 10
  4.7000
 20
 16.5186
 30
0.0
 40
  0.0514
 1
20K
 0
LINE
 8
PARTS
 10
  4.6000
 20
 16.4000
 30
0.0
 11
  4.6000
 21
 16.5000
 31
0.0
 0
TEXT
 8
PARTS
 10
  4.6300
 20
 16.3800
 30
0.0
 40
  0.0500
 50
270.0000
 1
1
 0
LINE
 8
PARTS
 10
  4.6000
 20
 16.9000
 30
0.0
 11
  4.6000
 21
 16.8000
 31
0.0
 0
TEXT
 8
PARTS
 10
  4.6300
 20
 16.9000
 30
0.0
 40
  0.0500
 50
270.0000
 1
2
 0
POLYLINE
 8
PARTS
 66
1
 10
0.0
 20
0.0
 30
0.0
 0
VERTEX
 8
PARTS
 10
  4.6000
 20
 16.5000
 30
0.0
 0
VERTEX
 8
PARTS
 10
  4.5700
 20
 16.5300
 30
0.0
 0
SEQEND
 8
PARTS
 0
POLYLINE
 8
PARTS
 66
1
 10
0.0
 20
0.0
 30
0.0
 0
VERTEX
 8
PARTS
 10
  4.5700
 20
 16.5300
 30
0.0
 0
VERTEX
 8
PARTS
 10
  4.6300
 20
 16.5900
 30
0.0
 0
SEQEND
 8
PARTS
 0
POLYLINE
 8
PARTS
 66
1
 10
0.0
 20
0.0
 30
0.0
 0
VERTEX
 8
PARTS
 10
  4.6300
 20
 16.5900
 30
0.0
 0
VERTEX
 8
PARTS
 10
  4.5700
 20
 16.6500
 30
0.0
 0
SEQEND
 8
PARTS
 0
POLYLINE
 8
PARTS
 66
1
 10
0.0
 20
0.0
 30
0.0
 0
VERTEX
 8
PARTS
 10
  4.5700
 20
 16.6500
 30
0.0
 0
VERTEX
 8
PARTS
 10
  4.6300
 20
 16.7100
 30
0.0
 0
SEQEND
 8
PARTS
 0
POLYLINE
 8
PARTS
 66
1
 10
0.0
 20
0.0
 30
0.0
 0
VERTEX
 8
PARTS
 10
  4.6300
 20
 16.7100
 30
0.0
 0
VERTEX
 8
PARTS
 10
  4.5700
 20
 16.7700
 30
0.0
 0
SEQEND
 8
PARTS
 0
POLYLINE
 8
PARTS
 66
1
 10
0.0
 20
0.0
 30
0.0
 0
VERTEX
 8
PARTS
 10
  4.5700
 20
 16.7700
 30
0.0
 0
VERTEX
 8
PARTS
 10
  4.6000
 20
 16.8000
 30
0.0
 0
SEQEND
 8
PARTS
 0
TEXT
 8
PARTTEXT
 10
 14.9000
 20
 12.1186
 30
0.0
 40
  0.0514
 1
R27
 0
TEXT
 8
PARTTEXT
 10
 14.6000
 20
 12.0186
 30
0.0
 40
  0.0514
 1
Not    Populated
 0
LINE
 8
PARTS
 10
 14.8000
 20
 11.3000
 30
0.0
 11
 14.8000
 21
 11.4000
 31
0.0
 0
TEXT
 8
PARTS
 10
 14.8300
 20
 11.2800
 30
0.0
 40
  0.0500
 50
270.0000
 1
1
 0
LINE
 8
PARTS
 10
 14.8000
 20
 11.8000
 30
0.0
 11
 14.8000
 21
 11.7000
 31
0.0
 0
TEXT
 8
PARTS
 10
 14.8300
 20
 11.8000
 30
0.0
 40
  0.0500
 50
270.0000
 1
2
 0
LINE
 8
PARTS
 10
 14.7000
 20
 11.3000
 30
0.0
 11
 14.7000
 21
 11.4000
 31
0.0
 0
TEXT
 8
PARTS
 10
 14.7300
 20
 11.2800
 30
0.0
 40
  0.0500
 50
270.0000
 1
3
 0
LINE
 8
PARTS
 10
 14.7000
 20
 11.8000
 30
0.0
 11
 14.7000
 21
 11.7000
 31
0.0
 0
TEXT
 8
PARTS
 10
 14.7300
 20
 11.8000
 30
0.0
 40
  0.0500
 50
270.0000
 1
4
 0
POLYLINE
 8
PARTS
 66
1
 10
0.0
 20
0.0
 30
0.0
 0
VERTEX
 8
PARTS
 10
 14.8000
 20
 11.4000
 30
0.0
 0
VERTEX
 8
PARTS
 10
 14.7700
 20
 11.4300
 30
0.0
 0
SEQEND
 8
PARTS
 0
POLYLINE
 8
PARTS
 66
1
 10
0.0
 20
0.0
 30
0.0
 0
VERTEX
 8
PARTS
 10
 14.7700
 20
 11.4300
 30
0.0
 0
VERTEX
 8
PARTS
 10
 14.8300
 20
 11.4900
 30
0.0
 0
SEQEND
 8
PARTS
 0
POLYLINE
 8
PARTS
 66
1
 10
0.0
 20
0.0
 30
0.0
 0
VERTEX
 8
PARTS
 10
 14.8300
 20
 11.4900
 30
0.0
 0
VERTEX
 8
PARTS
 10
 14.7700
 20
 11.5500
 30
0.0
 0
SEQEND
 8
PARTS
 0
POLYLINE
 8
PARTS
 66
1
 10
0.0
 20
0.0
 30
0.0
 0
VERTEX
 8
PARTS
 10
 14.7700
 20
 11.5500
 30
0.0
 0
VERTEX
 8
PARTS
 10
 14.8300
 20
 11.6100
 30
0.0
 0
SEQEND
 8
PARTS
 0
POLYLINE
 8
PARTS
 66
1
 10
0.0
 20
0.0
 30
0.0
 0
VERTEX
 8
PARTS
 10
 14.8300
 20
 11.6100
 30
0.0
 0
VERTEX
 8
PARTS
 10
 14.7700
 20
 11.6700
 30
0.0
 0
SEQEND
 8
PARTS
 0
POLYLINE
 8
PARTS
 66
1
 10
0.0
 20
0.0
 30
0.0
 0
VERTEX
 8
PARTS
 10
 14.7700
 20
 11.6700
 30
0.0
 0
VERTEX
 8
PARTS
 10
 14.8000
 20
 11.7000
 30
0.0
 0
SEQEND
 8
PARTS
 0
POLYLINE
 8
PARTS
 66
1
 10
0.0
 20
0.0
 30
0.0
 0
VERTEX
 8
PARTS
 10
 14.7000
 20
 11.4000
 30
0.0
 0
VERTEX
 8
PARTS
 10
 14.6700
 20
 11.4300
 30
0.0
 0
SEQEND
 8
PARTS
 0
POLYLINE
 8
PARTS
 66
1
 10
0.0
 20
0.0
 30
0.0
 0
VERTEX
 8
PARTS
 10
 14.6700
 20
 11.4300
 30
0.0
 0
VERTEX
 8
PARTS
 10
 14.7300
 20
 11.4900
 30
0.0
 0
SEQEND
 8
PARTS
 0
POLYLINE
 8
PARTS
 66
1
 10
0.0
 20
0.0
 30
0.0
 0
VERTEX
 8
PARTS
 10
 14.7300
 20
 11.4900
 30
0.0
 0
VERTEX
 8
PARTS
 10
 14.6700
 20
 11.5500
 30
0.0
 0
SEQEND
 8
PARTS
 0
POLYLINE
 8
PARTS
 66
1
 10
0.0
 20
0.0
 30
0.0
 0
VERTEX
 8
PARTS
 10
 14.6700
 20
 11.5500
 30
0.0
 0
VERTEX
 8
PARTS
 10
 14.7300
 20
 11.6100
 30
0.0
 0
SEQEND
 8
PARTS
 0
POLYLINE
 8
PARTS
 66
1
 10
0.0
 20
0.0
 30
0.0
 0
VERTEX
 8
PARTS
 10
 14.7300
 20
 11.6100
 30
0.0
 0
VERTEX
 8
PARTS
 10
 14.6700
 20
 11.6700
 30
0.0
 0
SEQEND
 8
PARTS
 0
POLYLINE
 8
PARTS
 66
1
 10
0.0
 20
0.0
 30
0.0
 0
VERTEX
 8
PARTS
 10
 14.6700
 20
 11.6700
 30
0.0
 0
VERTEX
 8
PARTS
 10
 14.7000
 20
 11.7000
 30
0.0
 0
SEQEND
 8
PARTS
 0
POLYLINE
 8
PARTS
 66
1
 70
1
 10
0.0
 20
0.0
 30
0.0
 0
VERTEX
 8
PARTS
 10
 14.8600
 20
 11.5500
 30
0.0
 42
  0.0985
 0
VERTEX
 8
PARTS
 10
 14.8524
 20
 11.5883
 30
0.0
 42
  0.0985
 0
VERTEX
 8
PARTS
 10
 14.8307
 20
 11.6207
 30
0.0
 42
  0.0985
 0
VERTEX
 8
PARTS
 10
 14.7983
 20
 11.6424
 30
0.0
 42
  0.0985
 0
VERTEX
 8
PARTS
 10
 14.7600
 20
 11.6500
 30
0.0
 42
  0.0985
 0
VERTEX
 8
PARTS
 10
 14.7217
 20
 11.6424
 30
0.0
 42
  0.0985
 0
VERTEX
 8
PARTS
 10
 14.6893
 20
 11.6207
 30
0.0
 42
  0.0985
 0
VERTEX
 8
PARTS
 10
 14.6676
 20
 11.5883
 30
0.0
 42
  0.0985
 0
VERTEX
 8
PARTS
 10
 14.6600
 20
 11.5500
 30
0.0
 42
  0.0985
 0
VERTEX
 8
PARTS
 10
 14.6676
 20
 11.5117
 30
0.0
 42
  0.0985
 0
VERTEX
 8
PARTS
 10
 14.6893
 20
 11.4793
 30
0.0
 42
  0.0985
 0
VERTEX
 8
PARTS
 10
 14.7217
 20
 11.4576
 30
0.0
 42
  0.0985
 0
VERTEX
 8
PARTS
 10
 14.7600
 20
 11.4500
 30
0.0
 42
  0.0985
 0
VERTEX
 8
PARTS
 10
 14.7983
 20
 11.4576
 30
0.0
 42
  0.0985
 0
VERTEX
 8
PARTS
 10
 14.8307
 20
 11.4793
 30
0.0
 42
  0.0985
 0
VERTEX
 8
PARTS
 10
 14.8524
 20
 11.5117
 30
0.0
 42
  0.0985
 0
SEQEND
 8
PARTS
 0
POLYLINE
 8
PARTS
 66
1
 70
1
 10
0.0
 20
0.0
 30
0.0
 0
VERTEX
 8
PARTS
 10
 14.7000
 20
 11.4500
 30
0.0
 42
  0.0000
 0
VERTEX
 8
PARTS
 10
 14.7000
 20
 11.4691
 30
0.0
 42
  0.0000
 0
VERTEX
 8
PARTS
 10
 14.7000
 20
 11.4854
 30
0.0
 42
  0.0000
 0
VERTEX
 8
PARTS
 10
 14.7000
 20
 11.4962
 30
0.0
 42
  0.0000
 0
VERTEX
 8
PARTS
 10
 14.7000
 20
 11.5000
 30
0.0
 42
  0.0000
 0
VERTEX
 8
PARTS
 10
 14.7000
 20
 11.4962
 30
0.0
 42
  0.0000
 0
VERTEX
 8
PARTS
 10
 14.7000
 20
 11.4854
 30
0.0
 42
  0.0000
 0
VERTEX
 8
PARTS
 10
 14.7000
 20
 11.4691
 30
0.0
 42
  0.0000
 0
VERTEX
 8
PARTS
 10
 14.7000
 20
 11.4500
 30
0.0
 42
  0.0000
 0
VERTEX
 8
PARTS
 10
 14.7000
 20
 11.4309
 30
0.0
 42
  0.0000
 0
VERTEX
 8
PARTS
 10
 14.7000
 20
 11.4146
 30
0.0
 42
  0.0000
 0
VERTEX
 8
PARTS
 10
 14.7000
 20
 11.4038
 30
0.0
 42
  0.0000
 0
VERTEX
 8
PARTS
 10
 14.7000
 20
 11.4000
 30
0.0
 42
  0.0000
 0
VERTEX
 8
PARTS
 10
 14.7000
 20
 11.4038
 30
0.0
 42
  0.0000
 0
VERTEX
 8
PARTS
 10
 14.7000
 20
 11.4146
 30
0.0
 42
  0.0000
 0
VERTEX
 8
PARTS
 10
 14.7000
 20
 11.4309
 30
0.0
 42
  0.0000
 0
SEQEND
 8
PARTS
 0
TEXT
 8
PARTTEXT
 10
 16.0000
 20
 10.0186
 30
0.0
 40
  0.0514
 1
C27
 0
TEXT
 8
PARTTEXT
 10
 16.0000
 20
  9.9186
 30
0.0
 40
  0.0514
 1
.01uF
 0
LINE
 8
PARTS
 10
 15.8000
 20
  9.9000
 30
0.0
 11
 15.8000
 21
 10.0000
 31
0.0
 0
TEXT
 8
PARTS
 10
 15.8300
 20
  9.8800
 30
0.0
 40
  0.0500
 50
270.0000
 1
1
 0
LINE
 8
PARTS
 10
 15.8000
 20
 10.2000
 30
0.0
 11
 15.8000
 21
 10.1000
 31
0.0
 0
TEXT
 8
PARTS
 10
 15.8300
 20
 10.2000
 30
0.0
 40
  0.0500
 50
270.0000
 1
2
 0
POLYLINE
 8
PARTS
 66
1
 10
0.0
 20
0.0
 30
0.0
 0
VERTEX
 8
PARTS
 10
 15.9000
 20
 10.0000
 30
0.0
 0
VERTEX
 8
PARTS
 10
 15.7000
 20
 10.0000
 30
0.0
 0
SEQEND
 8
PARTS
 0
POLYLINE
 8
PARTS
 66
1
 10
0.0
 20
0.0
 30
0.0
 0
VERTEX
 8
PARTS
 10
 15.8000
 20
 10.0400
 30
0.0
 0
VERTEX
 8
PARTS
 10
 15.8000
 20
 10.1000
 30
0.0
 0
SEQEND
 8
PARTS
 0
POLYLINE
 8
PARTS
 66
1
 10
0.0
 20
0.0
 30
0.0
 0
VERTEX
 8
PARTS
 10
 15.7000
 20
 10.0700
 30
0.0
 42
  0.1654
 0
VERTEX
 8
PARTS
 10
 15.8000
 20
 10.0400
 30
0.0
 0
SEQEND
 8
PARTS
 0
POLYLINE
 8
PARTS
 66
1
 10
0.0
 20
0.0
 30
0.0
 0
VERTEX
 8
PARTS
 10
 15.8000
 20
 10.0400
 30
0.0
 42
  0.1654
 0
VERTEX
 8
PARTS
 10
 15.9000
 20
 10.0700
 30
0.0
 0
SEQEND
 8
PARTS
 0
TEXT
 8
PARTTEXT
 10
 25.3000
 20
 17.0186
 30
0.0
 40
  0.0514
 1
R11
 0
TEXT
 8
PARTTEXT
 10
 25.0000
 20
 16.9186
 30
0.0
 40
  0.0514
 1
Not    Populated
 0
LINE
 8
PARTS
 10
 25.2000
 20
 16.2000
 30
0.0
 11
 25.2000
 21
 16.3000
 31
0.0
 0
TEXT
 8
PARTS
 10
 25.2300
 20
 16.1800
 30
0.0
 40
  0.0500
 50
270.0000
 1
1
 0
LINE
 8
PARTS
 10
 25.2000
 20
 16.7000
 30
0.0
 11
 25.2000
 21
 16.6000
 31
0.0
 0
TEXT
 8
PARTS
 10
 25.2300
 20
 16.7000
 30
0.0
 40
  0.0500
 50
270.0000
 1
2
 0
LINE
 8
PARTS
 10
 25.1000
 20
 16.2000
 30
0.0
 11
 25.1000
 21
 16.3000
 31
0.0
 0
TEXT
 8
PARTS
 10
 25.1300
 20
 16.1800
 30
0.0
 40
  0.0500
 50
270.0000
 1
3
 0
LINE
 8
PARTS
 10
 25.1000
 20
 16.7000
 30
0.0
 11
 25.1000
 21
 16.6000
 31
0.0
 0
TEXT
 8
PARTS
 10
 25.1300
 20
 16.7000
 30
0.0
 40
  0.0500
 50
270.0000
 1
4
 0
POLYLINE
 8
PARTS
 66
1
 10
0.0
 20
0.0
 30
0.0
 0
VERTEX
 8
PARTS
 10
 25.2000
 20
 16.3000
 30
0.0
 0
VERTEX
 8
PARTS
 10
 25.1700
 20
 16.3300
 30
0.0
 0
SEQEND
 8
PARTS
 0
POLYLINE
 8
PARTS
 66
1
 10
0.0
 20
0.0
 30
0.0
 0
VERTEX
 8
PARTS
 10
 25.1700
 20
 16.3300
 30
0.0
 0
VERTEX
 8
PARTS
 10
 25.2300
 20
 16.3900
 30
0.0
 0
SEQEND
 8
PARTS
 0
POLYLINE
 8
PARTS
 66
1
 10
0.0
 20
0.0
 30
0.0
 0
VERTEX
 8
PARTS
 10
 25.2300
 20
 16.3900
 30
0.0
 0
VERTEX
 8
PARTS
 10
 25.1700
 20
 16.4500
 30
0.0
 0
SEQEND
 8
PARTS
 0
POLYLINE
 8
PARTS
 66
1
 10
0.0
 20
0.0
 30
0.0
 0
VERTEX
 8
PARTS
 10
 25.1700
 20
 16.4500
 30
0.0
 0
VERTEX
 8
PARTS
 10
 25.2300
 20
 16.5100
 30
0.0
 0
SEQEND
 8
PARTS
 0
POLYLINE
 8
PARTS
 66
1
 10
0.0
 20
0.0
 30
0.0
 0
VERTEX
 8
PARTS
 10
 25.2300
 20
 16.5100
 30
0.0
 0
VERTEX
 8
PARTS
 10
 25.1700
 20
 16.5700
 30
0.0
 0
SEQEND
 8
PARTS
 0
POLYLINE
 8
PARTS
 66
1
 10
0.0
 20
0.0
 30
0.0
 0
VERTEX
 8
PARTS
 10
 25.1700
 20
 16.5700
 30
0.0
 0
VERTEX
 8
PARTS
 10
 25.2000
 20
 16.6000
 30
0.0
 0
SEQEND
 8
PARTS
 0
POLYLINE
 8
PARTS
 66
1
 10
0.0
 20
0.0
 30
0.0
 0
VERTEX
 8
PARTS
 10
 25.1000
 20
 16.3000
 30
0.0
 0
VERTEX
 8
PARTS
 10
 25.0700
 20
 16.3300
 30
0.0
 0
SEQEND
 8
PARTS
 0
POLYLINE
 8
PARTS
 66
1
 10
0.0
 20
0.0
 30
0.0
 0
VERTEX
 8
PARTS
 10
 25.0700
 20
 16.3300
 30
0.0
 0
VERTEX
 8
PARTS
 10
 25.1300
 20
 16.3900
 30
0.0
 0
SEQEND
 8
PARTS
 0
POLYLINE
 8
PARTS
 66
1
 10
0.0
 20
0.0
 30
0.0
 0
VERTEX
 8
PARTS
 10
 25.1300
 20
 16.3900
 30
0.0
 0
VERTEX
 8
PARTS
 10
 25.0700
 20
 16.4500
 30
0.0
 0
SEQEND
 8
PARTS
 0
POLYLINE
 8
PARTS
 66
1
 10
0.0
 20
0.0
 30
0.0
 0
VERTEX
 8
PARTS
 10
 25.0700
 20
 16.4500
 30
0.0
 0
VERTEX
 8
PARTS
 10
 25.1300
 20
 16.5100
 30
0.0
 0
SEQEND
 8
PARTS
 0
POLYLINE
 8
PARTS
 66
1
 10
0.0
 20
0.0
 30
0.0
 0
VERTEX
 8
PARTS
 10
 25.1300
 20
 16.5100
 30
0.0
 0
VERTEX
 8
PARTS
 10
 25.0700
 20
 16.5700
 30
0.0
 0
SEQEND
 8
PARTS
 0
POLYLINE
 8
PARTS
 66
1
 10
0.0
 20
0.0
 30
0.0
 0
VERTEX
 8
PARTS
 10
 25.0700
 20
 16.5700
 30
0.0
 0
VERTEX
 8
PARTS
 10
 25.1000
 20
 16.6000
 30
0.0
 0
SEQEND
 8
PARTS
 0
POLYLINE
 8
PARTS
 66
1
 70
1
 10
0.0
 20
0.0
 30
0.0
 0
VERTEX
 8
PARTS
 10
 25.2600
 20
 16.4500
 30
0.0
 42
  0.0985
 0
VERTEX
 8
PARTS
 10
 25.2524
 20
 16.4883
 30
0.0
 42
  0.0985
 0
VERTEX
 8
PARTS
 10
 25.2307
 20
 16.5207
 30
0.0
 42
  0.0985
 0
VERTEX
 8
PARTS
 10
 25.1983
 20
 16.5424
 30
0.0
 42
  0.0985
 0
VERTEX
 8
PARTS
 10
 25.1600
 20
 16.5500
 30
0.0
 42
  0.0985
 0
VERTEX
 8
PARTS
 10
 25.1217
 20
 16.5424
 30
0.0
 42
  0.0985
 0
VERTEX
 8
PARTS
 10
 25.0893
 20
 16.5207
 30
0.0
 42
  0.0985
 0
VERTEX
 8
PARTS
 10
 25.0676
 20
 16.4883
 30
0.0
 42
  0.0985
 0
VERTEX
 8
PARTS
 10
 25.0600
 20
 16.4500
 30
0.0
 42
  0.0985
 0
VERTEX
 8
PARTS
 10
 25.0676
 20
 16.4117
 30
0.0
 42
  0.0985
 0
VERTEX
 8
PARTS
 10
 25.0893
 20
 16.3793
 30
0.0
 42
  0.0985
 0
VERTEX
 8
PARTS
 10
 25.1217
 20
 16.3576
 30
0.0
 42
  0.0985
 0
VERTEX
 8
PARTS
 10
 25.1600
 20
 16.3500
 30
0.0
 42
  0.0985
 0
VERTEX
 8
PARTS
 10
 25.1983
 20
 16.3576
 30
0.0
 42
  0.0985
 0
VERTEX
 8
PARTS
 10
 25.2307
 20
 16.3793
 30
0.0
 42
  0.0985
 0
VERTEX
 8
PARTS
 10
 25.2524
 20
 16.4117
 30
0.0
 42
  0.0985
 0
SEQEND
 8
PARTS
 0
POLYLINE
 8
PARTS
 66
1
 70
1
 10
0.0
 20
0.0
 30
0.0
 0
VERTEX
 8
PARTS
 10
 25.1000
 20
 16.3500
 30
0.0
 42
  0.0000
 0
VERTEX
 8
PARTS
 10
 25.1000
 20
 16.3691
 30
0.0
 42
  0.0000
 0
VERTEX
 8
PARTS
 10
 25.1000
 20
 16.3854
 30
0.0
 42
  0.0000
 0
VERTEX
 8
PARTS
 10
 25.1000
 20
 16.3962
 30
0.0
 42
  0.0000
 0
VERTEX
 8
PARTS
 10
 25.1000
 20
 16.4000
 30
0.0
 42
  0.0000
 0
VERTEX
 8
PARTS
 10
 25.1000
 20
 16.3962
 30
0.0
 42
  0.0000
 0
VERTEX
 8
PARTS
 10
 25.1000
 20
 16.3854
 30
0.0
 42
  0.0000
 0
VERTEX
 8
PARTS
 10
 25.1000
 20
 16.3691
 30
0.0
 42
  0.0000
 0
VERTEX
 8
PARTS
 10
 25.1000
 20
 16.3500
 30
0.0
 42
  0.0000
 0
VERTEX
 8
PARTS
 10
 25.1000
 20
 16.3309
 30
0.0
 42
  0.0000
 0
VERTEX
 8
PARTS
 10
 25.1000
 20
 16.3146
 30
0.0
 42
  0.0000
 0
VERTEX
 8
PARTS
 10
 25.1000
 20
 16.3038
 30
0.0
 42
  0.0000
 0
VERTEX
 8
PARTS
 10
 25.1000
 20
 16.3000
 30
0.0
 42
  0.0000
 0
VERTEX
 8
PARTS
 10
 25.1000
 20
 16.3038
 30
0.0
 42
  0.0000
 0
VERTEX
 8
PARTS
 10
 25.1000
 20
 16.3146
 30
0.0
 42
  0.0000
 0
VERTEX
 8
PARTS
 10
 25.1000
 20
 16.3309
 30
0.0
 42
  0.0000
 0
SEQEND
 8
PARTS
 0
TEXT
 8
PARTTEXT
 10
 26.4000
 20
 14.9186
 30
0.0
 40
  0.0514
 1
C14
 0
TEXT
 8
PARTTEXT
 10
 26.4000
 20
 14.8186
 30
0.0
 40
  0.0514
 1
.01uF
 0
LINE
 8
PARTS
 10
 26.2000
 20
 14.8000
 30
0.0
 11
 26.2000
 21
 14.9000
 31
0.0
 0
TEXT
 8
PARTS
 10
 26.2300
 20
 14.7800
 30
0.0
 40
  0.0500
 50
270.0000
 1
1
 0
LINE
 8
PARTS
 10
 26.2000
 20
 15.1000
 30
0.0
 11
 26.2000
 21
 15.0000
 31
0.0
 0
TEXT
 8
PARTS
 10
 26.2300
 20
 15.1000
 30
0.0
 40
  0.0500
 50
270.0000
 1
2
 0
POLYLINE
 8
PARTS
 66
1
 10
0.0
 20
0.0
 30
0.0
 0
VERTEX
 8
PARTS
 10
 26.3000
 20
 14.9000
 30
0.0
 0
VERTEX
 8
PARTS
 10
 26.1000
 20
 14.9000
 30
0.0
 0
SEQEND
 8
PARTS
 0
POLYLINE
 8
PARTS
 66
1
 10
0.0
 20
0.0
 30
0.0
 0
VERTEX
 8
PARTS
 10
 26.2000
 20
 14.9400
 30
0.0
 0
VERTEX
 8
PARTS
 10
 26.2000
 20
 15.0000
 30
0.0
 0
SEQEND
 8
PARTS
 0
POLYLINE
 8
PARTS
 66
1
 10
0.0
 20
0.0
 30
0.0
 0
VERTEX
 8
PARTS
 10
 26.1000
 20
 14.9700
 30
0.0
 42
  0.1654
 0
VERTEX
 8
PARTS
 10
 26.2000
 20
 14.9400
 30
0.0
 0
SEQEND
 8
PARTS
 0
POLYLINE
 8
PARTS
 66
1
 10
0.0
 20
0.0
 30
0.0
 0
VERTEX
 8
PARTS
 10
 26.2000
 20
 14.9400
 30
0.0
 42
  0.1654
 0
VERTEX
 8
PARTS
 10
 26.3000
 20
 14.9700
 30
0.0
 0
SEQEND
 8
PARTS
 0
TEXT
 8
PARTTEXT
 10
  7.5500
 20
 15.4186
 30
0.0
 40
  0.0514
 1
C11
 0
TEXT
 8
PARTTEXT
 10
  7.6000
 20
 15.2586
 30
0.0
 40
  0.0514
 1
4.7uF
 0
LINE
 8
PARTS
 10
  7.4000
 20
 15.3000
 30
0.0
 11
  7.4000
 21
 15.4000
 31
0.0
 0
TEXT
 8
PARTS
 10
  7.4300
 20
 15.2800
 30
0.0
 40
  0.0500
 50
270.0000
 1
1
 0
LINE
 8
PARTS
 10
  7.4000
 20
 15.6000
 30
0.0
 11
  7.4000
 21
 15.5000
 31
0.0
 0
TEXT
 8
PARTS
 10
  7.4300
 20
 15.6000
 30
0.0
 40
  0.0500
 50
270.0000
 1
2
 0
POLYLINE
 8
PARTS
 66
1
 10
0.0
 20
0.0
 30
0.0
 0
VERTEX
 8
PARTS
 10
  7.3000
 20
 15.4000
 30
0.0
 0
VERTEX
 8
PARTS
 10
  7.5000
 20
 15.4000
 30
0.0
 0
SEQEND
 8
PARTS
 0
POLYLINE
 8
PARTS
 66
1
 10
0.0
 20
0.0
 30
0.0
 0
VERTEX
 8
PARTS
 10
  7.4000
 20
 15.4400
 30
0.0
 0
VERTEX
 8
PARTS
 10
  7.4000
 20
 15.5000
 30
0.0
 0
SEQEND
 8
PARTS
 0
POLYLINE
 8
PARTS
 66
1
 10
0.0
 20
0.0
 30
0.0
 0
VERTEX
 8
PARTS
 10
  7.4000
 20
 15.4400
 30
0.0
 42
  0.1654
 0
VERTEX
 8
PARTS
 10
  7.5000
 20
 15.4700
 30
0.0
 0
SEQEND
 8
PARTS
 0
POLYLINE
 8
PARTS
 66
1
 10
0.0
 20
0.0
 30
0.0
 0
VERTEX
 8
PARTS
 10
  7.3000
 20
 15.4700
 30
0.0
 42
  0.1654
 0
VERTEX
 8
PARTS
 10
  7.4000
 20
 15.4400
 30
0.0
 0
SEQEND
 8
PARTS
 0
TEXT
 8
PARTTEXT
 10
 26.7000
 20
 16.7186
 30
0.0
 40
  0.0514
 1
U3
 0
TEXT
 8
PARTTEXT
 10
 26.6000
 20
 16.5186
 30
0.0
 40
  0.0514
 1
INA114
 0
LINE
 8
PARTS
 10
 27.9000
 20
 16.5000
 30
0.0
 11
 27.6000
 21
 16.5000
 31
0.0
 0
TEXT
 8
PARTS
 10
 27.4300
 20
 16.4750
 30
0.0
 40
  0.0500
 1
VO
 0
TEXT
 8
PARTS
 10
 27.6600
 20
 16.5300
 30
0.0
 40
  0.0500
 1
11
 0
LINE
 8
PARTS
 10
 27.9000
 20
 15.7000
 30
0.0
 11
 27.6000
 21
 15.7000
 31
0.0
 0
TEXT
 8
PARTS
 10
 27.3900
 20
 15.6750
 30
0.0
 40
  0.0500
 1
Ref
 0
TEXT
 8
PARTS
 10
 27.6600
 20
 15.7300
 30
0.0
 40
  0.0500
 1
10
 0
LINE
 8
PARTS
 10
 25.9000
 20
 15.7000
 30
0.0
 11
 26.2000
 21
 15.7000
 31
0.0
 0
TEXT
 8
PARTS
 10
 26.2900
 20
 15.6750
 30
0.0
 40
  0.0500
 1
-Vin
 0
TEXT
 8
PARTS
 10
 26.1000
 20
 15.7300
 30
0.0
 40
  0.0500
 1
4
 0
LINE
 8
PARTS
 10
 25.9000
 20
 17.2000
 30
0.0
 11
 26.2000
 21
 17.2000
 31
0.0
 0
TEXT
 8
PARTS
 10
 26.2900
 20
 17.1750
 30
0.0
 40
  0.0500
 1
+Vin
 0
TEXT
 8
PARTS
 10
 26.1000
 20
 17.2300
 30
0.0
 40
  0.0500
 1
5
 0
LINE
 8
PARTS
 10
 25.9000
 20
 16.7000
 30
0.0
 11
 26.2000
 21
 16.7000
 31
0.0
 0
TEXT
 8
PARTS
 10
 26.2900
 20
 16.6750
 30
0.0
 40
  0.0500
 1
Rg1
 0
TEXT
 8
PARTS
 10
 26.1000
 20
 16.7300
 30
0.0
 40
  0.0500
 1
2
 0
LINE
 8
PARTS
 10
 25.9000
 20
 16.2000
 30
0.0
 11
 26.2000
 21
 16.2000
 31
0.0
 0
TEXT
 8
PARTS
 10
 26.2900
 20
 16.1750
 30
0.0
 40
  0.0500
 1
Rg2
 0
TEXT
 8
PARTS
 10
 26.0600
 20
 16.2300
 30
0.0
 40
  0.0500
 1
15
 0
LINE
 8
PARTS
 10
 27.1000
 20
 17.8000
 30
0.0
 11
 27.1000
 21
 17.5000
 31
0.0
 0
TEXT
 8
PARTS
 10
 27.0750
 20
 17.4100
 30
0.0
 40
  0.0500
 50
270.0000
 1
+V
 0
TEXT
 8
PARTS
 10
 27.1300
 20
 17.6400
 30
0.0
 40
  0.0500
 50
270.0000
 1
13
 0
CIRCLE
 8
PARTS
 10
 27.1000
 20
 15.4700
 30
0.0
 40
  0.0300
 0
LINE
 8
PARTS
 10
 27.1000
 20
 15.2000
 30
0.0
 11
 27.1000
 21
 15.4400
 31
0.0
 0
TEXT
 8
PARTS
 10
 27.0750
 20
 15.6700
 30
0.0
 40
  0.0500
 50
270.0000
 1
-V
 0
TEXT
 8
PARTS
 10
 27.1300
 20
 15.3800
 30
0.0
 40
  0.0500
 50
270.0000
 1
7
 0
LINE
 8
PARTS
 10
 27.9000
 20
 17.0000
 30
0.0
 11
 27.6000
 21
 17.0000
 31
0.0
 0
TEXT
 8
PARTS
 10
 27.1900
 20
 16.9750
 30
0.0
 40
  0.0500
 1
Feedback
 0
TEXT
 8
PARTS
 10
 27.6600
 20
 17.0300
 30
0.0
 40
  0.0500
 1
12
 0
POLYLINE
 8
PARTS
 66
1
 10
0.0
 20
0.0
 30
0.0
 0
VERTEX
 8
PARTS
 10
 27.4000
 20
 16.5000
 30
0.0
 0
VERTEX
 8
PARTS
 10
 27.0000
 20
 16.9000
 30
0.0
 0
SEQEND
 8
PARTS
 0
POLYLINE
 8
PARTS
 66
1
 10
0.0
 20
0.0
 30
0.0
 0
VERTEX
 8
PARTS
 10
 27.4000
 20
 16.5000
 30
0.0
 0
VERTEX
 8
PARTS
 10
 27.0000
 20
 16.1000
 30
0.0
 0
SEQEND
 8
PARTS
 0
POLYLINE
 8
PARTS
 66
1
 10
0.0
 20
0.0
 30
0.0
 0
VERTEX
 8
PARTS
 10
 27.0000
 20
 16.1000
 30
0.0
 0
VERTEX
 8
PARTS
 10
 27.0000
 20
 16.9000
 30
0.0
 0
SEQEND
 8
PARTS
 0
POLYLINE
 8
PARTS
 66
1
 10
0.0
 20
0.0
 30
0.0
 0
VERTEX
 8
PARTS
 10
 26.8000
 20
 16.0000
 30
0.0
 0
VERTEX
 8
PARTS
 10
 26.4000
 20
 15.6000
 30
0.0
 0
SEQEND
 8
PARTS
 0
POLYLINE
 8
PARTS
 66
1
 10
0.0
 20
0.0
 30
0.0
 0
VERTEX
 8
PARTS
 10
 26.8000
 20
 17.0000
 30
0.0
 0
VERTEX
 8
PARTS
 10
 26.4000
 20
 16.6000
 30
0.0
 0
SEQEND
 8
PARTS
 0
POLYLINE
 8
PARTS
 66
1
 10
0.0
 20
0.0
 30
0.0
 0
VERTEX
 8
PARTS
 10
 26.8000
 20
 17.0000
 30
0.0
 0
VERTEX
 8
PARTS
 10
 26.4000
 20
 17.4000
 30
0.0
 0
SEQEND
 8
PARTS
 0
POLYLINE
 8
PARTS
 66
1
 10
0.0
 20
0.0
 30
0.0
 0
VERTEX
 8
PARTS
 10
 26.8000
 20
 16.0000
 30
0.0
 0
VERTEX
 8
PARTS
 10
 26.4000
 20
 16.4000
 30
0.0
 0
SEQEND
 8
PARTS
 0
POLYLINE
 8
PARTS
 66
1
 10
0.0
 20
0.0
 30
0.0
 0
VERTEX
 8
PARTS
 10
 26.4000
 20
 16.6000
 30
0.0
 0
VERTEX
 8
PARTS
 10
 26.4000
 20
 17.4000
 30
0.0
 0
SEQEND
 8
PARTS
 0
POLYLINE
 8
PARTS
 66
1
 10
0.0
 20
0.0
 30
0.0
 0
VERTEX
 8
PARTS
 10
 26.4000
 20
 15.6000
 30
0.0
 0
VERTEX
 8
PARTS
 10
 26.4000
 20
 16.4000
 30
0.0
 0
SEQEND
 8
PARTS
 0
POLYLINE
 8
PARTS
 66
1
 10
0.0
 20
0.0
 30
0.0
 0
VERTEX
 8
PARTS
 10
 26.4000
 20
 17.2000
 30
0.0
 0
VERTEX
 8
PARTS
 10
 26.2000
 20
 17.2000
 30
0.0
 0
SEQEND
 8
PARTS
 0
POLYLINE
 8
PARTS
 66
1
 10
0.0
 20
0.0
 30
0.0
 0
VERTEX
 8
PARTS
 10
 26.4000
 20
 16.2000
 30
0.0
 0
VERTEX
 8
PARTS
 10
 26.2000
 20
 16.2000
 30
0.0
 0
SEQEND
 8
PARTS
 0
POLYLINE
 8
PARTS
 66
1
 10
0.0
 20
0.0
 30
0.0
 0
VERTEX
 8
PARTS
 10
 26.4000
 20
 15.7000
 30
0.0
 0
VERTEX
 8
PARTS
 10
 26.2000
 20
 15.7000
 30
0.0
 0
SEQEND
 8
PARTS
 0
POLYLINE
 8
PARTS
 66
1
 10
0.0
 20
0.0
 30
0.0
 0
VERTEX
 8
PARTS
 10
 26.4000
 20
 16.7000
 30
0.0
 0
VERTEX
 8
PARTS
 10
 26.2000
 20
 16.7000
 30
0.0
 0
SEQEND
 8
PARTS
 0
POLYLINE
 8
PARTS
 66
1
 10
0.0
 20
0.0
 30
0.0
 0
VERTEX
 8
PARTS
 10
 27.6000
 20
 16.5000
 30
0.0
 0
VERTEX
 8
PARTS
 10
 27.4000
 20
 16.5000
 30
0.0
 0
SEQEND
 8
PARTS
 0
POLYLINE
 8
PARTS
 66
1
 70
1
 10
0.0
 20
0.0
 30
0.0
 0
VERTEX
 8
PARTS
 10
 26.2000
 20
 17.5000
 30
0.0
 0
VERTEX
 8
PARTS
 10
 27.6000
 20
 17.5000
 30
0.0
 0
VERTEX
 8
PARTS
 10
 27.6000
 20
 15.5000
 30
0.0
 0
VERTEX
 8
PARTS
 10
 26.2000
 20
 15.5000
 30
0.0
 0
SEQEND
 8
PARTS
 0
POLYLINE
 8
PARTS
 66
1
 10
0.0
 20
0.0
 30
0.0
 0
VERTEX
 8
PARTS
 10
 26.8000
 20
 17.0000
 30
0.0
 0
VERTEX
 8
PARTS
 10
 26.9000
 20
 17.0000
 30
0.0
 0
SEQEND
 8
PARTS
 0
POLYLINE
 8
PARTS
 66
1
 10
0.0
 20
0.0
 30
0.0
 0
VERTEX
 8
PARTS
 10
 26.9000
 20
 17.0000
 30
0.0
 0
VERTEX
 8
PARTS
 10
 26.9000
 20
 16.7000
 30
0.0
 0
SEQEND
 8
PARTS
 0
POLYLINE
 8
PARTS
 66
1
 10
0.0
 20
0.0
 30
0.0
 0
VERTEX
 8
PARTS
 10
 26.8000
 20
 16.0000
 30
0.0
 0
VERTEX
 8
PARTS
 10
 26.9000
 20
 16.0000
 30
0.0
 0
SEQEND
 8
PARTS
 0
POLYLINE
 8
PARTS
 66
1
 10
0.0
 20
0.0
 30
0.0
 0
VERTEX
 8
PARTS
 10
 26.9000
 20
 16.0000
 30
0.0
 0
VERTEX
 8
PARTS
 10
 26.9000
 20
 16.3000
 30
0.0
 0
SEQEND
 8
PARTS
 0
POLYLINE
 8
PARTS
 66
1
 10
0.0
 20
0.0
 30
0.0
 0
VERTEX
 8
PARTS
 10
 26.9000
 20
 16.7000
 30
0.0
 0
VERTEX
 8
PARTS
 10
 27.0000
 20
 16.7000
 30
0.0
 0
SEQEND
 8
PARTS
 0
POLYLINE
 8
PARTS
 66
1
 10
0.0
 20
0.0
 30
0.0
 0
VERTEX
 8
PARTS
 10
 26.9000
 20
 16.3000
 30
0.0
 0
VERTEX
 8
PARTS
 10
 27.0000
 20
 16.3000
 30
0.0
 0
SEQEND
 8
PARTS
 0
TEXT
 8
PARTTEXT
 10
  6.1000
 20
 17.1186
 30
0.0
 40
  0.0514
 1
R8
 0
TEXT
 8
PARTTEXT
 10
  6.1000
 20
 17.0186
 30
0.0
 40
  0.0514
 1
5.6K
 0
LINE
 8
PARTS
 10
  6.0000
 20
 16.8000
 30
0.0
 11
  6.0000
 21
 16.9000
 31
0.0
 0
TEXT
 8
PARTS
 10
  6.0300
 20
 16.7800
 30
0.0
 40
  0.0500
 50
270.0000
 1
1
 0
LINE
 8
PARTS
 10
  6.0000
 20
 17.3000
 30
0.0
 11
  6.0000
 21
 17.2000
 31
0.0
 0
TEXT
 8
PARTS
 10
  6.0300
 20
 17.3000
 30
0.0
 40
  0.0500
 50
270.0000
 1
2
 0
POLYLINE
 8
PARTS
 66
1
 10
0.0
 20
0.0
 30
0.0
 0
VERTEX
 8
PARTS
 10
  6.0000
 20
 16.9000
 30
0.0
 0
VERTEX
 8
PARTS
 10
  5.9700
 20
 16.9300
 30
0.0
 0
SEQEND
 8
PARTS
 0
POLYLINE
 8
PARTS
 66
1
 10
0.0
 20
0.0
 30
0.0
 0
VERTEX
 8
PARTS
 10
  5.9700
 20
 16.9300
 30
0.0
 0
VERTEX
 8
PARTS
 10
  6.0300
 20
 16.9900
 30
0.0
 0
SEQEND
 8
PARTS
 0
POLYLINE
 8
PARTS
 66
1
 10
0.0
 20
0.0
 30
0.0
 0
VERTEX
 8
PARTS
 10
  6.0300
 20
 16.9900
 30
0.0
 0
VERTEX
 8
PARTS
 10
  5.9700
 20
 17.0500
 30
0.0
 0
SEQEND
 8
PARTS
 0
POLYLINE
 8
PARTS
 66
1
 10
0.0
 20
0.0
 30
0.0
 0
VERTEX
 8
PARTS
 10
  5.9700
 20
 17.0500
 30
0.0
 0
VERTEX
 8
PARTS
 10
  6.0300
 20
 17.1100
 30
0.0
 0
SEQEND
 8
PARTS
 0
POLYLINE
 8
PARTS
 66
1
 10
0.0
 20
0.0
 30
0.0
 0
VERTEX
 8
PARTS
 10
  6.0300
 20
 17.1100
 30
0.0
 0
VERTEX
 8
PARTS
 10
  5.9700
 20
 17.1700
 30
0.0
 0
SEQEND
 8
PARTS
 0
POLYLINE
 8
PARTS
 66
1
 10
0.0
 20
0.0
 30
0.0
 0
VERTEX
 8
PARTS
 10
  5.9700
 20
 17.1700
 30
0.0
 0
VERTEX
 8
PARTS
 10
  6.0000
 20
 17.2000
 30
0.0
 0
SEQEND
 8
PARTS
 0
TEXT
 8
PARTTEXT
 10
  6.6000
 20
 13.4186
 30
0.0
 40
  0.0514
 1
C16
 0
TEXT
 8
PARTTEXT
 10
  6.6000
 20
 13.3186
 30
0.0
 40
  0.0514
 1
.01uF
 0
LINE
 8
PARTS
 10
  6.5000
 20
 13.6000
 30
0.0
 11
  6.5000
 21
 13.5000
 31
0.0
 0
TEXT
 8
PARTS
 10
  6.5300
 20
 13.5600
 30
0.0
 40
  0.0500
 50
270.0000
 1

 0
LINE
 8
PARTS
 10
  6.5000
 20
 13.3000
 30
0.0
 11
  6.5000
 21
 13.4000
 31
0.0
 0
TEXT
 8
PARTS
 10
  6.5300
 20
 13.2800
 30
0.0
 40
  0.0500
 50
270.0000
 1

 0
POLYLINE
 8
PARTS
 66
1
 10
0.0
 20
0.0
 30
0.0
 0
VERTEX
 8
PARTS
 10
  6.4000
 20
 13.5000
 30
0.0
 0
VERTEX
 8
PARTS
 10
  6.6000
 20
 13.5000
 30
0.0
 0
SEQEND
 8
PARTS
 0
POLYLINE
 8
PARTS
 66
1
 10
0.0
 20
0.0
 30
0.0
 0
VERTEX
 8
PARTS
 10
  6.5000
 20
 13.4600
 30
0.0
 0
VERTEX
 8
PARTS
 10
  6.5000
 20
 13.4000
 30
0.0
 0
SEQEND
 8
PARTS
 0
POLYLINE
 8
PARTS
 66
1
 10
0.0
 20
0.0
 30
0.0
 0
VERTEX
 8
PARTS
 10
  6.6000
 20
 13.4300
 30
0.0
 42
  0.1654
 0
VERTEX
 8
PARTS
 10
  6.5000
 20
 13.4600
 30
0.0
 0
SEQEND
 8
PARTS
 0
POLYLINE
 8
PARTS
 66
1
 10
0.0
 20
0.0
 30
0.0
 0
VERTEX
 8
PARTS
 10
  6.5000
 20
 13.4600
 30
0.0
 42
  0.1654
 0
VERTEX
 8
PARTS
 10
  6.4000
 20
 13.4300
 30
0.0
 0
SEQEND
 8
PARTS
 0
TEXT
 8
PARTTEXT
 10
 12.9000
 20
 11.1186
 30
0.0
 40
  0.0514
 1
R35
 0
TEXT
 8
PARTTEXT
 10
 12.8000
 20
 11.0186
 30
0.0
 40
  0.0514
 1
Zero Ohm
 0
LINE
 8
PARTS
 10
 12.7000
 20
 10.8000
 30
0.0
 11
 12.8000
 21
 10.8000
 31
0.0
 0
TEXT
 8
PARTS
 10
 12.7000
 20
 10.8300
 30
0.0
 40
  0.0500
 1
1
 0
LINE
 8
PARTS
 10
 13.2000
 20
 10.8000
 30
0.0
 11
 13.1000
 21
 10.8000
 31
0.0
 0
TEXT
 8
PARTS
 10
 13.1600
 20
 10.8300
 30
0.0
 40
  0.0500
 1
2
 0
LINE
 8
PARTS
 10
 12.7000
 20
 10.9000
 30
0.0
 11
 12.8000
 21
 10.9000
 31
0.0
 0
TEXT
 8
PARTS
 10
 12.7000
 20
 10.9300
 30
0.0
 40
  0.0500
 1
3
 0
LINE
 8
PARTS
 10
 13.2000
 20
 10.9000
 30
0.0
 11
 13.1000
 21
 10.9000
 31
0.0
 0
TEXT
 8
PARTS
 10
 13.1600
 20
 10.9300
 30
0.0
 40
  0.0500
 1
4
 0
POLYLINE
 8
PARTS
 66
1
 10
0.0
 20
0.0
 30
0.0
 0
VERTEX
 8
PARTS
 10
 12.8000
 20
 10.8000
 30
0.0
 0
VERTEX
 8
PARTS
 10
 12.8300
 20
 10.8300
 30
0.0
 0
SEQEND
 8
PARTS
 0
POLYLINE
 8
PARTS
 66
1
 10
0.0
 20
0.0
 30
0.0
 0
VERTEX
 8
PARTS
 10
 12.8300
 20
 10.8300
 30
0.0
 0
VERTEX
 8
PARTS
 10
 12.8900
 20
 10.7700
 30
0.0
 0
SEQEND
 8
PARTS
 0
POLYLINE
 8
PARTS
 66
1
 10
0.0
 20
0.0
 30
0.0
 0
VERTEX
 8
PARTS
 10
 12.8900
 20
 10.7700
 30
0.0
 0
VERTEX
 8
PARTS
 10
 12.9500
 20
 10.8300
 30
0.0
 0
SEQEND
 8
PARTS
 0
POLYLINE
 8
PARTS
 66
1
 10
0.0
 20
0.0
 30
0.0
 0
VERTEX
 8
PARTS
 10
 12.9500
 20
 10.8300
 30
0.0
 0
VERTEX
 8
PARTS
 10
 13.0100
 20
 10.7700
 30
0.0
 0
SEQEND
 8
PARTS
 0
POLYLINE
 8
PARTS
 66
1
 10
0.0
 20
0.0
 30
0.0
 0
VERTEX
 8
PARTS
 10
 13.0100
 20
 10.7700
 30
0.0
 0
VERTEX
 8
PARTS
 10
 13.0700
 20
 10.8300
 30
0.0
 0
SEQEND
 8
PARTS
 0
POLYLINE
 8
PARTS
 66
1
 10
0.0
 20
0.0
 30
0.0
 0
VERTEX
 8
PARTS
 10
 13.0700
 20
 10.8300
 30
0.0
 0
VERTEX
 8
PARTS
 10
 13.1000
 20
 10.8000
 30
0.0
 0
SEQEND
 8
PARTS
 0
POLYLINE
 8
PARTS
 66
1
 10
0.0
 20
0.0
 30
0.0
 0
VERTEX
 8
PARTS
 10
 12.8000
 20
 10.9000
 30
0.0
 0
VERTEX
 8
PARTS
 10
 12.8300
 20
 10.9300
 30
0.0
 0
SEQEND
 8
PARTS
 0
POLYLINE
 8
PARTS
 66
1
 10
0.0
 20
0.0
 30
0.0
 0
VERTEX
 8
PARTS
 10
 12.8300
 20
 10.9300
 30
0.0
 0
VERTEX
 8
PARTS
 10
 12.8900
 20
 10.8700
 30
0.0
 0
SEQEND
 8
PARTS
 0
POLYLINE
 8
PARTS
 66
1
 10
0.0
 20
0.0
 30
0.0
 0
VERTEX
 8
PARTS
 10
 12.8900
 20
 10.8700
 30
0.0
 0
VERTEX
 8
PARTS
 10
 12.9500
 20
 10.9300
 30
0.0
 0
SEQEND
 8
PARTS
 0
POLYLINE
 8
PARTS
 66
1
 10
0.0
 20
0.0
 30
0.0
 0
VERTEX
 8
PARTS
 10
 12.9500
 20
 10.9300
 30
0.0
 0
VERTEX
 8
PARTS
 10
 13.0100
 20
 10.8700
 30
0.0
 0
SEQEND
 8
PARTS
 0
POLYLINE
 8
PARTS
 66
1
 10
0.0
 20
0.0
 30
0.0
 0
VERTEX
 8
PARTS
 10
 13.0100
 20
 10.8700
 30
0.0
 0
VERTEX
 8
PARTS
 10
 13.0700
 20
 10.9300
 30
0.0
 0
SEQEND
 8
PARTS
 0
POLYLINE
 8
PARTS
 66
1
 10
0.0
 20
0.0
 30
0.0
 0
VERTEX
 8
PARTS
 10
 13.0700
 20
 10.9300
 30
0.0
 0
VERTEX
 8
PARTS
 10
 13.1000
 20
 10.9000
 30
0.0
 0
SEQEND
 8
PARTS
 0
POLYLINE
 8
PARTS
 66
1
 70
1
 10
0.0
 20
0.0
 30
0.0
 0
VERTEX
 8
PARTS
 10
 13.0500
 20
 10.8400
 30
0.0
 42
  0.0985
 0
VERTEX
 8
PARTS
 10
 13.0424
 20
 10.8783
 30
0.0
 42
  0.0985
 0
VERTEX
 8
PARTS
 10
 13.0207
 20
 10.9107
 30
0.0
 42
  0.0985
 0
VERTEX
 8
PARTS
 10
 12.9883
 20
 10.9324
 30
0.0
 42
  0.0985
 0
VERTEX
 8
PARTS
 10
 12.9500
 20
 10.9400
 30
0.0
 42
  0.0985
 0
VERTEX
 8
PARTS
 10
 12.9117
 20
 10.9324
 30
0.0
 42
  0.0985
 0
VERTEX
 8
PARTS
 10
 12.8793
 20
 10.9107
 30
0.0
 42
  0.0985
 0
VERTEX
 8
PARTS
 10
 12.8576
 20
 10.8783
 30
0.0
 42
  0.0985
 0
VERTEX
 8
PARTS
 10
 12.8500
 20
 10.8400
 30
0.0
 42
  0.0985
 0
VERTEX
 8
PARTS
 10
 12.8576
 20
 10.8017
 30
0.0
 42
  0.0985
 0
VERTEX
 8
PARTS
 10
 12.8793
 20
 10.7693
 30
0.0
 42
  0.0985
 0
VERTEX
 8
PARTS
 10
 12.9117
 20
 10.7476
 30
0.0
 42
  0.0985
 0
VERTEX
 8
PARTS
 10
 12.9500
 20
 10.7400
 30
0.0
 42
  0.0985
 0
VERTEX
 8
PARTS
 10
 12.9883
 20
 10.7476
 30
0.0
 42
  0.0985
 0
VERTEX
 8
PARTS
 10
 13.0207
 20
 10.7693
 30
0.0
 42
  0.0985
 0
VERTEX
 8
PARTS
 10
 13.0424
 20
 10.8017
 30
0.0
 42
  0.0985
 0
SEQEND
 8
PARTS
 0
POLYLINE
 8
PARTS
 66
1
 70
1
 10
0.0
 20
0.0
 30
0.0
 0
VERTEX
 8
PARTS
 10
 12.9000
 20
 10.9000
 30
0.0
 42
  0.0000
 0
VERTEX
 8
PARTS
 10
 12.8962
 20
 10.9000
 30
0.0
 42
  0.0000
 0
VERTEX
 8
PARTS
 10
 12.8854
 20
 10.9000
 30
0.0
 42
  0.0000
 0
VERTEX
 8
PARTS
 10
 12.8691
 20
 10.9000
 30
0.0
 42
  0.0000
 0
VERTEX
 8
PARTS
 10
 12.8500
 20
 10.9000
 30
0.0
 42
  0.0000
 0
VERTEX
 8
PARTS
 10
 12.8309
 20
 10.9000
 30
0.0
 42
  0.0000
 0
VERTEX
 8
PARTS
 10
 12.8146
 20
 10.9000
 30
0.0
 42
  0.0000
 0
VERTEX
 8
PARTS
 10
 12.8038
 20
 10.9000
 30
0.0
 42
  0.0000
 0
VERTEX
 8
PARTS
 10
 12.8000
 20
 10.9000
 30
0.0
 42
  0.0000
 0
VERTEX
 8
PARTS
 10
 12.8038
 20
 10.9000
 30
0.0
 42
  0.0000
 0
VERTEX
 8
PARTS
 10
 12.8146
 20
 10.9000
 30
0.0
 42
  0.0000
 0
VERTEX
 8
PARTS
 10
 12.8309
 20
 10.9000
 30
0.0
 42
  0.0000
 0
VERTEX
 8
PARTS
 10
 12.8500
 20
 10.9000
 30
0.0
 42
  0.0000
 0
VERTEX
 8
PARTS
 10
 12.8691
 20
 10.9000
 30
0.0
 42
  0.0000
 0
VERTEX
 8
PARTS
 10
 12.8854
 20
 10.9000
 30
0.0
 42
  0.0000
 0
VERTEX
 8
PARTS
 10
 12.8962
 20
 10.9000
 30
0.0
 42
  0.0000
 0
SEQEND
 8
PARTS
 0
TEXT
 8
PARTTEXT
 10
 23.3000
 20
 16.0186
 30
0.0
 40
  0.0514
 1
R18
 0
TEXT
 8
PARTTEXT
 10
 23.2000
 20
 15.9186
 30
0.0
 40
  0.0514
 1
Zero Ohm
 0
LINE
 8
PARTS
 10
 23.1000
 20
 15.7000
 30
0.0
 11
 23.2000
 21
 15.7000
 31
0.0
 0
TEXT
 8
PARTS
 10
 23.1000
 20
 15.7300
 30
0.0
 40
  0.0500
 1
1
 0
LINE
 8
PARTS
 10
 23.6000
 20
 15.7000
 30
0.0
 11
 23.5000
 21
 15.7000
 31
0.0
 0
TEXT
 8
PARTS
 10
 23.5600
 20
 15.7300
 30
0.0
 40
  0.0500
 1
2
 0
LINE
 8
PARTS
 10
 23.1000
 20
 15.8000
 30
0.0
 11
 23.2000
 21
 15.8000
 31
0.0
 0
TEXT
 8
PARTS
 10
 23.1000
 20
 15.8300
 30
0.0
 40
  0.0500
 1
3
 0
LINE
 8
PARTS
 10
 23.6000
 20
 15.8000
 30
0.0
 11
 23.5000
 21
 15.8000
 31
0.0
 0
TEXT
 8
PARTS
 10
 23.5600
 20
 15.8300
 30
0.0
 40
  0.0500
 1
4
 0
POLYLINE
 8
PARTS
 66
1
 10
0.0
 20
0.0
 30
0.0
 0
VERTEX
 8
PARTS
 10
 23.2000
 20
 15.7000
 30
0.0
 0
VERTEX
 8
PARTS
 10
 23.2300
 20
 15.7300
 30
0.0
 0
SEQEND
 8
PARTS
 0
POLYLINE
 8
PARTS
 66
1
 10
0.0
 20
0.0
 30
0.0
 0
VERTEX
 8
PARTS
 10
 23.2300
 20
 15.7300
 30
0.0
 0
VERTEX
 8
PARTS
 10
 23.2900
 20
 15.6700
 30
0.0
 0
SEQEND
 8
PARTS
 0
POLYLINE
 8
PARTS
 66
1
 10
0.0
 20
0.0
 30
0.0
 0
VERTEX
 8
PARTS
 10
 23.2900
 20
 15.6700
 30
0.0
 0
VERTEX
 8
PARTS
 10
 23.3500
 20
 15.7300
 30
0.0
 0
SEQEND
 8
PARTS
 0
POLYLINE
 8
PARTS
 66
1
 10
0.0
 20
0.0
 30
0.0
 0
VERTEX
 8
PARTS
 10
 23.3500
 20
 15.7300
 30
0.0
 0
VERTEX
 8
PARTS
 10
 23.4100
 20
 15.6700
 30
0.0
 0
SEQEND
 8
PARTS
 0
POLYLINE
 8
PARTS
 66
1
 10
0.0
 20
0.0
 30
0.0
 0
VERTEX
 8
PARTS
 10
 23.4100
 20
 15.6700
 30
0.0
 0
VERTEX
 8
PARTS
 10
 23.4700
 20
 15.7300
 30
0.0
 0
SEQEND
 8
PARTS
 0
POLYLINE
 8
PARTS
 66
1
 10
0.0
 20
0.0
 30
0.0
 0
VERTEX
 8
PARTS
 10
 23.4700
 20
 15.7300
 30
0.0
 0
VERTEX
 8
PARTS
 10
 23.5000
 20
 15.7000
 30
0.0
 0
SEQEND
 8
PARTS
 0
POLYLINE
 8
PARTS
 66
1
 10
0.0
 20
0.0
 30
0.0
 0
VERTEX
 8
PARTS
 10
 23.2000
 20
 15.8000
 30
0.0
 0
VERTEX
 8
PARTS
 10
 23.2300
 20
 15.8300
 30
0.0
 0
SEQEND
 8
PARTS
 0
POLYLINE
 8
PARTS
 66
1
 10
0.0
 20
0.0
 30
0.0
 0
VERTEX
 8
PARTS
 10
 23.2300
 20
 15.8300
 30
0.0
 0
VERTEX
 8
PARTS
 10
 23.2900
 20
 15.7700
 30
0.0
 0
SEQEND
 8
PARTS
 0
POLYLINE
 8
PARTS
 66
1
 10
0.0
 20
0.0
 30
0.0
 0
VERTEX
 8
PARTS
 10
 23.2900
 20
 15.7700
 30
0.0
 0
VERTEX
 8
PARTS
 10
 23.3500
 20
 15.8300
 30
0.0
 0
SEQEND
 8
PARTS
 0
POLYLINE
 8
PARTS
 66
1
 10
0.0
 20
0.0
 30
0.0
 0
VERTEX
 8
PARTS
 10
 23.3500
 20
 15.8300
 30
0.0
 0
VERTEX
 8
PARTS
 10
 23.4100
 20
 15.7700
 30
0.0
 0
SEQEND
 8
PARTS
 0
POLYLINE
 8
PARTS
 66
1
 10
0.0
 20
0.0
 30
0.0
 0
VERTEX
 8
PARTS
 10
 23.4100
 20
 15.7700
 30
0.0
 0
VERTEX
 8
PARTS
 10
 23.4700
 20
 15.8300
 30
0.0
 0
SEQEND
 8
PARTS
 0
POLYLINE
 8
PARTS
 66
1
 10
0.0
 20
0.0
 30
0.0
 0
VERTEX
 8
PARTS
 10
 23.4700
 20
 15.8300
 30
0.0
 0
VERTEX
 8
PARTS
 10
 23.5000
 20
 15.8000
 30
0.0
 0
SEQEND
 8
PARTS
 0
POLYLINE
 8
PARTS
 66
1
 70
1
 10
0.0
 20
0.0
 30
0.0
 0
VERTEX
 8
PARTS
 10
 23.4500
 20
 15.7400
 30
0.0
 42
  0.0985
 0
VERTEX
 8
PARTS
 10
 23.4424
 20
 15.7783
 30
0.0
 42
  0.0985
 0
VERTEX
 8
PARTS
 10
 23.4207
 20
 15.8107
 30
0.0
 42
  0.0985
 0
VERTEX
 8
PARTS
 10
 23.3883
 20
 15.8324
 30
0.0
 42
  0.0985
 0
VERTEX
 8
PARTS
 10
 23.3500
 20
 15.8400
 30
0.0
 42
  0.0985
 0
VERTEX
 8
PARTS
 10
 23.3117
 20
 15.8324
 30
0.0
 42
  0.0985
 0
VERTEX
 8
PARTS
 10
 23.2793
 20
 15.8107
 30
0.0
 42
  0.0985
 0
VERTEX
 8
PARTS
 10
 23.2576
 20
 15.7783
 30
0.0
 42
  0.0985
 0
VERTEX
 8
PARTS
 10
 23.2500
 20
 15.7400
 30
0.0
 42
  0.0985
 0
VERTEX
 8
PARTS
 10
 23.2576
 20
 15.7017
 30
0.0
 42
  0.0985
 0
VERTEX
 8
PARTS
 10
 23.2793
 20
 15.6693
 30
0.0
 42
  0.0985
 0
VERTEX
 8
PARTS
 10
 23.3117
 20
 15.6476
 30
0.0
 42
  0.0985
 0
VERTEX
 8
PARTS
 10
 23.3500
 20
 15.6400
 30
0.0
 42
  0.0985
 0
VERTEX
 8
PARTS
 10
 23.3883
 20
 15.6476
 30
0.0
 42
  0.0985
 0
VERTEX
 8
PARTS
 10
 23.4207
 20
 15.6693
 30
0.0
 42
  0.0985
 0
VERTEX
 8
PARTS
 10
 23.4424
 20
 15.7017
 30
0.0
 42
  0.0985
 0
SEQEND
 8
PARTS
 0
POLYLINE
 8
PARTS
 66
1
 70
1
 10
0.0
 20
0.0
 30
0.0
 0
VERTEX
 8
PARTS
 10
 23.3000
 20
 15.8000
 30
0.0
 42
  0.0000
 0
VERTEX
 8
PARTS
 10
 23.2962
 20
 15.8000
 30
0.0
 42
  0.0000
 0
VERTEX
 8
PARTS
 10
 23.2854
 20
 15.8000
 30
0.0
 42
  0.0000
 0
VERTEX
 8
PARTS
 10
 23.2691
 20
 15.8000
 30
0.0
 42
  0.0000
 0
VERTEX
 8
PARTS
 10
 23.2500
 20
 15.8000
 30
0.0
 42
  0.0000
 0
VERTEX
 8
PARTS
 10
 23.2309
 20
 15.8000
 30
0.0
 42
  0.0000
 0
VERTEX
 8
PARTS
 10
 23.2146
 20
 15.8000
 30
0.0
 42
  0.0000
 0
VERTEX
 8
PARTS
 10
 23.2038
 20
 15.8000
 30
0.0
 42
  0.0000
 0
VERTEX
 8
PARTS
 10
 23.2000
 20
 15.8000
 30
0.0
 42
  0.0000
 0
VERTEX
 8
PARTS
 10
 23.2038
 20
 15.8000
 30
0.0
 42
  0.0000
 0
VERTEX
 8
PARTS
 10
 23.2146
 20
 15.8000
 30
0.0
 42
  0.0000
 0
VERTEX
 8
PARTS
 10
 23.2309
 20
 15.8000
 30
0.0
 42
  0.0000
 0
VERTEX
 8
PARTS
 10
 23.2500
 20
 15.8000
 30
0.0
 42
  0.0000
 0
VERTEX
 8
PARTS
 10
 23.2691
 20
 15.8000
 30
0.0
 42
  0.0000
 0
VERTEX
 8
PARTS
 10
 23.2854
 20
 15.8000
 30
0.0
 42
  0.0000
 0
VERTEX
 8
PARTS
 10
 23.2962
 20
 15.8000
 30
0.0
 42
  0.0000
 0
SEQEND
 8
PARTS
 0
TEXT
 8
PARTTEXT
 10
  6.4000
 20
 18.6186
 30
0.0
 40
  0.0514
 1
C1
 0
TEXT
 8
PARTTEXT
 10
  6.4000
 20
 18.5186
 30
0.0
 40
  0.0514
 1
.01uF
 0
LINE
 8
PARTS
 10
  6.3000
 20
 18.8000
 30
0.0
 11
  6.3000
 21
 18.7000
 31
0.0
 0
TEXT
 8
PARTS
 10
  6.3300
 20
 18.7600
 30
0.0
 40
  0.0500
 50
270.0000
 1

 0
LINE
 8
PARTS
 10
  6.3000
 20
 18.5000
 30
0.0
 11
  6.3000
 21
 18.6000
 31
0.0
 0
TEXT
 8
PARTS
 10
  6.3300
 20
 18.4800
 30
0.0
 40
  0.0500
 50
270.0000
 1

 0
POLYLINE
 8
PARTS
 66
1
 10
0.0
 20
0.0
 30
0.0
 0
VERTEX
 8
PARTS
 10
  6.2000
 20
 18.7000
 30
0.0
 0
VERTEX
 8
PARTS
 10
  6.4000
 20
 18.7000
 30
0.0
 0
SEQEND
 8
PARTS
 0
POLYLINE
 8
PARTS
 66
1
 10
0.0
 20
0.0
 30
0.0
 0
VERTEX
 8
PARTS
 10
  6.3000
 20
 18.6600
 30
0.0
 0
VERTEX
 8
PARTS
 10
  6.3000
 20
 18.6000
 30
0.0
 0
SEQEND
 8
PARTS
 0
POLYLINE
 8
PARTS
 66
1
 10
0.0
 20
0.0
 30
0.0
 0
VERTEX
 8
PARTS
 10
  6.4000
 20
 18.6300
 30
0.0
 42
  0.1654
 0
VERTEX
 8
PARTS
 10
  6.3000
 20
 18.6600
 30
0.0
 0
SEQEND
 8
PARTS
 0
POLYLINE
 8
PARTS
 66
1
 10
0.0
 20
0.0
 30
0.0
 0
VERTEX
 8
PARTS
 10
  6.3000
 20
 18.6600
 30
0.0
 42
  0.1654
 0
VERTEX
 8
PARTS
 10
  6.2000
 20
 18.6300
 30
0.0
 0
SEQEND
 8
PARTS
 0
TEXT
 8
PARTTEXT
 10
  7.2500
 20
 13.4186
 30
0.0
 40
  0.0514
 1
C17
 0
TEXT
 8
PARTTEXT
 10
  7.3000
 20
 13.2586
 30
0.0
 40
  0.0514
 1
4.7uF
 0
LINE
 8
PARTS
 10
  7.1000
 20
 13.6000
 30
0.0
 11
  7.1000
 21
 13.5000
 31
0.0
 0
TEXT
 8
PARTS
 10
  7.1300
 20
 13.6000
 30
0.0
 40
  0.0500
 50
270.0000
 1
1
 0
LINE
 8
PARTS
 10
  7.1000
 20
 13.3000
 30
0.0
 11
  7.1000
 21
 13.4000
 31
0.0
 0
TEXT
 8
PARTS
 10
  7.1300
 20
 13.2800
 30
0.0
 40
  0.0500
 50
270.0000
 1
2
 0
POLYLINE
 8
PARTS
 66
1
 10
0.0
 20
0.0
 30
0.0
 0
VERTEX
 8
PARTS
 10
  7.0000
 20
 13.5000
 30
0.0
 0
VERTEX
 8
PARTS
 10
  7.2000
 20
 13.5000
 30
0.0
 0
SEQEND
 8
PARTS
 0
POLYLINE
 8
PARTS
 66
1
 10
0.0
 20
0.0
 30
0.0
 0
VERTEX
 8
PARTS
 10
  7.1000
 20
 13.4600
 30
0.0
 0
VERTEX
 8
PARTS
 10
  7.1000
 20
 13.4000
 30
0.0
 0
SEQEND
 8
PARTS
 0
POLYLINE
 8
PARTS
 66
1
 10
0.0
 20
0.0
 30
0.0
 0
VERTEX
 8
PARTS
 10
  7.2000
 20
 13.4300
 30
0.0
 42
  0.1654
 0
VERTEX
 8
PARTS
 10
  7.1000
 20
 13.4600
 30
0.0
 0
SEQEND
 8
PARTS
 0
POLYLINE
 8
PARTS
 66
1
 10
0.0
 20
0.0
 30
0.0
 0
VERTEX
 8
PARTS
 10
  7.1000
 20
 13.4600
 30
0.0
 42
  0.1654
 0
VERTEX
 8
PARTS
 10
  7.0000
 20
 13.4300
 30
0.0
 0
SEQEND
 8
PARTS
 0
TEXT
 8
PARTTEXT
 10
  3.8000
 20
  6.5186
 30
0.0
 40
  0.0514
 1
C37
 0
TEXT
 8
PARTTEXT
 10
  3.6000
 20
  6.4186
 30
0.0
 40
  0.0514
 1
Not Populated
 0
LINE
 8
PARTS
 10
  4.4000
 20
  6.3000
 30
0.0
 11
  4.4000
 21
  6.4000
 31
0.0
 0
TEXT
 8
PARTS
 10
  4.4300
 20
  6.2800
 30
0.0
 40
  0.0500
 50
270.0000
 1
1
 0
LINE
 8
PARTS
 10
  4.4000
 20
  6.6000
 30
0.0
 11
  4.4000
 21
  6.5000
 31
0.0
 0
TEXT
 8
PARTS
 10
  4.4300
 20
  6.6000
 30
0.0
 40
  0.0500
 50
270.0000
 1
2
 0
POLYLINE
 8
PARTS
 66
1
 10
0.0
 20
0.0
 30
0.0
 0
VERTEX
 8
PARTS
 10
  4.4000
 20
  6.4000
 30
0.0
 0
VERTEX
 8
PARTS
 10
  4.4000
 20
  6.4200
 30
0.0
 0
SEQEND
 8
PARTS
 0
POLYLINE
 8
PARTS
 66
1
 10
0.0
 20
0.0
 30
0.0
 0
VERTEX
 8
PARTS
 10
  4.4900
 20
  6.4700
 30
0.0
 0
VERTEX
 8
PARTS
 10
  4.3100
 20
  6.4700
 30
0.0
 0
SEQEND
 8
PARTS
 0
POLYLINE
 8
PARTS
 66
1
 10
0.0
 20
0.0
 30
0.0
 0
VERTEX
 8
PARTS
 10
  4.4900
 20
  6.4200
 30
0.0
 0
VERTEX
 8
PARTS
 10
  4.3100
 20
  6.4200
 30
0.0
 0
SEQEND
 8
PARTS
 0
POLYLINE
 8
PARTS
 66
1
 10
0.0
 20
0.0
 30
0.0
 0
VERTEX
 8
PARTS
 10
  4.4000
 20
  6.5000
 30
0.0
 0
VERTEX
 8
PARTS
 10
  4.4000
 20
  6.4700
 30
0.0
 0
SEQEND
 8
PARTS
 0
TEXT
 8
PARTTEXT
 10
 17.0500
 20
  4.3186
 30
0.0
 40
  0.0514
 1
C43
 0
TEXT
 8
PARTTEXT
 10
 17.1000
 20
  4.1586
 30
0.0
 40
  0.0514
 1
4.7uF
 0
LINE
 8
PARTS
 10
 16.9000
 20
  4.2000
 30
0.0
 11
 16.9000
 21
  4.3000
 31
0.0
 0
TEXT
 8
PARTS
 10
 16.9300
 20
  4.1800
 30
0.0
 40
  0.0500
 50
270.0000
 1
1
 0
LINE
 8
PARTS
 10
 16.9000
 20
  4.5000
 30
0.0
 11
 16.9000
 21
  4.4000
 31
0.0
 0
TEXT
 8
PARTS
 10
 16.9300
 20
  4.5000
 30
0.0
 40
  0.0500
 50
270.0000
 1
2
 0
POLYLINE
 8
PARTS
 66
1
 10
0.0
 20
0.0
 30
0.0
 0
VERTEX
 8
PARTS
 10
 16.8000
 20
  4.3000
 30
0.0
 0
VERTEX
 8
PARTS
 10
 17.0000
 20
  4.3000
 30
0.0
 0
SEQEND
 8
PARTS
 0
POLYLINE
 8
PARTS
 66
1
 10
0.0
 20
0.0
 30
0.0
 0
VERTEX
 8
PARTS
 10
 16.9000
 20
  4.3400
 30
0.0
 0
VERTEX
 8
PARTS
 10
 16.9000
 20
  4.4000
 30
0.0
 0
SEQEND
 8
PARTS
 0
POLYLINE
 8
PARTS
 66
1
 10
0.0
 20
0.0
 30
0.0
 0
VERTEX
 8
PARTS
 10
 16.9000
 20
  4.3400
 30
0.0
 42
  0.1654
 0
VERTEX
 8
PARTS
 10
 17.0000
 20
  4.3700
 30
0.0
 0
SEQEND
 8
PARTS
 0
POLYLINE
 8
PARTS
 66
1
 10
0.0
 20
0.0
 30
0.0
 0
VERTEX
 8
PARTS
 10
 16.8000
 20
  4.3700
 30
0.0
 42
  0.1654
 0
VERTEX
 8
PARTS
 10
 16.9000
 20
  4.3400
 30
0.0
 0
SEQEND
 8
PARTS
 0
TEXT
 8
PARTTEXT
 10
 26.7500
 20
 18.0186
 30
0.0
 40
  0.0514
 1
C6
 0
TEXT
 8
PARTTEXT
 10
 26.8000
 20
 17.8586
 30
0.0
 40
  0.0514
 1
4.7uF
 0
LINE
 8
PARTS
 10
 26.6000
 20
 18.2000
 30
0.0
 11
 26.6000
 21
 18.1000
 31
0.0
 0
TEXT
 8
PARTS
 10
 26.6300
 20
 18.2000
 30
0.0
 40
  0.0500
 50
270.0000
 1
1
 0
LINE
 8
PARTS
 10
 26.6000
 20
 17.9000
 30
0.0
 11
 26.6000
 21
 18.0000
 31
0.0
 0
TEXT
 8
PARTS
 10
 26.6300
 20
 17.8800
 30
0.0
 40
  0.0500
 50
270.0000
 1
2
 0
POLYLINE
 8
PARTS
 66
1
 10
0.0
 20
0.0
 30
0.0
 0
VERTEX
 8
PARTS
 10
 26.5000
 20
 18.1000
 30
0.0
 0
VERTEX
 8
PARTS
 10
 26.7000
 20
 18.1000
 30
0.0
 0
SEQEND
 8
PARTS
 0
POLYLINE
 8
PARTS
 66
1
 10
0.0
 20
0.0
 30
0.0
 0
VERTEX
 8
PARTS
 10
 26.6000
 20
 18.0600
 30
0.0
 0
VERTEX
 8
PARTS
 10
 26.6000
 20
 18.0000
 30
0.0
 0
SEQEND
 8
PARTS
 0
POLYLINE
 8
PARTS
 66
1
 10
0.0
 20
0.0
 30
0.0
 0
VERTEX
 8
PARTS
 10
 26.7000
 20
 18.0300
 30
0.0
 42
  0.1654
 0
VERTEX
 8
PARTS
 10
 26.6000
 20
 18.0600
 30
0.0
 0
SEQEND
 8
PARTS
 0
POLYLINE
 8
PARTS
 66
1
 10
0.0
 20
0.0
 30
0.0
 0
VERTEX
 8
PARTS
 10
 26.6000
 20
 18.0600
 30
0.0
 42
  0.1654
 0
VERTEX
 8
PARTS
 10
 26.5000
 20
 18.0300
 30
0.0
 0
SEQEND
 8
PARTS
 0
TEXT
 8
PARTTEXT
 10
 25.8500
 20
 16.5186
 30
0.0
 40
  0.0514
 1
R12
 0
LINE
 8
PARTS
 10
 25.7000
 20
 16.2000
 30
0.0
 11
 25.7000
 21
 16.3000
 31
0.0
 0
TEXT
 8
PARTS
 10
 25.7300
 20
 16.1800
 30
0.0
 40
  0.0500
 50
270.0000
 1
1
 0
LINE
 8
PARTS
 10
 25.7000
 20
 16.7000
 30
0.0
 11
 25.7000
 21
 16.6000
 31
0.0
 0
TEXT
 8
PARTS
 10
 25.7300
 20
 16.7000
 30
0.0
 40
  0.0500
 50
270.0000
 1
2
 0
POLYLINE
 8
PARTS
 66
1
 10
0.0
 20
0.0
 30
0.0
 0
VERTEX
 8
PARTS
 10
 25.7000
 20
 16.3000
 30
0.0
 0
VERTEX
 8
PARTS
 10
 25.6700
 20
 16.3300
 30
0.0
 0
SEQEND
 8
PARTS
 0
POLYLINE
 8
PARTS
 66
1
 10
0.0
 20
0.0
 30
0.0
 0
VERTEX
 8
PARTS
 10
 25.6700
 20
 16.3300
 30
0.0
 0
VERTEX
 8
PARTS
 10
 25.7300
 20
 16.3900
 30
0.0
 0
SEQEND
 8
PARTS
 0
POLYLINE
 8
PARTS
 66
1
 10
0.0
 20
0.0
 30
0.0
 0
VERTEX
 8
PARTS
 10
 25.7300
 20
 16.3900
 30
0.0
 0
VERTEX
 8
PARTS
 10
 25.6700
 20
 16.4500
 30
0.0
 0
SEQEND
 8
PARTS
 0
POLYLINE
 8
PARTS
 66
1
 10
0.0
 20
0.0
 30
0.0
 0
VERTEX
 8
PARTS
 10
 25.6700
 20
 16.4500
 30
0.0
 0
VERTEX
 8
PARTS
 10
 25.7300
 20
 16.5100
 30
0.0
 0
SEQEND
 8
PARTS
 0
POLYLINE
 8
PARTS
 66
1
 10
0.0
 20
0.0
 30
0.0
 0
VERTEX
 8
PARTS
 10
 25.7300
 20
 16.5100
 30
0.0
 0
VERTEX
 8
PARTS
 10
 25.6700
 20
 16.5700
 30
0.0
 0
SEQEND
 8
PARTS
 0
POLYLINE
 8
PARTS
 66
1
 10
0.0
 20
0.0
 30
0.0
 0
VERTEX
 8
PARTS
 10
 25.6700
 20
 16.5700
 30
0.0
 0
VERTEX
 8
PARTS
 10
 25.7000
 20
 16.6000
 30
0.0
 0
SEQEND
 8
PARTS
 0
TEXT
 8
PARTTEXT
 10
 27.2500
 20
  9.7186
 30
0.0
 40
  0.0514
 1
C30
 0
TEXT
 8
PARTTEXT
 10
 27.3000
 20
  9.5586
 30
0.0
 40
  0.0514
 1
4.7uF
 0
LINE
 8
PARTS
 10
 27.1000
 20
  9.6000
 30
0.0
 11
 27.1000
 21
  9.7000
 31
0.0
 0
TEXT
 8
PARTS
 10
 27.1300
 20
  9.5800
 30
0.0
 40
  0.0500
 50
270.0000
 1
1
 0
LINE
 8
PARTS
 10
 27.1000
 20
  9.9000
 30
0.0
 11
 27.1000
 21
  9.8000
 31
0.0
 0
TEXT
 8
PARTS
 10
 27.1300
 20
  9.9000
 30
0.0
 40
  0.0500
 50
270.0000
 1
2
 0
POLYLINE
 8
PARTS
 66
1
 10
0.0
 20
0.0
 30
0.0
 0
VERTEX
 8
PARTS
 10
 27.0000
 20
  9.7000
 30
0.0
 0
VERTEX
 8
PARTS
 10
 27.2000
 20
  9.7000
 30
0.0
 0
SEQEND
 8
PARTS
 0
POLYLINE
 8
PARTS
 66
1
 10
0.0
 20
0.0
 30
0.0
 0
VERTEX
 8
PARTS
 10
 27.1000
 20
  9.7400
 30
0.0
 0
VERTEX
 8
PARTS
 10
 27.1000
 20
  9.8000
 30
0.0
 0
SEQEND
 8
PARTS
 0
POLYLINE
 8
PARTS
 66
1
 10
0.0
 20
0.0
 30
0.0
 0
VERTEX
 8
PARTS
 10
 27.1000
 20
  9.7400
 30
0.0
 42
  0.1654
 0
VERTEX
 8
PARTS
 10
 27.2000
 20
  9.7700
 30
0.0
 0
SEQEND
 8
PARTS
 0
POLYLINE
 8
PARTS
 66
1
 10
0.0
 20
0.0
 30
0.0
 0
VERTEX
 8
PARTS
 10
 27.0000
 20
  9.7700
 30
0.0
 42
  0.1654
 0
VERTEX
 8
PARTS
 10
 27.1000
 20
  9.7400
 30
0.0
 0
SEQEND
 8
PARTS
 0
TEXT
 8
PARTTEXT
 10
 19.4000
 20
  3.5486
 30
0.0
 40
  0.0514
 1
JP1
 0
TEXT
 8
PARTTEXT
 10
 19.4000
 20
  3.0186
 30
0.0
 40
  0.0514
 1
A/C Input Header
 0
CIRCLE
 8
PARTS
 10
 19.7300
 20
  3.4000
 30
0.0
 40
  0.0300
 0
LINE
 8
PARTS
 10
 20.0000
 20
  3.4000
 30
0.0
 11
 19.7600
 21
  3.4000
 31
0.0
 0
TEXT
 8
PARTS
 10
 19.5700
 20
  3.3750
 30
0.0
 40
  0.0500
 1
1
 0
TEXT
 8
PARTS
 10
 19.7600
 20
  3.4300
 30
0.0
 40
  0.0500
 1

 0
CIRCLE
 8
PARTS
 10
 19.7300
 20
  3.3000
 30
0.0
 40
  0.0300
 0
LINE
 8
PARTS
 10
 20.0000
 20
  3.3000
 30
0.0
 11
 19.7600
 21
  3.3000
 31
0.0
 0
TEXT
 8
PARTS
 10
 19.5700
 20
  3.2750
 30
0.0
 40
  0.0500
 1
2
 0
TEXT
 8
PARTS
 10
 19.7600
 20
  3.3300
 30
0.0
 40
  0.0500
 1

 0
POLYLINE
 8
PARTS
 66
1
 70
1
 10
0.0
 20
0.0
 30
0.0
 0
VERTEX
 8
PARTS
 10
 19.7000
 20
  3.5000
 30
0.0
 0
VERTEX
 8
PARTS
 10
 19.4000
 20
  3.5000
 30
0.0
 0
VERTEX
 8
PARTS
 10
 19.4000
 20
  3.2000
 30
0.0
 0
VERTEX
 8
PARTS
 10
 19.7000
 20
  3.2000
 30
0.0
 0
SEQEND
 8
PARTS
 0
TEXT
 8
PARTTEXT
 10
  3.9000
 20
 12.8186
 30
0.0
 40
  0.0514
 1
R19
 0
TEXT
 8
PARTTEXT
 10
  3.8000
 20
 12.7186
 30
0.0
 40
  0.0514
 1
Zero Ohm
 0
LINE
 8
PARTS
 10
  3.7000
 20
 12.5000
 30
0.0
 11
  3.8000
 21
 12.5000
 31
0.0
 0
TEXT
 8
PARTS
 10
  3.7000
 20
 12.5300
 30
0.0
 40
  0.0500
 1
1
 0
LINE
 8
PARTS
 10
  4.2000
 20
 12.5000
 30
0.0
 11
  4.1000
 21
 12.5000
 31
0.0
 0
TEXT
 8
PARTS
 10
  4.1600
 20
 12.5300
 30
0.0
 40
  0.0500
 1
2
 0
LINE
 8
PARTS
 10
  3.7000
 20
 12.6000
 30
0.0
 11
  3.8000
 21
 12.6000
 31
0.0
 0
TEXT
 8
PARTS
 10
  3.7000
 20
 12.6300
 30
0.0
 40
  0.0500
 1
3
 0
LINE
 8
PARTS
 10
  4.2000
 20
 12.6000
 30
0.0
 11
  4.1000
 21
 12.6000
 31
0.0
 0
TEXT
 8
PARTS
 10
  4.1600
 20
 12.6300
 30
0.0
 40
  0.0500
 1
4
 0
POLYLINE
 8
PARTS
 66
1
 10
0.0
 20
0.0
 30
0.0
 0
VERTEX
 8
PARTS
 10
  3.8000
 20
 12.5000
 30
0.0
 0
VERTEX
 8
PARTS
 10
  3.8300
 20
 12.5300
 30
0.0
 0
SEQEND
 8
PARTS
 0
POLYLINE
 8
PARTS
 66
1
 10
0.0
 20
0.0
 30
0.0
 0
VERTEX
 8
PARTS
 10
  3.8300
 20
 12.5300
 30
0.0
 0
VERTEX
 8
PARTS
 10
  3.8900
 20
 12.4700
 30
0.0
 0
SEQEND
 8
PARTS
 0
POLYLINE
 8
PARTS
 66
1
 10
0.0
 20
0.0
 30
0.0
 0
VERTEX
 8
PARTS
 10
  3.8900
 20
 12.4700
 30
0.0
 0
VERTEX
 8
PARTS
 10
  3.9500
 20
 12.5300
 30
0.0
 0
SEQEND
 8
PARTS
 0
POLYLINE
 8
PARTS
 66
1
 10
0.0
 20
0.0
 30
0.0
 0
VERTEX
 8
PARTS
 10
  3.9500
 20
 12.5300
 30
0.0
 0
VERTEX
 8
PARTS
 10
  4.0100
 20
 12.4700
 30
0.0
 0
SEQEND
 8
PARTS
 0
POLYLINE
 8
PARTS
 66
1
 10
0.0
 20
0.0
 30
0.0
 0
VERTEX
 8
PARTS
 10
  4.0100
 20
 12.4700
 30
0.0
 0
VERTEX
 8
PARTS
 10
  4.0700
 20
 12.5300
 30
0.0
 0
SEQEND
 8
PARTS
 0
POLYLINE
 8
PARTS
 66
1
 10
0.0
 20
0.0
 30
0.0
 0
VERTEX
 8
PARTS
 10
  4.0700
 20
 12.5300
 30
0.0
 0
VERTEX
 8
PARTS
 10
  4.1000
 20
 12.5000
 30
0.0
 0
SEQEND
 8
PARTS
 0
POLYLINE
 8
PARTS
 66
1
 10
0.0
 20
0.0
 30
0.0
 0
VERTEX
 8
PARTS
 10
  3.8000
 20
 12.6000
 30
0.0
 0
VERTEX
 8
PARTS
 10
  3.8300
 20
 12.6300
 30
0.0
 0
SEQEND
 8
PARTS
 0
POLYLINE
 8
PARTS
 66
1
 10
0.0
 20
0.0
 30
0.0
 0
VERTEX
 8
PARTS
 10
  3.8300
 20
 12.6300
 30
0.0
 0
VERTEX
 8
PARTS
 10
  3.8900
 20
 12.5700
 30
0.0
 0
SEQEND
 8
PARTS
 0
POLYLINE
 8
PARTS
 66
1
 10
0.0
 20
0.0
 30
0.0
 0
VERTEX
 8
PARTS
 10
  3.8900
 20
 12.5700
 30
0.0
 0
VERTEX
 8
PARTS
 10
  3.9500
 20
 12.6300
 30
0.0
 0
SEQEND
 8
PARTS
 0
POLYLINE
 8
PARTS
 66
1
 10
0.0
 20
0.0
 30
0.0
 0
VERTEX
 8
PARTS
 10
  3.9500
 20
 12.6300
 30
0.0
 0
VERTEX
 8
PARTS
 10
  4.0100
 20
 12.5700
 30
0.0
 0
SEQEND
 8
PARTS
 0
POLYLINE
 8
PARTS
 66
1
 10
0.0
 20
0.0
 30
0.0
 0
VERTEX
 8
PARTS
 10
  4.0100
 20
 12.5700
 30
0.0
 0
VERTEX
 8
PARTS
 10
  4.0700
 20
 12.6300
 30
0.0
 0
SEQEND
 8
PARTS
 0
POLYLINE
 8
PARTS
 66
1
 10
0.0
 20
0.0
 30
0.0
 0
VERTEX
 8
PARTS
 10
  4.0700
 20
 12.6300
 30
0.0
 0
VERTEX
 8
PARTS
 10
  4.1000
 20
 12.6000
 30
0.0
 0
SEQEND
 8
PARTS
 0
POLYLINE
 8
PARTS
 66
1
 70
1
 10
0.0
 20
0.0
 30
0.0
 0
VERTEX
 8
PARTS
 10
  4.0500
 20
 12.5400
 30
0.0
 42
  0.0985
 0
VERTEX
 8
PARTS
 10
  4.0424
 20
 12.5783
 30
0.0
 42
  0.0985
 0
VERTEX
 8
PARTS
 10
  4.0207
 20
 12.6107
 30
0.0
 42
  0.0985
 0
VERTEX
 8
PARTS
 10
  3.9883
 20
 12.6324
 30
0.0
 42
  0.0985
 0
VERTEX
 8
PARTS
 10
  3.9500
 20
 12.6400
 30
0.0
 42
  0.0985
 0
VERTEX
 8
PARTS
 10
  3.9117
 20
 12.6324
 30
0.0
 42
  0.0985
 0
VERTEX
 8
PARTS
 10
  3.8793
 20
 12.6107
 30
0.0
 42
  0.0985
 0
VERTEX
 8
PARTS
 10
  3.8576
 20
 12.5783
 30
0.0
 42
  0.0985
 0
VERTEX
 8
PARTS
 10
  3.8500
 20
 12.5400
 30
0.0
 42
  0.0985
 0
VERTEX
 8
PARTS
 10
  3.8576
 20
 12.5017
 30
0.0
 42
  0.0985
 0
VERTEX
 8
PARTS
 10
  3.8793
 20
 12.4693
 30
0.0
 42
  0.0985
 0
VERTEX
 8
PARTS
 10
  3.9117
 20
 12.4476
 30
0.0
 42
  0.0985
 0
VERTEX
 8
PARTS
 10
  3.9500
 20
 12.4400
 30
0.0
 42
  0.0985
 0
VERTEX
 8
PARTS
 10
  3.9883
 20
 12.4476
 30
0.0
 42
  0.0985
 0
VERTEX
 8
PARTS
 10
  4.0207
 20
 12.4693
 30
0.0
 42
  0.0985
 0
VERTEX
 8
PARTS
 10
  4.0424
 20
 12.5017
 30
0.0
 42
  0.0985
 0
SEQEND
 8
PARTS
 0
POLYLINE
 8
PARTS
 66
1
 70
1
 10
0.0
 20
0.0
 30
0.0
 0
VERTEX
 8
PARTS
 10
  3.9000
 20
 12.6000
 30
0.0
 42
  0.0000
 0
VERTEX
 8
PARTS
 10
  3.8962
 20
 12.6000
 30
0.0
 42
  0.0000
 0
VERTEX
 8
PARTS
 10
  3.8854
 20
 12.6000
 30
0.0
 42
  0.0000
 0
VERTEX
 8
PARTS
 10
  3.8691
 20
 12.6000
 30
0.0
 42
  0.0000
 0
VERTEX
 8
PARTS
 10
  3.8500
 20
 12.6000
 30
0.0
 42
  0.0000
 0
VERTEX
 8
PARTS
 10
  3.8309
 20
 12.6000
 30
0.0
 42
  0.0000
 0
VERTEX
 8
PARTS
 10
  3.8146
 20
 12.6000
 30
0.0
 42
  0.0000
 0
VERTEX
 8
PARTS
 10
  3.8038
 20
 12.6000
 30
0.0
 42
  0.0000
 0
VERTEX
 8
PARTS
 10
  3.8000
 20
 12.6000
 30
0.0
 42
  0.0000
 0
VERTEX
 8
PARTS
 10
  3.8038
 20
 12.6000
 30
0.0
 42
  0.0000
 0
VERTEX
 8
PARTS
 10
  3.8146
 20
 12.6000
 30
0.0
 42
  0.0000
 0
VERTEX
 8
PARTS
 10
  3.8309
 20
 12.6000
 30
0.0
 42
  0.0000
 0
VERTEX
 8
PARTS
 10
  3.8500
 20
 12.6000
 30
0.0
 42
  0.0000
 0
VERTEX
 8
PARTS
 10
  3.8691
 20
 12.6000
 30
0.0
 42
  0.0000
 0
VERTEX
 8
PARTS
 10
  3.8854
 20
 12.6000
 30
0.0
 42
  0.0000
 0
VERTEX
 8
PARTS
 10
  3.8962
 20
 12.6000
 30
0.0
 42
  0.0000
 0
SEQEND
 8
PARTS
 0
TEXT
 8
PARTTEXT
 10
 12.7000
 20
 16.9186
 30
0.0
 40
  0.0514
 1
C8
 0
TEXT
 8
PARTTEXT
 10
 12.5000
 20
 16.8186
 30
0.0
 40
  0.0514
 1
Not Populated
 0
LINE
 8
PARTS
 10
 13.3000
 20
 16.7000
 30
0.0
 11
 13.3000
 21
 16.8000
 31
0.0
 0
TEXT
 8
PARTS
 10
 13.3300
 20
 16.6800
 30
0.0
 40
  0.0500
 50
270.0000
 1
1
 0
LINE
 8
PARTS
 10
 13.3000
 20
 17.0000
 30
0.0
 11
 13.3000
 21
 16.9000
 31
0.0
 0
TEXT
 8
PARTS
 10
 13.3300
 20
 17.0000
 30
0.0
 40
  0.0500
 50
270.0000
 1
2
 0
POLYLINE
 8
PARTS
 66
1
 10
0.0
 20
0.0
 30
0.0
 0
VERTEX
 8
PARTS
 10
 13.3000
 20
 16.8000
 30
0.0
 0
VERTEX
 8
PARTS
 10
 13.3000
 20
 16.8200
 30
0.0
 0
SEQEND
 8
PARTS
 0
POLYLINE
 8
PARTS
 66
1
 10
0.0
 20
0.0
 30
0.0
 0
VERTEX
 8
PARTS
 10
 13.3900
 20
 16.8700
 30
0.0
 0
VERTEX
 8
PARTS
 10
 13.2100
 20
 16.8700
 30
0.0
 0
SEQEND
 8
PARTS
 0
POLYLINE
 8
PARTS
 66
1
 10
0.0
 20
0.0
 30
0.0
 0
VERTEX
 8
PARTS
 10
 13.3900
 20
 16.8200
 30
0.0
 0
VERTEX
 8
PARTS
 10
 13.2100
 20
 16.8200
 30
0.0
 0
SEQEND
 8
PARTS
 0
POLYLINE
 8
PARTS
 66
1
 10
0.0
 20
0.0
 30
0.0
 0
VERTEX
 8
PARTS
 10
 13.3000
 20
 16.9000
 30
0.0
 0
VERTEX
 8
PARTS
 10
 13.3000
 20
 16.8700
 30
0.0
 0
SEQEND
 8
PARTS
 0
TEXT
 8
PARTTEXT
 10
 26.1000
 20
 18.0186
 30
0.0
 40
  0.0514
 1
C5
 0
TEXT
 8
PARTTEXT
 10
 26.1000
 20
 17.9186
 30
0.0
 40
  0.0514
 1
.01uF
 0
LINE
 8
PARTS
 10
 26.0000
 20
 18.2000
 30
0.0
 11
 26.0000
 21
 18.1000
 31
0.0
 0
TEXT
 8
PARTS
 10
 26.0300
 20
 18.1600
 30
0.0
 40
  0.0500
 50
270.0000
 1

 0
LINE
 8
PARTS
 10
 26.0000
 20
 17.9000
 30
0.0
 11
 26.0000
 21
 18.0000
 31
0.0
 0
TEXT
 8
PARTS
 10
 26.0300
 20
 17.8800
 30
0.0
 40
  0.0500
 50
270.0000
 1

 0
POLYLINE
 8
PARTS
 66
1
 10
0.0
 20
0.0
 30
0.0
 0
VERTEX
 8
PARTS
 10
 25.9000
 20
 18.1000
 30
0.0
 0
VERTEX
 8
PARTS
 10
 26.1000
 20
 18.1000
 30
0.0
 0
SEQEND
 8
PARTS
 0
POLYLINE
 8
PARTS
 66
1
 10
0.0
 20
0.0
 30
0.0
 0
VERTEX
 8
PARTS
 10
 26.0000
 20
 18.0600
 30
0.0
 0
VERTEX
 8
PARTS
 10
 26.0000
 20
 18.0000
 30
0.0
 0
SEQEND
 8
PARTS
 0
POLYLINE
 8
PARTS
 66
1
 10
0.0
 20
0.0
 30
0.0
 0
VERTEX
 8
PARTS
 10
 26.1000
 20
 18.0300
 30
0.0
 42
  0.1654
 0
VERTEX
 8
PARTS
 10
 26.0000
 20
 18.0600
 30
0.0
 0
SEQEND
 8
PARTS
 0
POLYLINE
 8
PARTS
 66
1
 10
0.0
 20
0.0
 30
0.0
 0
VERTEX
 8
PARTS
 10
 26.0000
 20
 18.0600
 30
0.0
 42
  0.1654
 0
VERTEX
 8
PARTS
 10
 25.9000
 20
 18.0300
 30
0.0
 0
SEQEND
 8
PARTS
 0
TEXT
 8
PARTTEXT
 10
 24.5000
 20
 16.9186
 30
0.0
 40
  0.0514
 1
R6
 0
TEXT
 8
PARTTEXT
 10
 24.5000
 20
 16.7186
 30
0.0
 40
  0.0514
 1
20k
 0
LINE
 8
PARTS
 10
 24.3000
 20
 16.6000
 30
0.0
 11
 24.3000
 21
 16.7000
 31
0.0
 0
TEXT
 8
PARTS
 10
 24.3300
 20
 16.5800
 30
0.0
 40
  0.0500
 50
270.0000
 1
1
 0
LINE
 8
PARTS
 10
 24.3000
 20
 17.1000
 30
0.0
 11
 24.3000
 21
 17.0000
 31
0.0
 0
TEXT
 8
PARTS
 10
 24.3300
 20
 17.1000
 30
0.0
 40
  0.0500
 50
270.0000
 1
2
 0
POLYLINE
 8
PARTS
 66
1
 10
0.0
 20
0.0
 30
0.0
 0
VERTEX
 8
PARTS
 10
 24.3000
 20
 16.7000
 30
0.0
 0
VERTEX
 8
PARTS
 10
 24.2700
 20
 16.7300
 30
0.0
 0
SEQEND
 8
PARTS
 0
POLYLINE
 8
PARTS
 66
1
 10
0.0
 20
0.0
 30
0.0
 0
VERTEX
 8
PARTS
 10
 24.2700
 20
 16.7300
 30
0.0
 0
VERTEX
 8
PARTS
 10
 24.3300
 20
 16.7900
 30
0.0
 0
SEQEND
 8
PARTS
 0
POLYLINE
 8
PARTS
 66
1
 10
0.0
 20
0.0
 30
0.0
 0
VERTEX
 8
PARTS
 10
 24.3300
 20
 16.7900
 30
0.0
 0
VERTEX
 8
PARTS
 10
 24.2700
 20
 16.8500
 30
0.0
 0
SEQEND
 8
PARTS
 0
POLYLINE
 8
PARTS
 66
1
 10
0.0
 20
0.0
 30
0.0
 0
VERTEX
 8
PARTS
 10
 24.2700
 20
 16.8500
 30
0.0
 0
VERTEX
 8
PARTS
 10
 24.3300
 20
 16.9100
 30
0.0
 0
SEQEND
 8
PARTS
 0
POLYLINE
 8
PARTS
 66
1
 10
0.0
 20
0.0
 30
0.0
 0
VERTEX
 8
PARTS
 10
 24.3300
 20
 16.9100
 30
0.0
 0
VERTEX
 8
PARTS
 10
 24.2700
 20
 16.9700
 30
0.0
 0
SEQEND
 8
PARTS
 0
POLYLINE
 8
PARTS
 66
1
 10
0.0
 20
0.0
 30
0.0
 0
VERTEX
 8
PARTS
 10
 24.2700
 20
 16.9700
 30
0.0
 0
VERTEX
 8
PARTS
 10
 24.3000
 20
 17.0000
 30
0.0
 0
SEQEND
 8
PARTS
 0
TEXT
 8
PARTTEXT
 10
 23.2000
 20
 11.4186
 30
0.0
 40
  0.0514
 1
C24
 0
TEXT
 8
PARTTEXT
 10
 23.0000
 20
 11.3186
 30
0.0
 40
  0.0514
 1
Not Populated
 0
LINE
 8
PARTS
 10
 23.8000
 20
 11.2000
 30
0.0
 11
 23.8000
 21
 11.3000
 31
0.0
 0
TEXT
 8
PARTS
 10
 23.8300
 20
 11.1800
 30
0.0
 40
  0.0500
 50
270.0000
 1
1
 0
LINE
 8
PARTS
 10
 23.8000
 20
 11.5000
 30
0.0
 11
 23.8000
 21
 11.4000
 31
0.0
 0
TEXT
 8
PARTS
 10
 23.8300
 20
 11.5000
 30
0.0
 40
  0.0500
 50
270.0000
 1
2
 0
POLYLINE
 8
PARTS
 66
1
 10
0.0
 20
0.0
 30
0.0
 0
VERTEX
 8
PARTS
 10
 23.8000
 20
 11.3000
 30
0.0
 0
VERTEX
 8
PARTS
 10
 23.8000
 20
 11.3200
 30
0.0
 0
SEQEND
 8
PARTS
 0
POLYLINE
 8
PARTS
 66
1
 10
0.0
 20
0.0
 30
0.0
 0
VERTEX
 8
PARTS
 10
 23.8900
 20
 11.3700
 30
0.0
 0
VERTEX
 8
PARTS
 10
 23.7100
 20
 11.3700
 30
0.0
 0
SEQEND
 8
PARTS
 0
POLYLINE
 8
PARTS
 66
1
 10
0.0
 20
0.0
 30
0.0
 0
VERTEX
 8
PARTS
 10
 23.8900
 20
 11.3200
 30
0.0
 0
VERTEX
 8
PARTS
 10
 23.7100
 20
 11.3200
 30
0.0
 0
SEQEND
 8
PARTS
 0
POLYLINE
 8
PARTS
 66
1
 10
0.0
 20
0.0
 30
0.0
 0
VERTEX
 8
PARTS
 10
 23.8000
 20
 11.4000
 30
0.0
 0
VERTEX
 8
PARTS
 10
 23.8000
 20
 11.3700
 30
0.0
 0
SEQEND
 8
PARTS
 0
TEXT
 8
PARTTEXT
 10
  5.6000
 20
 17.6186
 30
0.0
 40
  0.0514
 1
R7
 0
TEXT
 8
PARTTEXT
 10
  5.3000
 20
 17.5186
 30
0.0
 40
  0.0514
 1
Not    Populated
 0
LINE
 8
PARTS
 10
  5.5000
 20
 16.8000
 30
0.0
 11
  5.5000
 21
 16.9000
 31
0.0
 0
TEXT
 8
PARTS
 10
  5.5300
 20
 16.7800
 30
0.0
 40
  0.0500
 50
270.0000
 1
1
 0
LINE
 8
PARTS
 10
  5.5000
 20
 17.3000
 30
0.0
 11
  5.5000
 21
 17.2000
 31
0.0
 0
TEXT
 8
PARTS
 10
  5.5300
 20
 17.3000
 30
0.0
 40
  0.0500
 50
270.0000
 1
2
 0
LINE
 8
PARTS
 10
  5.4000
 20
 16.8000
 30
0.0
 11
  5.4000
 21
 16.9000
 31
0.0
 0
TEXT
 8
PARTS
 10
  5.4300
 20
 16.7800
 30
0.0
 40
  0.0500
 50
270.0000
 1
3
 0
LINE
 8
PARTS
 10
  5.4000
 20
 17.3000
 30
0.0
 11
  5.4000
 21
 17.2000
 31
0.0
 0
TEXT
 8
PARTS
 10
  5.4300
 20
 17.3000
 30
0.0
 40
  0.0500
 50
270.0000
 1
4
 0
POLYLINE
 8
PARTS
 66
1
 10
0.0
 20
0.0
 30
0.0
 0
VERTEX
 8
PARTS
 10
  5.5000
 20
 16.9000
 30
0.0
 0
VERTEX
 8
PARTS
 10
  5.4700
 20
 16.9300
 30
0.0
 0
SEQEND
 8
PARTS
 0
POLYLINE
 8
PARTS
 66
1
 10
0.0
 20
0.0
 30
0.0
 0
VERTEX
 8
PARTS
 10
  5.4700
 20
 16.9300
 30
0.0
 0
VERTEX
 8
PARTS
 10
  5.5300
 20
 16.9900
 30
0.0
 0
SEQEND
 8
PARTS
 0
POLYLINE
 8
PARTS
 66
1
 10
0.0
 20
0.0
 30
0.0
 0
VERTEX
 8
PARTS
 10
  5.5300
 20
 16.9900
 30
0.0
 0
VERTEX
 8
PARTS
 10
  5.4700
 20
 17.0500
 30
0.0
 0
SEQEND
 8
PARTS
 0
POLYLINE
 8
PARTS
 66
1
 10
0.0
 20
0.0
 30
0.0
 0
VERTEX
 8
PARTS
 10
  5.4700
 20
 17.0500
 30
0.0
 0
VERTEX
 8
PARTS
 10
  5.5300
 20
 17.1100
 30
0.0
 0
SEQEND
 8
PARTS
 0
POLYLINE
 8
PARTS
 66
1
 10
0.0
 20
0.0
 30
0.0
 0
VERTEX
 8
PARTS
 10
  5.5300
 20
 17.1100
 30
0.0
 0
VERTEX
 8
PARTS
 10
  5.4700
 20
 17.1700
 30
0.0
 0
SEQEND
 8
PARTS
 0
POLYLINE
 8
PARTS
 66
1
 10
0.0
 20
0.0
 30
0.0
 0
VERTEX
 8
PARTS
 10
  5.4700
 20
 17.1700
 30
0.0
 0
VERTEX
 8
PARTS
 10
  5.5000
 20
 17.2000
 30
0.0
 0
SEQEND
 8
PARTS
 0
POLYLINE
 8
PARTS
 66
1
 10
0.0
 20
0.0
 30
0.0
 0
VERTEX
 8
PARTS
 10
  5.4000
 20
 16.9000
 30
0.0
 0
VERTEX
 8
PARTS
 10
  5.3700
 20
 16.9300
 30
0.0
 0
SEQEND
 8
PARTS
 0
POLYLINE
 8
PARTS
 66
1
 10
0.0
 20
0.0
 30
0.0
 0
VERTEX
 8
PARTS
 10
  5.3700
 20
 16.9300
 30
0.0
 0
VERTEX
 8
PARTS
 10
  5.4300
 20
 16.9900
 30
0.0
 0
SEQEND
 8
PARTS
 0
POLYLINE
 8
PARTS
 66
1
 10
0.0
 20
0.0
 30
0.0
 0
VERTEX
 8
PARTS
 10
  5.4300
 20
 16.9900
 30
0.0
 0
VERTEX
 8
PARTS
 10
  5.3700
 20
 17.0500
 30
0.0
 0
SEQEND
 8
PARTS
 0
POLYLINE
 8
PARTS
 66
1
 10
0.0
 20
0.0
 30
0.0
 0
VERTEX
 8
PARTS
 10
  5.3700
 20
 17.0500
 30
0.0
 0
VERTEX
 8
PARTS
 10
  5.4300
 20
 17.1100
 30
0.0
 0
SEQEND
 8
PARTS
 0
POLYLINE
 8
PARTS
 66
1
 10
0.0
 20
0.0
 30
0.0
 0
VERTEX
 8
PARTS
 10
  5.4300
 20
 17.1100
 30
0.0
 0
VERTEX
 8
PARTS
 10
  5.3700
 20
 17.1700
 30
0.0
 0
SEQEND
 8
PARTS
 0
POLYLINE
 8
PARTS
 66
1
 10
0.0
 20
0.0
 30
0.0
 0
VERTEX
 8
PARTS
 10
  5.3700
 20
 17.1700
 30
0.0
 0
VERTEX
 8
PARTS
 10
  5.4000
 20
 17.2000
 30
0.0
 0
SEQEND
 8
PARTS
 0
POLYLINE
 8
PARTS
 66
1
 70
1
 10
0.0
 20
0.0
 30
0.0
 0
VERTEX
 8
PARTS
 10
  5.5600
 20
 17.0500
 30
0.0
 42
  0.0985
 0
VERTEX
 8
PARTS
 10
  5.5524
 20
 17.0883
 30
0.0
 42
  0.0985
 0
VERTEX
 8
PARTS
 10
  5.5307
 20
 17.1207
 30
0.0
 42
  0.0985
 0
VERTEX
 8
PARTS
 10
  5.4983
 20
 17.1424
 30
0.0
 42
  0.0985
 0
VERTEX
 8
PARTS
 10
  5.4600
 20
 17.1500
 30
0.0
 42
  0.0985
 0
VERTEX
 8
PARTS
 10
  5.4217
 20
 17.1424
 30
0.0
 42
  0.0985
 0
VERTEX
 8
PARTS
 10
  5.3893
 20
 17.1207
 30
0.0
 42
  0.0985
 0
VERTEX
 8
PARTS
 10
  5.3676
 20
 17.0883
 30
0.0
 42
  0.0985
 0
VERTEX
 8
PARTS
 10
  5.3600
 20
 17.0500
 30
0.0
 42
  0.0985
 0
VERTEX
 8
PARTS
 10
  5.3676
 20
 17.0117
 30
0.0
 42
  0.0985
 0
VERTEX
 8
PARTS
 10
  5.3893
 20
 16.9793
 30
0.0
 42
  0.0985
 0
VERTEX
 8
PARTS
 10
  5.4217
 20
 16.9576
 30
0.0
 42
  0.0985
 0
VERTEX
 8
PARTS
 10
  5.4600
 20
 16.9500
 30
0.0
 42
  0.0985
 0
VERTEX
 8
PARTS
 10
  5.4983
 20
 16.9576
 30
0.0
 42
  0.0985
 0
VERTEX
 8
PARTS
 10
  5.5307
 20
 16.9793
 30
0.0
 42
  0.0985
 0
VERTEX
 8
PARTS
 10
  5.5524
 20
 17.0117
 30
0.0
 42
  0.0985
 0
SEQEND
 8
PARTS
 0
POLYLINE
 8
PARTS
 66
1
 70
1
 10
0.0
 20
0.0
 30
0.0
 0
VERTEX
 8
PARTS
 10
  5.4000
 20
 16.9500
 30
0.0
 42
  0.0000
 0
VERTEX
 8
PARTS
 10
  5.4000
 20
 16.9691
 30
0.0
 42
  0.0000
 0
VERTEX
 8
PARTS
 10
  5.4000
 20
 16.9854
 30
0.0
 42
  0.0000
 0
VERTEX
 8
PARTS
 10
  5.4000
 20
 16.9962
 30
0.0
 42
  0.0000
 0
VERTEX
 8
PARTS
 10
  5.4000
 20
 17.0000
 30
0.0
 42
  0.0000
 0
VERTEX
 8
PARTS
 10
  5.4000
 20
 16.9962
 30
0.0
 42
  0.0000
 0
VERTEX
 8
PARTS
 10
  5.4000
 20
 16.9854
 30
0.0
 42
  0.0000
 0
VERTEX
 8
PARTS
 10
  5.4000
 20
 16.9691
 30
0.0
 42
  0.0000
 0
VERTEX
 8
PARTS
 10
  5.4000
 20
 16.9500
 30
0.0
 42
  0.0000
 0
VERTEX
 8
PARTS
 10
  5.4000
 20
 16.9309
 30
0.0
 42
  0.0000
 0
VERTEX
 8
PARTS
 10
  5.4000
 20
 16.9146
 30
0.0
 42
  0.0000
 0
VERTEX
 8
PARTS
 10
  5.4000
 20
 16.9038
 30
0.0
 42
  0.0000
 0
VERTEX
 8
PARTS
 10
  5.4000
 20
 16.9000
 30
0.0
 42
  0.0000
 0
VERTEX
 8
PARTS
 10
  5.4000
 20
 16.9038
 30
0.0
 42
  0.0000
 0
VERTEX
 8
PARTS
 10
  5.4000
 20
 16.9146
 30
0.0
 42
  0.0000
 0
VERTEX
 8
PARTS
 10
  5.4000
 20
 16.9309
 30
0.0
 42
  0.0000
 0
SEQEND
 8
PARTS
 0
TEXT
 8
PARTTEXT
 10
  7.0500
 20
 18.6186
 30
0.0
 40
  0.0514
 1
C2
 0
TEXT
 8
PARTTEXT
 10
  7.1000
 20
 18.4586
 30
0.0
 40
  0.0514
 1
4.7uF
 0
LINE
 8
PARTS
 10
  6.9000
 20
 18.8000
 30
0.0
 11
  6.9000
 21
 18.7000
 31
0.0
 0
TEXT
 8
PARTS
 10
  6.9300
 20
 18.8000
 30
0.0
 40
  0.0500
 50
270.0000
 1
1
 0
LINE
 8
PARTS
 10
  6.9000
 20
 18.5000
 30
0.0
 11
  6.9000
 21
 18.6000
 31
0.0
 0
TEXT
 8
PARTS
 10
  6.9300
 20
 18.4800
 30
0.0
 40
  0.0500
 50
270.0000
 1
2
 0
POLYLINE
 8
PARTS
 66
1
 10
0.0
 20
0.0
 30
0.0
 0
VERTEX
 8
PARTS
 10
  6.8000
 20
 18.7000
 30
0.0
 0
VERTEX
 8
PARTS
 10
  7.0000
 20
 18.7000
 30
0.0
 0
SEQEND
 8
PARTS
 0
POLYLINE
 8
PARTS
 66
1
 10
0.0
 20
0.0
 30
0.0
 0
VERTEX
 8
PARTS
 10
  6.9000
 20
 18.6600
 30
0.0
 0
VERTEX
 8
PARTS
 10
  6.9000
 20
 18.6000
 30
0.0
 0
SEQEND
 8
PARTS
 0
POLYLINE
 8
PARTS
 66
1
 10
0.0
 20
0.0
 30
0.0
 0
VERTEX
 8
PARTS
 10
  7.0000
 20
 18.6300
 30
0.0
 42
  0.1654
 0
VERTEX
 8
PARTS
 10
  6.9000
 20
 18.6600
 30
0.0
 0
SEQEND
 8
PARTS
 0
POLYLINE
 8
PARTS
 66
1
 10
0.0
 20
0.0
 30
0.0
 0
VERTEX
 8
PARTS
 10
  6.9000
 20
 18.6600
 30
0.0
 42
  0.1654
 0
VERTEX
 8
PARTS
 10
  6.8000
 20
 18.6300
 30
0.0
 0
SEQEND
 8
PARTS
 0
TEXT
 8
PARTTEXT
 10
 12.8000
 20
 11.6186
 30
0.0
 40
  0.0514
 1
C23
 0
TEXT
 8
PARTTEXT
 10
 12.6000
 20
 11.5186
 30
0.0
 40
  0.0514
 1
Not Populated
 0
LINE
 8
PARTS
 10
 13.4000
 20
 11.4000
 30
0.0
 11
 13.4000
 21
 11.5000
 31
0.0
 0
TEXT
 8
PARTS
 10
 13.4300
 20
 11.3800
 30
0.0
 40
  0.0500
 50
270.0000
 1
1
 0
LINE
 8
PARTS
 10
 13.4000
 20
 11.7000
 30
0.0
 11
 13.4000
 21
 11.6000
 31
0.0
 0
TEXT
 8
PARTS
 10
 13.4300
 20
 11.7000
 30
0.0
 40
  0.0500
 50
270.0000
 1
2
 0
POLYLINE
 8
PARTS
 66
1
 10
0.0
 20
0.0
 30
0.0
 0
VERTEX
 8
PARTS
 10
 13.4000
 20
 11.5000
 30
0.0
 0
VERTEX
 8
PARTS
 10
 13.4000
 20
 11.5200
 30
0.0
 0
SEQEND
 8
PARTS
 0
POLYLINE
 8
PARTS
 66
1
 10
0.0
 20
0.0
 30
0.0
 0
VERTEX
 8
PARTS
 10
 13.4900
 20
 11.5700
 30
0.0
 0
VERTEX
 8
PARTS
 10
 13.3100
 20
 11.5700
 30
0.0
 0
SEQEND
 8
PARTS
 0
POLYLINE
 8
PARTS
 66
1
 10
0.0
 20
0.0
 30
0.0
 0
VERTEX
 8
PARTS
 10
 13.4900
 20
 11.5200
 30
0.0
 0
VERTEX
 8
PARTS
 10
 13.3100
 20
 11.5200
 30
0.0
 0
SEQEND
 8
PARTS
 0
POLYLINE
 8
PARTS
 66
1
 10
0.0
 20
0.0
 30
0.0
 0
VERTEX
 8
PARTS
 10
 13.4000
 20
 11.6000
 30
0.0
 0
VERTEX
 8
PARTS
 10
 13.4000
 20
 11.5700
 30
0.0
 0
SEQEND
 8
PARTS
 0
TEXT
 8
PARTTEXT
 10
 14.1000
 20
 12.0186
 30
0.0
 40
  0.0514
 1
R23
 0
TEXT
 8
PARTTEXT
 10
 14.1000
 20
 11.8186
 30
0.0
 40
  0.0514
 1
20k
 0
LINE
 8
PARTS
 10
 13.9000
 20
 11.7000
 30
0.0
 11
 13.9000
 21
 11.8000
 31
0.0
 0
TEXT
 8
PARTS
 10
 13.9300
 20
 11.6800
 30
0.0
 40
  0.0500
 50
270.0000
 1
1
 0
LINE
 8
PARTS
 10
 13.9000
 20
 12.2000
 30
0.0
 11
 13.9000
 21
 12.1000
 31
0.0
 0
TEXT
 8
PARTS
 10
 13.9300
 20
 12.2000
 30
0.0
 40
  0.0500
 50
270.0000
 1
2
 0
POLYLINE
 8
PARTS
 66
1
 10
0.0
 20
0.0
 30
0.0
 0
VERTEX
 8
PARTS
 10
 13.9000
 20
 11.8000
 30
0.0
 0
VERTEX
 8
PARTS
 10
 13.8700
 20
 11.8300
 30
0.0
 0
SEQEND
 8
PARTS
 0
POLYLINE
 8
PARTS
 66
1
 10
0.0
 20
0.0
 30
0.0
 0
VERTEX
 8
PARTS
 10
 13.8700
 20
 11.8300
 30
0.0
 0
VERTEX
 8
PARTS
 10
 13.9300
 20
 11.8900
 30
0.0
 0
SEQEND
 8
PARTS
 0
POLYLINE
 8
PARTS
 66
1
 10
0.0
 20
0.0
 30
0.0
 0
VERTEX
 8
PARTS
 10
 13.9300
 20
 11.8900
 30
0.0
 0
VERTEX
 8
PARTS
 10
 13.8700
 20
 11.9500
 30
0.0
 0
SEQEND
 8
PARTS
 0
POLYLINE
 8
PARTS
 66
1
 10
0.0
 20
0.0
 30
0.0
 0
VERTEX
 8
PARTS
 10
 13.8700
 20
 11.9500
 30
0.0
 0
VERTEX
 8
PARTS
 10
 13.9300
 20
 12.0100
 30
0.0
 0
SEQEND
 8
PARTS
 0
POLYLINE
 8
PARTS
 66
1
 10
0.0
 20
0.0
 30
0.0
 0
VERTEX
 8
PARTS
 10
 13.9300
 20
 12.0100
 30
0.0
 0
VERTEX
 8
PARTS
 10
 13.8700
 20
 12.0700
 30
0.0
 0
SEQEND
 8
PARTS
 0
POLYLINE
 8
PARTS
 66
1
 10
0.0
 20
0.0
 30
0.0
 0
VERTEX
 8
PARTS
 10
 13.8700
 20
 12.0700
 30
0.0
 0
VERTEX
 8
PARTS
 10
 13.9000
 20
 12.1000
 30
0.0
 0
SEQEND
 8
PARTS
 0
TEXT
 8
PARTTEXT
 10
 16.5000
 20
  6.2186
 30
0.0
 40
  0.0514
 1
U8
 0
TEXT
 8
PARTTEXT
 10
 16.4000
 20
  6.0186
 30
0.0
 40
  0.0514
 1
INA114
 0
LINE
 8
PARTS
 10
 17.7000
 20
  6.0000
 30
0.0
 11
 17.4000
 21
  6.0000
 31
0.0
 0
TEXT
 8
PARTS
 10
 17.2300
 20
  5.9750
 30
0.0
 40
  0.0500
 1
VO
 0
TEXT
 8
PARTS
 10
 17.4600
 20
  6.0300
 30
0.0
 40
  0.0500
 1
11
 0
LINE
 8
PARTS
 10
 17.7000
 20
  5.2000
 30
0.0
 11
 17.4000
 21
  5.2000
 31
0.0
 0
TEXT
 8
PARTS
 10
 17.1900
 20
  5.1750
 30
0.0
 40
  0.0500
 1
Ref
 0
TEXT
 8
PARTS
 10
 17.4600
 20
  5.2300
 30
0.0
 40
  0.0500
 1
10
 0
LINE
 8
PARTS
 10
 15.7000
 20
  5.2000
 30
0.0
 11
 16.0000
 21
  5.2000
 31
0.0
 0
TEXT
 8
PARTS
 10
 16.0900
 20
  5.1750
 30
0.0
 40
  0.0500
 1
-Vin
 0
TEXT
 8
PARTS
 10
 15.9000
 20
  5.2300
 30
0.0
 40
  0.0500
 1
4
 0
LINE
 8
PARTS
 10
 15.7000
 20
  6.7000
 30
0.0
 11
 16.0000
 21
  6.7000
 31
0.0
 0
TEXT
 8
PARTS
 10
 16.0900
 20
  6.6750
 30
0.0
 40
  0.0500
 1
+Vin
 0
TEXT
 8
PARTS
 10
 15.9000
 20
  6.7300
 30
0.0
 40
  0.0500
 1
5
 0
LINE
 8
PARTS
 10
 15.7000
 20
  6.2000
 30
0.0
 11
 16.0000
 21
  6.2000
 31
0.0
 0
TEXT
 8
PARTS
 10
 16.0900
 20
  6.1750
 30
0.0
 40
  0.0500
 1
Rg1
 0
TEXT
 8
PARTS
 10
 15.9000
 20
  6.2300
 30
0.0
 40
  0.0500
 1
2
 0
LINE
 8
PARTS
 10
 15.7000
 20
  5.7000
 30
0.0
 11
 16.0000
 21
  5.7000
 31
0.0
 0
TEXT
 8
PARTS
 10
 16.0900
 20
  5.6750
 30
0.0
 40
  0.0500
 1
Rg2
 0
TEXT
 8
PARTS
 10
 15.8600
 20
  5.7300
 30
0.0
 40
  0.0500
 1
15
 0
LINE
 8
PARTS
 10
 16.9000
 20
  7.3000
 30
0.0
 11
 16.9000
 21
  7.0000
 31
0.0
 0
TEXT
 8
PARTS
 10
 16.8750
 20
  6.9100
 30
0.0
 40
  0.0500
 50
270.0000
 1
+V
 0
TEXT
 8
PARTS
 10
 16.9300
 20
  7.1400
 30
0.0
 40
  0.0500
 50
270.0000
 1
13
 0
CIRCLE
 8
PARTS
 10
 16.9000
 20
  4.9700
 30
0.0
 40
  0.0300
 0
LINE
 8
PARTS
 10
 16.9000
 20
  4.7000
 30
0.0
 11
 16.9000
 21
  4.9400
 31
0.0
 0
TEXT
 8
PARTS
 10
 16.8750
 20
  5.1700
 30
0.0
 40
  0.0500
 50
270.0000
 1
-V
 0
TEXT
 8
PARTS
 10
 16.9300
 20
  4.8800
 30
0.0
 40
  0.0500
 50
270.0000
 1
7
 0
LINE
 8
PARTS
 10
 17.7000
 20
  6.5000
 30
0.0
 11
 17.4000
 21
  6.5000
 31
0.0
 0
TEXT
 8
PARTS
 10
 16.9900
 20
  6.4750
 30
0.0
 40
  0.0500
 1
Feedback
 0
TEXT
 8
PARTS
 10
 17.4600
 20
  6.5300
 30
0.0
 40
  0.0500
 1
12
 0
POLYLINE
 8
PARTS
 66
1
 10
0.0
 20
0.0
 30
0.0
 0
VERTEX
 8
PARTS
 10
 17.2000
 20
  6.0000
 30
0.0
 0
VERTEX
 8
PARTS
 10
 16.8000
 20
  6.4000
 30
0.0
 0
SEQEND
 8
PARTS
 0
POLYLINE
 8
PARTS
 66
1
 10
0.0
 20
0.0
 30
0.0
 0
VERTEX
 8
PARTS
 10
 17.2000
 20
  6.0000
 30
0.0
 0
VERTEX
 8
PARTS
 10
 16.8000
 20
  5.6000
 30
0.0
 0
SEQEND
 8
PARTS
 0
POLYLINE
 8
PARTS
 66
1
 10
0.0
 20
0.0
 30
0.0
 0
VERTEX
 8
PARTS
 10
 16.8000
 20
  5.6000
 30
0.0
 0
VERTEX
 8
PARTS
 10
 16.8000
 20
  6.4000
 30
0.0
 0
SEQEND
 8
PARTS
 0
POLYLINE
 8
PARTS
 66
1
 10
0.0
 20
0.0
 30
0.0
 0
VERTEX
 8
PARTS
 10
 16.6000
 20
  5.5000
 30
0.0
 0
VERTEX
 8
PARTS
 10
 16.2000
 20
  5.1000
 30
0.0
 0
SEQEND
 8
PARTS
 0
POLYLINE
 8
PARTS
 66
1
 10
0.0
 20
0.0
 30
0.0
 0
VERTEX
 8
PARTS
 10
 16.6000
 20
  6.5000
 30
0.0
 0
VERTEX
 8
PARTS
 10
 16.2000
 20
  6.1000
 30
0.0
 0
SEQEND
 8
PARTS
 0
POLYLINE
 8
PARTS
 66
1
 10
0.0
 20
0.0
 30
0.0
 0
VERTEX
 8
PARTS
 10
 16.6000
 20
  6.5000
 30
0.0
 0
VERTEX
 8
PARTS
 10
 16.2000
 20
  6.9000
 30
0.0
 0
SEQEND
 8
PARTS
 0
POLYLINE
 8
PARTS
 66
1
 10
0.0
 20
0.0
 30
0.0
 0
VERTEX
 8
PARTS
 10
 16.6000
 20
  5.5000
 30
0.0
 0
VERTEX
 8
PARTS
 10
 16.2000
 20
  5.9000
 30
0.0
 0
SEQEND
 8
PARTS
 0
POLYLINE
 8
PARTS
 66
1
 10
0.0
 20
0.0
 30
0.0
 0
VERTEX
 8
PARTS
 10
 16.2000
 20
  6.1000
 30
0.0
 0
VERTEX
 8
PARTS
 10
 16.2000
 20
  6.9000
 30
0.0
 0
SEQEND
 8
PARTS
 0
POLYLINE
 8
PARTS
 66
1
 10
0.0
 20
0.0
 30
0.0
 0
VERTEX
 8
PARTS
 10
 16.2000
 20
  5.1000
 30
0.0
 0
VERTEX
 8
PARTS
 10
 16.2000
 20
  5.9000
 30
0.0
 0
SEQEND
 8
PARTS
 0
POLYLINE
 8
PARTS
 66
1
 10
0.0
 20
0.0
 30
0.0
 0
VERTEX
 8
PARTS
 10
 16.2000
 20
  6.7000
 30
0.0
 0
VERTEX
 8
PARTS
 10
 16.0000
 20
  6.7000
 30
0.0
 0
SEQEND
 8
PARTS
 0
POLYLINE
 8
PARTS
 66
1
 10
0.0
 20
0.0
 30
0.0
 0
VERTEX
 8
PARTS
 10
 16.2000
 20
  5.7000
 30
0.0
 0
VERTEX
 8
PARTS
 10
 16.0000
 20
  5.7000
 30
0.0
 0
SEQEND
 8
PARTS
 0
POLYLINE
 8
PARTS
 66
1
 10
0.0
 20
0.0
 30
0.0
 0
VERTEX
 8
PARTS
 10
 16.2000
 20
  5.2000
 30
0.0
 0
VERTEX
 8
PARTS
 10
 16.0000
 20
  5.2000
 30
0.0
 0
SEQEND
 8
PARTS
 0
POLYLINE
 8
PARTS
 66
1
 10
0.0
 20
0.0
 30
0.0
 0
VERTEX
 8
PARTS
 10
 16.2000
 20
  6.2000
 30
0.0
 0
VERTEX
 8
PARTS
 10
 16.0000
 20
  6.2000
 30
0.0
 0
SEQEND
 8
PARTS
 0
POLYLINE
 8
PARTS
 66
1
 10
0.0
 20
0.0
 30
0.0
 0
VERTEX
 8
PARTS
 10
 17.4000
 20
  6.0000
 30
0.0
 0
VERTEX
 8
PARTS
 10
 17.2000
 20
  6.0000
 30
0.0
 0
SEQEND
 8
PARTS
 0
POLYLINE
 8
PARTS
 66
1
 70
1
 10
0.0
 20
0.0
 30
0.0
 0
VERTEX
 8
PARTS
 10
 16.0000
 20
  7.0000
 30
0.0
 0
VERTEX
 8
PARTS
 10
 17.4000
 20
  7.0000
 30
0.0
 0
VERTEX
 8
PARTS
 10
 17.4000
 20
  5.0000
 30
0.0
 0
VERTEX
 8
PARTS
 10
 16.0000
 20
  5.0000
 30
0.0
 0
SEQEND
 8
PARTS
 0
POLYLINE
 8
PARTS
 66
1
 10
0.0
 20
0.0
 30
0.0
 0
VERTEX
 8
PARTS
 10
 16.6000
 20
  6.5000
 30
0.0
 0
VERTEX
 8
PARTS
 10
 16.7000
 20
  6.5000
 30
0.0
 0
SEQEND
 8
PARTS
 0
POLYLINE
 8
PARTS
 66
1
 10
0.0
 20
0.0
 30
0.0
 0
VERTEX
 8
PARTS
 10
 16.7000
 20
  6.5000
 30
0.0
 0
VERTEX
 8
PARTS
 10
 16.7000
 20
  6.2000
 30
0.0
 0
SEQEND
 8
PARTS
 0
POLYLINE
 8
PARTS
 66
1
 10
0.0
 20
0.0
 30
0.0
 0
VERTEX
 8
PARTS
 10
 16.6000
 20
  5.5000
 30
0.0
 0
VERTEX
 8
PARTS
 10
 16.7000
 20
  5.5000
 30
0.0
 0
SEQEND
 8
PARTS
 0
POLYLINE
 8
PARTS
 66
1
 10
0.0
 20
0.0
 30
0.0
 0
VERTEX
 8
PARTS
 10
 16.7000
 20
  5.5000
 30
0.0
 0
VERTEX
 8
PARTS
 10
 16.7000
 20
  5.8000
 30
0.0
 0
SEQEND
 8
PARTS
 0
POLYLINE
 8
PARTS
 66
1
 10
0.0
 20
0.0
 30
0.0
 0
VERTEX
 8
PARTS
 10
 16.7000
 20
  6.2000
 30
0.0
 0
VERTEX
 8
PARTS
 10
 16.8000
 20
  6.2000
 30
0.0
 0
SEQEND
 8
PARTS
 0
POLYLINE
 8
PARTS
 66
1
 10
0.0
 20
0.0
 30
0.0
 0
VERTEX
 8
PARTS
 10
 16.7000
 20
  5.8000
 30
0.0
 0
VERTEX
 8
PARTS
 10
 16.8000
 20
  5.8000
 30
0.0
 0
SEQEND
 8
PARTS
 0
TEXT
 8
PARTTEXT
 10
 23.4000
 20
 17.4186
 30
0.0
 40
  0.0514
 1
R4
 0
TEXT
 8
PARTTEXT
 10
 23.3000
 20
 17.3186
 30
0.0
 40
  0.0514
 1
Zero Ohm
 0
LINE
 8
PARTS
 10
 23.2000
 20
 17.1000
 30
0.0
 11
 23.3000
 21
 17.1000
 31
0.0
 0
TEXT
 8
PARTS
 10
 23.2000
 20
 17.1300
 30
0.0
 40
  0.0500
 1
1
 0
LINE
 8
PARTS
 10
 23.7000
 20
 17.1000
 30
0.0
 11
 23.6000
 21
 17.1000
 31
0.0
 0
TEXT
 8
PARTS
 10
 23.6600
 20
 17.1300
 30
0.0
 40
  0.0500
 1
2
 0
LINE
 8
PARTS
 10
 23.2000
 20
 17.2000
 30
0.0
 11
 23.3000
 21
 17.2000
 31
0.0
 0
TEXT
 8
PARTS
 10
 23.2000
 20
 17.2300
 30
0.0
 40
  0.0500
 1
3
 0
LINE
 8
PARTS
 10
 23.7000
 20
 17.2000
 30
0.0
 11
 23.6000
 21
 17.2000
 31
0.0
 0
TEXT
 8
PARTS
 10
 23.6600
 20
 17.2300
 30
0.0
 40
  0.0500
 1
4
 0
POLYLINE
 8
PARTS
 66
1
 10
0.0
 20
0.0
 30
0.0
 0
VERTEX
 8
PARTS
 10
 23.3000
 20
 17.1000
 30
0.0
 0
VERTEX
 8
PARTS
 10
 23.3300
 20
 17.1300
 30
0.0
 0
SEQEND
 8
PARTS
 0
POLYLINE
 8
PARTS
 66
1
 10
0.0
 20
0.0
 30
0.0
 0
VERTEX
 8
PARTS
 10
 23.3300
 20
 17.1300
 30
0.0
 0
VERTEX
 8
PARTS
 10
 23.3900
 20
 17.0700
 30
0.0
 0
SEQEND
 8
PARTS
 0
POLYLINE
 8
PARTS
 66
1
 10
0.0
 20
0.0
 30
0.0
 0
VERTEX
 8
PARTS
 10
 23.3900
 20
 17.0700
 30
0.0
 0
VERTEX
 8
PARTS
 10
 23.4500
 20
 17.1300
 30
0.0
 0
SEQEND
 8
PARTS
 0
POLYLINE
 8
PARTS
 66
1
 10
0.0
 20
0.0
 30
0.0
 0
VERTEX
 8
PARTS
 10
 23.4500
 20
 17.1300
 30
0.0
 0
VERTEX
 8
PARTS
 10
 23.5100
 20
 17.0700
 30
0.0
 0
SEQEND
 8
PARTS
 0
POLYLINE
 8
PARTS
 66
1
 10
0.0
 20
0.0
 30
0.0
 0
VERTEX
 8
PARTS
 10
 23.5100
 20
 17.0700
 30
0.0
 0
VERTEX
 8
PARTS
 10
 23.5700
 20
 17.1300
 30
0.0
 0
SEQEND
 8
PARTS
 0
POLYLINE
 8
PARTS
 66
1
 10
0.0
 20
0.0
 30
0.0
 0
VERTEX
 8
PARTS
 10
 23.5700
 20
 17.1300
 30
0.0
 0
VERTEX
 8
PARTS
 10
 23.6000
 20
 17.1000
 30
0.0
 0
SEQEND
 8
PARTS
 0
POLYLINE
 8
PARTS
 66
1
 10
0.0
 20
0.0
 30
0.0
 0
VERTEX
 8
PARTS
 10
 23.3000
 20
 17.2000
 30
0.0
 0
VERTEX
 8
PARTS
 10
 23.3300
 20
 17.2300
 30
0.0
 0
SEQEND
 8
PARTS
 0
POLYLINE
 8
PARTS
 66
1
 10
0.0
 20
0.0
 30
0.0
 0
VERTEX
 8
PARTS
 10
 23.3300
 20
 17.2300
 30
0.0
 0
VERTEX
 8
PARTS
 10
 23.3900
 20
 17.1700
 30
0.0
 0
SEQEND
 8
PARTS
 0
POLYLINE
 8
PARTS
 66
1
 10
0.0
 20
0.0
 30
0.0
 0
VERTEX
 8
PARTS
 10
 23.3900
 20
 17.1700
 30
0.0
 0
VERTEX
 8
PARTS
 10
 23.4500
 20
 17.2300
 30
0.0
 0
SEQEND
 8
PARTS
 0
POLYLINE
 8
PARTS
 66
1
 10
0.0
 20
0.0
 30
0.0
 0
VERTEX
 8
PARTS
 10
 23.4500
 20
 17.2300
 30
0.0
 0
VERTEX
 8
PARTS
 10
 23.5100
 20
 17.1700
 30
0.0
 0
SEQEND
 8
PARTS
 0
POLYLINE
 8
PARTS
 66
1
 10
0.0
 20
0.0
 30
0.0
 0
VERTEX
 8
PARTS
 10
 23.5100
 20
 17.1700
 30
0.0
 0
VERTEX
 8
PARTS
 10
 23.5700
 20
 17.2300
 30
0.0
 0
SEQEND
 8
PARTS
 0
POLYLINE
 8
PARTS
 66
1
 10
0.0
 20
0.0
 30
0.0
 0
VERTEX
 8
PARTS
 10
 23.5700
 20
 17.2300
 30
0.0
 0
VERTEX
 8
PARTS
 10
 23.6000
 20
 17.2000
 30
0.0
 0
SEQEND
 8
PARTS
 0
POLYLINE
 8
PARTS
 66
1
 70
1
 10
0.0
 20
0.0
 30
0.0
 0
VERTEX
 8
PARTS
 10
 23.5500
 20
 17.1400
 30
0.0
 42
  0.0985
 0
VERTEX
 8
PARTS
 10
 23.5424
 20
 17.1783
 30
0.0
 42
  0.0985
 0
VERTEX
 8
PARTS
 10
 23.5207
 20
 17.2107
 30
0.0
 42
  0.0985
 0
VERTEX
 8
PARTS
 10
 23.4883
 20
 17.2324
 30
0.0
 42
  0.0985
 0
VERTEX
 8
PARTS
 10
 23.4500
 20
 17.2400
 30
0.0
 42
  0.0985
 0
VERTEX
 8
PARTS
 10
 23.4117
 20
 17.2324
 30
0.0
 42
  0.0985
 0
VERTEX
 8
PARTS
 10
 23.3793
 20
 17.2107
 30
0.0
 42
  0.0985
 0
VERTEX
 8
PARTS
 10
 23.3576
 20
 17.1783
 30
0.0
 42
  0.0985
 0
VERTEX
 8
PARTS
 10
 23.3500
 20
 17.1400
 30
0.0
 42
  0.0985
 0
VERTEX
 8
PARTS
 10
 23.3576
 20
 17.1017
 30
0.0
 42
  0.0985
 0
VERTEX
 8
PARTS
 10
 23.3793
 20
 17.0693
 30
0.0
 42
  0.0985
 0
VERTEX
 8
PARTS
 10
 23.4117
 20
 17.0476
 30
0.0
 42
  0.0985
 0
VERTEX
 8
PARTS
 10
 23.4500
 20
 17.0400
 30
0.0
 42
  0.0985
 0
VERTEX
 8
PARTS
 10
 23.4883
 20
 17.0476
 30
0.0
 42
  0.0985
 0
VERTEX
 8
PARTS
 10
 23.5207
 20
 17.0693
 30
0.0
 42
  0.0985
 0
VERTEX
 8
PARTS
 10
 23.5424
 20
 17.1017
 30
0.0
 42
  0.0985
 0
SEQEND
 8
PARTS
 0
POLYLINE
 8
PARTS
 66
1
 70
1
 10
0.0
 20
0.0
 30
0.0
 0
VERTEX
 8
PARTS
 10
 23.4000
 20
 17.2000
 30
0.0
 42
  0.0000
 0
VERTEX
 8
PARTS
 10
 23.3962
 20
 17.2000
 30
0.0
 42
  0.0000
 0
VERTEX
 8
PARTS
 10
 23.3854
 20
 17.2000
 30
0.0
 42
  0.0000
 0
VERTEX
 8
PARTS
 10
 23.3691
 20
 17.2000
 30
0.0
 42
  0.0000
 0
VERTEX
 8
PARTS
 10
 23.3500
 20
 17.2000
 30
0.0
 42
  0.0000
 0
VERTEX
 8
PARTS
 10
 23.3309
 20
 17.2000
 30
0.0
 42
  0.0000
 0
VERTEX
 8
PARTS
 10
 23.3146
 20
 17.2000
 30
0.0
 42
  0.0000
 0
VERTEX
 8
PARTS
 10
 23.3038
 20
 17.2000
 30
0.0
 42
  0.0000
 0
VERTEX
 8
PARTS
 10
 23.3000
 20
 17.2000
 30
0.0
 42
  0.0000
 0
VERTEX
 8
PARTS
 10
 23.3038
 20
 17.2000
 30
0.0
 42
  0.0000
 0
VERTEX
 8
PARTS
 10
 23.3146
 20
 17.2000
 30
0.0
 42
  0.0000
 0
VERTEX
 8
PARTS
 10
 23.3309
 20
 17.2000
 30
0.0
 42
  0.0000
 0
VERTEX
 8
PARTS
 10
 23.3500
 20
 17.2000
 30
0.0
 42
  0.0000
 0
VERTEX
 8
PARTS
 10
 23.3691
 20
 17.2000
 30
0.0
 42
  0.0000
 0
VERTEX
 8
PARTS
 10
 23.3854
 20
 17.2000
 30
0.0
 42
  0.0000
 0
VERTEX
 8
PARTS
 10
 23.3962
 20
 17.2000
 30
0.0
 42
  0.0000
 0
SEQEND
 8
PARTS
 0
TEXT
 8
PARTTEXT
 10
 26.7000
 20
 11.6186
 30
0.0
 40
  0.0514
 1
U6
 0
TEXT
 8
PARTTEXT
 10
 26.6000
 20
 11.4186
 30
0.0
 40
  0.0514
 1
INA114
 0
LINE
 8
PARTS
 10
 27.9000
 20
 11.4000
 30
0.0
 11
 27.6000
 21
 11.4000
 31
0.0
 0
TEXT
 8
PARTS
 10
 27.4300
 20
 11.3750
 30
0.0
 40
  0.0500
 1
VO
 0
TEXT
 8
PARTS
 10
 27.6600
 20
 11.4300
 30
0.0
 40
  0.0500
 1
11
 0
LINE
 8
PARTS
 10
 27.9000
 20
 10.6000
 30
0.0
 11
 27.6000
 21
 10.6000
 31
0.0
 0
TEXT
 8
PARTS
 10
 27.3900
 20
 10.5750
 30
0.0
 40
  0.0500
 1
Ref
 0
TEXT
 8
PARTS
 10
 27.6600
 20
 10.6300
 30
0.0
 40
  0.0500
 1
10
 0
LINE
 8
PARTS
 10
 25.9000
 20
 10.6000
 30
0.0
 11
 26.2000
 21
 10.6000
 31
0.0
 0
TEXT
 8
PARTS
 10
 26.2900
 20
 10.5750
 30
0.0
 40
  0.0500
 1
-Vin
 0
TEXT
 8
PARTS
 10
 26.1000
 20
 10.6300
 30
0.0
 40
  0.0500
 1
4
 0
LINE
 8
PARTS
 10
 25.9000
 20
 12.1000
 30
0.0
 11
 26.2000
 21
 12.1000
 31
0.0
 0
TEXT
 8
PARTS
 10
 26.2900
 20
 12.0750
 30
0.0
 40
  0.0500
 1
+Vin
 0
TEXT
 8
PARTS
 10
 26.1000
 20
 12.1300
 30
0.0
 40
  0.0500
 1
5
 0
LINE
 8
PARTS
 10
 25.9000
 20
 11.6000
 30
0.0
 11
 26.2000
 21
 11.6000
 31
0.0
 0
TEXT
 8
PARTS
 10
 26.2900
 20
 11.5750
 30
0.0
 40
  0.0500
 1
Rg1
 0
TEXT
 8
PARTS
 10
 26.1000
 20
 11.6300
 30
0.0
 40
  0.0500
 1
2
 0
LINE
 8
PARTS
 10
 25.9000
 20
 11.1000
 30
0.0
 11
 26.2000
 21
 11.1000
 31
0.0
 0
TEXT
 8
PARTS
 10
 26.2900
 20
 11.0750
 30
0.0
 40
  0.0500
 1
Rg2
 0
TEXT
 8
PARTS
 10
 26.0600
 20
 11.1300
 30
0.0
 40
  0.0500
 1
15
 0
LINE
 8
PARTS
 10
 27.1000
 20
 12.7000
 30
0.0
 11
 27.1000
 21
 12.4000
 31
0.0
 0
TEXT
 8
PARTS
 10
 27.0750
 20
 12.3100
 30
0.0
 40
  0.0500
 50
270.0000
 1
+V
 0
TEXT
 8
PARTS
 10
 27.1300
 20
 12.5400
 30
0.0
 40
  0.0500
 50
270.0000
 1
13
 0
CIRCLE
 8
PARTS
 10
 27.1000
 20
 10.3700
 30
0.0
 40
  0.0300
 0
LINE
 8
PARTS
 10
 27.1000
 20
 10.1000
 30
0.0
 11
 27.1000
 21
 10.3400
 31
0.0
 0
TEXT
 8
PARTS
 10
 27.0750
 20
 10.5700
 30
0.0
 40
  0.0500
 50
270.0000
 1
-V
 0
TEXT
 8
PARTS
 10
 27.1300
 20
 10.2800
 30
0.0
 40
  0.0500
 50
270.0000
 1
7
 0
LINE
 8
PARTS
 10
 27.9000
 20
 11.9000
 30
0.0
 11
 27.6000
 21
 11.9000
 31
0.0
 0
TEXT
 8
PARTS
 10
 27.1900
 20
 11.8750
 30
0.0
 40
  0.0500
 1
Feedback
 0
TEXT
 8
PARTS
 10
 27.6600
 20
 11.9300
 30
0.0
 40
  0.0500
 1
12
 0
POLYLINE
 8
PARTS
 66
1
 10
0.0
 20
0.0
 30
0.0
 0
VERTEX
 8
PARTS
 10
 27.4000
 20
 11.4000
 30
0.0
 0
VERTEX
 8
PARTS
 10
 27.0000
 20
 11.8000
 30
0.0
 0
SEQEND
 8
PARTS
 0
POLYLINE
 8
PARTS
 66
1
 10
0.0
 20
0.0
 30
0.0
 0
VERTEX
 8
PARTS
 10
 27.4000
 20
 11.4000
 30
0.0
 0
VERTEX
 8
PARTS
 10
 27.0000
 20
 11.0000
 30
0.0
 0
SEQEND
 8
PARTS
 0
POLYLINE
 8
PARTS
 66
1
 10
0.0
 20
0.0
 30
0.0
 0
VERTEX
 8
PARTS
 10
 27.0000
 20
 11.0000
 30
0.0
 0
VERTEX
 8
PARTS
 10
 27.0000
 20
 11.8000
 30
0.0
 0
SEQEND
 8
PARTS
 0
POLYLINE
 8
PARTS
 66
1
 10
0.0
 20
0.0
 30
0.0
 0
VERTEX
 8
PARTS
 10
 26.8000
 20
 10.9000
 30
0.0
 0
VERTEX
 8
PARTS
 10
 26.4000
 20
 10.5000
 30
0.0
 0
SEQEND
 8
PARTS
 0
POLYLINE
 8
PARTS
 66
1
 10
0.0
 20
0.0
 30
0.0
 0
VERTEX
 8
PARTS
 10
 26.8000
 20
 11.9000
 30
0.0
 0
VERTEX
 8
PARTS
 10
 26.4000
 20
 11.5000
 30
0.0
 0
SEQEND
 8
PARTS
 0
POLYLINE
 8
PARTS
 66
1
 10
0.0
 20
0.0
 30
0.0
 0
VERTEX
 8
PARTS
 10
 26.8000
 20
 11.9000
 30
0.0
 0
VERTEX
 8
PARTS
 10
 26.4000
 20
 12.3000
 30
0.0
 0
SEQEND
 8
PARTS
 0
POLYLINE
 8
PARTS
 66
1
 10
0.0
 20
0.0
 30
0.0
 0
VERTEX
 8
PARTS
 10
 26.8000
 20
 10.9000
 30
0.0
 0
VERTEX
 8
PARTS
 10
 26.4000
 20
 11.3000
 30
0.0
 0
SEQEND
 8
PARTS
 0
POLYLINE
 8
PARTS
 66
1
 10
0.0
 20
0.0
 30
0.0
 0
VERTEX
 8
PARTS
 10
 26.4000
 20
 11.5000
 30
0.0
 0
VERTEX
 8
PARTS
 10
 26.4000
 20
 12.3000
 30
0.0
 0
SEQEND
 8
PARTS
 0
POLYLINE
 8
PARTS
 66
1
 10
0.0
 20
0.0
 30
0.0
 0
VERTEX
 8
PARTS
 10
 26.4000
 20
 10.5000
 30
0.0
 0
VERTEX
 8
PARTS
 10
 26.4000
 20
 11.3000
 30
0.0
 0
SEQEND
 8
PARTS
 0
POLYLINE
 8
PARTS
 66
1
 10
0.0
 20
0.0
 30
0.0
 0
VERTEX
 8
PARTS
 10
 26.4000
 20
 12.1000
 30
0.0
 0
VERTEX
 8
PARTS
 10
 26.2000
 20
 12.1000
 30
0.0
 0
SEQEND
 8
PARTS
 0
POLYLINE
 8
PARTS
 66
1
 10
0.0
 20
0.0
 30
0.0
 0
VERTEX
 8
PARTS
 10
 26.4000
 20
 11.1000
 30
0.0
 0
VERTEX
 8
PARTS
 10
 26.2000
 20
 11.1000
 30
0.0
 0
SEQEND
 8
PARTS
 0
POLYLINE
 8
PARTS
 66
1
 10
0.0
 20
0.0
 30
0.0
 0
VERTEX
 8
PARTS
 10
 26.4000
 20
 10.6000
 30
0.0
 0
VERTEX
 8
PARTS
 10
 26.2000
 20
 10.6000
 30
0.0
 0
SEQEND
 8
PARTS
 0
POLYLINE
 8
PARTS
 66
1
 10
0.0
 20
0.0
 30
0.0
 0
VERTEX
 8
PARTS
 10
 26.4000
 20
 11.6000
 30
0.0
 0
VERTEX
 8
PARTS
 10
 26.2000
 20
 11.6000
 30
0.0
 0
SEQEND
 8
PARTS
 0
POLYLINE
 8
PARTS
 66
1
 10
0.0
 20
0.0
 30
0.0
 0
VERTEX
 8
PARTS
 10
 27.6000
 20
 11.4000
 30
0.0
 0
VERTEX
 8
PARTS
 10
 27.4000
 20
 11.4000
 30
0.0
 0
SEQEND
 8
PARTS
 0
POLYLINE
 8
PARTS
 66
1
 70
1
 10
0.0
 20
0.0
 30
0.0
 0
VERTEX
 8
PARTS
 10
 26.2000
 20
 12.4000
 30
0.0
 0
VERTEX
 8
PARTS
 10
 27.6000
 20
 12.4000
 30
0.0
 0
VERTEX
 8
PARTS
 10
 27.6000
 20
 10.4000
 30
0.0
 0
VERTEX
 8
PARTS
 10
 26.2000
 20
 10.4000
 30
0.0
 0
SEQEND
 8
PARTS
 0
POLYLINE
 8
PARTS
 66
1
 10
0.0
 20
0.0
 30
0.0
 0
VERTEX
 8
PARTS
 10
 26.8000
 20
 11.9000
 30
0.0
 0
VERTEX
 8
PARTS
 10
 26.9000
 20
 11.9000
 30
0.0
 0
SEQEND
 8
PARTS
 0
POLYLINE
 8
PARTS
 66
1
 10
0.0
 20
0.0
 30
0.0
 0
VERTEX
 8
PARTS
 10
 26.9000
 20
 11.9000
 30
0.0
 0
VERTEX
 8
PARTS
 10
 26.9000
 20
 11.6000
 30
0.0
 0
SEQEND
 8
PARTS
 0
POLYLINE
 8
PARTS
 66
1
 10
0.0
 20
0.0
 30
0.0
 0
VERTEX
 8
PARTS
 10
 26.8000
 20
 10.9000
 30
0.0
 0
VERTEX
 8
PARTS
 10
 26.9000
 20
 10.9000
 30
0.0
 0
SEQEND
 8
PARTS
 0
POLYLINE
 8
PARTS
 66
1
 10
0.0
 20
0.0
 30
0.0
 0
VERTEX
 8
PARTS
 10
 26.9000
 20
 10.9000
 30
0.0
 0
VERTEX
 8
PARTS
 10
 26.9000
 20
 11.2000
 30
0.0
 0
SEQEND
 8
PARTS
 0
POLYLINE
 8
PARTS
 66
1
 10
0.0
 20
0.0
 30
0.0
 0
VERTEX
 8
PARTS
 10
 26.9000
 20
 11.6000
 30
0.0
 0
VERTEX
 8
PARTS
 10
 27.0000
 20
 11.6000
 30
0.0
 0
SEQEND
 8
PARTS
 0
POLYLINE
 8
PARTS
 66
1
 10
0.0
 20
0.0
 30
0.0
 0
VERTEX
 8
PARTS
 10
 26.9000
 20
 11.2000
 30
0.0
 0
VERTEX
 8
PARTS
 10
 27.0000
 20
 11.2000
 30
0.0
 0
SEQEND
 8
PARTS
 0
TEXT
 8
PARTTEXT
 10
 23.3700
 20
  4.1586
 30
0.0
 40
  0.0514
 1
U15
 0
TEXT
 8
PARTTEXT
 10
 23.4000
 20
  2.9186
 30
0.0
 40
  0.0514
 1
RAC10-12DC/277
 0
LINE
 8
PARTS
 10
 23.0000
 20
  3.9000
 30
0.0
 11
 23.3000
 21
  3.9000
 31
0.0
 0
TEXT
 8
PARTS
 10
 23.3900
 20
  3.8750
 30
0.0
 40
  0.0500
 1
Vac(N)
 0
TEXT
 8
PARTS
 10
 23.2000
 20
  3.9300
 30
0.0
 40
  0.0500
 1
1
 0
LINE
 8
PARTS
 10
 23.0000
 20
  3.3000
 30
0.0
 11
 23.3000
 21
  3.3000
 31
0.0
 0
TEXT
 8
PARTS
 10
 23.3900
 20
  3.2750
 30
0.0
 40
  0.0500
 1
Vac(L)
 0
TEXT
 8
PARTS
 10
 23.2000
 20
  3.3300
 30
0.0
 40
  0.0500
 1
2
 0
LINE
 8
PARTS
 10
 24.8000
 20
  3.3000
 30
0.0
 11
 24.5000
 21
  3.3000
 31
0.0
 0
TEXT
 8
PARTS
 10
 24.2500
 20
  3.2750
 30
0.0
 40
  0.0500
 1
Vdc-
 0
TEXT
 8
PARTS
 10
 24.5600
 20
  3.3300
 30
0.0
 40
  0.0500
 1
3
 0
LINE
 8
PARTS
 10
 24.8000
 20
  3.6000
 30
0.0
 11
 24.5000
 21
  3.6000
 31
0.0
 0
TEXT
 8
PARTS
 10
 24.2900
 20
  3.5750
 30
0.0
 40
  0.0500
 1
COM
 0
TEXT
 8
PARTS
 10
 24.5600
 20
  3.6300
 30
0.0
 40
  0.0500
 1
4
 0
LINE
 8
PARTS
 10
 24.8000
 20
  3.9000
 30
0.0
 11
 24.5000
 21
  3.9000
 31
0.0
 0
TEXT
 8
PARTS
 10
 24.2500
 20
  3.8750
 30
0.0
 40
  0.0500
 1
Vdc+
 0
TEXT
 8
PARTS
 10
 24.5600
 20
  3.9300
 30
0.0
 40
  0.0500
 1
5
 0
POLYLINE
 8
PARTS
 66
1
 70
1
 10
0.0
 20
0.0
 30
0.0
 0
VERTEX
 8
PARTS
 10
 23.3000
 20
  4.1000
 30
0.0
 0
VERTEX
 8
PARTS
 10
 24.5000
 20
  4.1000
 30
0.0
 0
VERTEX
 8
PARTS
 10
 24.5000
 20
  3.1000
 30
0.0
 0
VERTEX
 8
PARTS
 10
 23.3000
 20
  3.1000
 30
0.0
 0
SEQEND
 8
PARTS
 0
TEXT
 8
PARTTEXT
 10
  6.7000
 20
 15.5186
 30
0.0
 40
  0.0514
 1
C10
 0
TEXT
 8
PARTTEXT
 10
  6.7000
 20
 15.4186
 30
0.0
 40
  0.0514
 1
.01uF
 0
LINE
 8
PARTS
 10
  6.5000
 20
 15.4000
 30
0.0
 11
  6.5000
 21
 15.5000
 31
0.0
 0
TEXT
 8
PARTS
 10
  6.5300
 20
 15.3800
 30
0.0
 40
  0.0500
 50
270.0000
 1
1
 0
LINE
 8
PARTS
 10
  6.5000
 20
 15.7000
 30
0.0
 11
  6.5000
 21
 15.6000
 31
0.0
 0
TEXT
 8
PARTS
 10
  6.5300
 20
 15.7000
 30
0.0
 40
  0.0500
 50
270.0000
 1
2
 0
POLYLINE
 8
PARTS
 66
1
 10
0.0
 20
0.0
 30
0.0
 0
VERTEX
 8
PARTS
 10
  6.6000
 20
 15.5000
 30
0.0
 0
VERTEX
 8
PARTS
 10
  6.4000
 20
 15.5000
 30
0.0
 0
SEQEND
 8
PARTS
 0
POLYLINE
 8
PARTS
 66
1
 10
0.0
 20
0.0
 30
0.0
 0
VERTEX
 8
PARTS
 10
  6.5000
 20
 15.5400
 30
0.0
 0
VERTEX
 8
PARTS
 10
  6.5000
 20
 15.6000
 30
0.0
 0
SEQEND
 8
PARTS
 0
POLYLINE
 8
PARTS
 66
1
 10
0.0
 20
0.0
 30
0.0
 0
VERTEX
 8
PARTS
 10
  6.4000
 20
 15.5700
 30
0.0
 42
  0.1654
 0
VERTEX
 8
PARTS
 10
  6.5000
 20
 15.5400
 30
0.0
 0
SEQEND
 8
PARTS
 0
POLYLINE
 8
PARTS
 66
1
 10
0.0
 20
0.0
 30
0.0
 0
VERTEX
 8
PARTS
 10
  6.5000
 20
 15.5400
 30
0.0
 42
  0.1654
 0
VERTEX
 8
PARTS
 10
  6.6000
 20
 15.5700
 30
0.0
 0
SEQEND
 8
PARTS
 0
TEXT
 8
PARTTEXT
 10
  3.7000
 20
 18.1186
 30
0.0
 40
  0.0514
 1
R1
 0
TEXT
 8
PARTTEXT
 10
  3.6000
 20
 18.0186
 30
0.0
 40
  0.0514
 1
Zero Ohm
 0
LINE
 8
PARTS
 10
  3.5000
 20
 17.8000
 30
0.0
 11
  3.6000
 21
 17.8000
 31
0.0
 0
TEXT
 8
PARTS
 10
  3.5000
 20
 17.8300
 30
0.0
 40
  0.0500
 1
1
 0
LINE
 8
PARTS
 10
  4.0000
 20
 17.8000
 30
0.0
 11
  3.9000
 21
 17.8000
 31
0.0
 0
TEXT
 8
PARTS
 10
  3.9600
 20
 17.8300
 30
0.0
 40
  0.0500
 1
2
 0
LINE
 8
PARTS
 10
  3.5000
 20
 17.9000
 30
0.0
 11
  3.6000
 21
 17.9000
 31
0.0
 0
TEXT
 8
PARTS
 10
  3.5000
 20
 17.9300
 30
0.0
 40
  0.0500
 1
3
 0
LINE
 8
PARTS
 10
  4.0000
 20
 17.9000
 30
0.0
 11
  3.9000
 21
 17.9000
 31
0.0
 0
TEXT
 8
PARTS
 10
  3.9600
 20
 17.9300
 30
0.0
 40
  0.0500
 1
4
 0
POLYLINE
 8
PARTS
 66
1
 10
0.0
 20
0.0
 30
0.0
 0
VERTEX
 8
PARTS
 10
  3.6000
 20
 17.8000
 30
0.0
 0
VERTEX
 8
PARTS
 10
  3.6300
 20
 17.8300
 30
0.0
 0
SEQEND
 8
PARTS
 0
POLYLINE
 8
PARTS
 66
1
 10
0.0
 20
0.0
 30
0.0
 0
VERTEX
 8
PARTS
 10
  3.6300
 20
 17.8300
 30
0.0
 0
VERTEX
 8
PARTS
 10
  3.6900
 20
 17.7700
 30
0.0
 0
SEQEND
 8
PARTS
 0
POLYLINE
 8
PARTS
 66
1
 10
0.0
 20
0.0
 30
0.0
 0
VERTEX
 8
PARTS
 10
  3.6900
 20
 17.7700
 30
0.0
 0
VERTEX
 8
PARTS
 10
  3.7500
 20
 17.8300
 30
0.0
 0
SEQEND
 8
PARTS
 0
POLYLINE
 8
PARTS
 66
1
 10
0.0
 20
0.0
 30
0.0
 0
VERTEX
 8
PARTS
 10
  3.7500
 20
 17.8300
 30
0.0
 0
VERTEX
 8
PARTS
 10
  3.8100
 20
 17.7700
 30
0.0
 0
SEQEND
 8
PARTS
 0
POLYLINE
 8
PARTS
 66
1
 10
0.0
 20
0.0
 30
0.0
 0
VERTEX
 8
PARTS
 10
  3.8100
 20
 17.7700
 30
0.0
 0
VERTEX
 8
PARTS
 10
  3.8700
 20
 17.8300
 30
0.0
 0
SEQEND
 8
PARTS
 0
POLYLINE
 8
PARTS
 66
1
 10
0.0
 20
0.0
 30
0.0
 0
VERTEX
 8
PARTS
 10
  3.8700
 20
 17.8300
 30
0.0
 0
VERTEX
 8
PARTS
 10
  3.9000
 20
 17.8000
 30
0.0
 0
SEQEND
 8
PARTS
 0
POLYLINE
 8
PARTS
 66
1
 10
0.0
 20
0.0
 30
0.0
 0
VERTEX
 8
PARTS
 10
  3.6000
 20
 17.9000
 30
0.0
 0
VERTEX
 8
PARTS
 10
  3.6300
 20
 17.9300
 30
0.0
 0
SEQEND
 8
PARTS
 0
POLYLINE
 8
PARTS
 66
1
 10
0.0
 20
0.0
 30
0.0
 0
VERTEX
 8
PARTS
 10
  3.6300
 20
 17.9300
 30
0.0
 0
VERTEX
 8
PARTS
 10
  3.6900
 20
 17.8700
 30
0.0
 0
SEQEND
 8
PARTS
 0
POLYLINE
 8
PARTS
 66
1
 10
0.0
 20
0.0
 30
0.0
 0
VERTEX
 8
PARTS
 10
  3.6900
 20
 17.8700
 30
0.0
 0
VERTEX
 8
PARTS
 10
  3.7500
 20
 17.9300
 30
0.0
 0
SEQEND
 8
PARTS
 0
POLYLINE
 8
PARTS
 66
1
 10
0.0
 20
0.0
 30
0.0
 0
VERTEX
 8
PARTS
 10
  3.7500
 20
 17.9300
 30
0.0
 0
VERTEX
 8
PARTS
 10
  3.8100
 20
 17.8700
 30
0.0
 0
SEQEND
 8
PARTS
 0
POLYLINE
 8
PARTS
 66
1
 10
0.0
 20
0.0
 30
0.0
 0
VERTEX
 8
PARTS
 10
  3.8100
 20
 17.8700
 30
0.0
 0
VERTEX
 8
PARTS
 10
  3.8700
 20
 17.9300
 30
0.0
 0
SEQEND
 8
PARTS
 0
POLYLINE
 8
PARTS
 66
1
 10
0.0
 20
0.0
 30
0.0
 0
VERTEX
 8
PARTS
 10
  3.8700
 20
 17.9300
 30
0.0
 0
VERTEX
 8
PARTS
 10
  3.9000
 20
 17.9000
 30
0.0
 0
SEQEND
 8
PARTS
 0
POLYLINE
 8
PARTS
 66
1
 70
1
 10
0.0
 20
0.0
 30
0.0
 0
VERTEX
 8
PARTS
 10
  3.8500
 20
 17.8400
 30
0.0
 42
  0.0985
 0
VERTEX
 8
PARTS
 10
  3.8424
 20
 17.8783
 30
0.0
 42
  0.0985
 0
VERTEX
 8
PARTS
 10
  3.8207
 20
 17.9107
 30
0.0
 42
  0.0985
 0
VERTEX
 8
PARTS
 10
  3.7883
 20
 17.9324
 30
0.0
 42
  0.0985
 0
VERTEX
 8
PARTS
 10
  3.7500
 20
 17.9400
 30
0.0
 42
  0.0985
 0
VERTEX
 8
PARTS
 10
  3.7117
 20
 17.9324
 30
0.0
 42
  0.0985
 0
VERTEX
 8
PARTS
 10
  3.6793
 20
 17.9107
 30
0.0
 42
  0.0985
 0
VERTEX
 8
PARTS
 10
  3.6576
 20
 17.8783
 30
0.0
 42
  0.0985
 0
VERTEX
 8
PARTS
 10
  3.6500
 20
 17.8400
 30
0.0
 42
  0.0985
 0
VERTEX
 8
PARTS
 10
  3.6576
 20
 17.8017
 30
0.0
 42
  0.0985
 0
VERTEX
 8
PARTS
 10
  3.6793
 20
 17.7693
 30
0.0
 42
  0.0985
 0
VERTEX
 8
PARTS
 10
  3.7117
 20
 17.7476
 30
0.0
 42
  0.0985
 0
VERTEX
 8
PARTS
 10
  3.7500
 20
 17.7400
 30
0.0
 42
  0.0985
 0
VERTEX
 8
PARTS
 10
  3.7883
 20
 17.7476
 30
0.0
 42
  0.0985
 0
VERTEX
 8
PARTS
 10
  3.8207
 20
 17.7693
 30
0.0
 42
  0.0985
 0
VERTEX
 8
PARTS
 10
  3.8424
 20
 17.8017
 30
0.0
 42
  0.0985
 0
SEQEND
 8
PARTS
 0
POLYLINE
 8
PARTS
 66
1
 70
1
 10
0.0
 20
0.0
 30
0.0
 0
VERTEX
 8
PARTS
 10
  3.7000
 20
 17.9000
 30
0.0
 42
  0.0000
 0
VERTEX
 8
PARTS
 10
  3.6962
 20
 17.9000
 30
0.0
 42
  0.0000
 0
VERTEX
 8
PARTS
 10
  3.6854
 20
 17.9000
 30
0.0
 42
  0.0000
 0
VERTEX
 8
PARTS
 10
  3.6691
 20
 17.9000
 30
0.0
 42
  0.0000
 0
VERTEX
 8
PARTS
 10
  3.6500
 20
 17.9000
 30
0.0
 42
  0.0000
 0
VERTEX
 8
PARTS
 10
  3.6309
 20
 17.9000
 30
0.0
 42
  0.0000
 0
VERTEX
 8
PARTS
 10
  3.6146
 20
 17.9000
 30
0.0
 42
  0.0000
 0
VERTEX
 8
PARTS
 10
  3.6038
 20
 17.9000
 30
0.0
 42
  0.0000
 0
VERTEX
 8
PARTS
 10
  3.6000
 20
 17.9000
 30
0.0
 42
  0.0000
 0
VERTEX
 8
PARTS
 10
  3.6038
 20
 17.9000
 30
0.0
 42
  0.0000
 0
VERTEX
 8
PARTS
 10
  3.6146
 20
 17.9000
 30
0.0
 42
  0.0000
 0
VERTEX
 8
PARTS
 10
  3.6309
 20
 17.9000
 30
0.0
 42
  0.0000
 0
VERTEX
 8
PARTS
 10
  3.6500
 20
 17.9000
 30
0.0
 42
  0.0000
 0
VERTEX
 8
PARTS
 10
  3.6691
 20
 17.9000
 30
0.0
 42
  0.0000
 0
VERTEX
 8
PARTS
 10
  3.6854
 20
 17.9000
 30
0.0
 42
  0.0000
 0
VERTEX
 8
PARTS
 10
  3.6962
 20
 17.9000
 30
0.0
 42
  0.0000
 0
SEQEND
 8
PARTS
 0
TEXT
 8
PARTTEXT
 10
  3.5000
 20
 17.1186
 30
0.0
 40
  0.0514
 1
C7
 0
TEXT
 8
PARTTEXT
 10
  3.3000
 20
 17.0186
 30
0.0
 40
  0.0514
 1
Not Populated
 0
LINE
 8
PARTS
 10
  4.1000
 20
 16.9000
 30
0.0
 11
  4.1000
 21
 17.0000
 31
0.0
 0
TEXT
 8
PARTS
 10
  4.1300
 20
 16.8800
 30
0.0
 40
  0.0500
 50
270.0000
 1
1
 0
LINE
 8
PARTS
 10
  4.1000
 20
 17.2000
 30
0.0
 11
  4.1000
 21
 17.1000
 31
0.0
 0
TEXT
 8
PARTS
 10
  4.1300
 20
 17.2000
 30
0.0
 40
  0.0500
 50
270.0000
 1
2
 0
POLYLINE
 8
PARTS
 66
1
 10
0.0
 20
0.0
 30
0.0
 0
VERTEX
 8
PARTS
 10
  4.1000
 20
 17.0000
 30
0.0
 0
VERTEX
 8
PARTS
 10
  4.1000
 20
 17.0200
 30
0.0
 0
SEQEND
 8
PARTS
 0
POLYLINE
 8
PARTS
 66
1
 10
0.0
 20
0.0
 30
0.0
 0
VERTEX
 8
PARTS
 10
  4.1900
 20
 17.0700
 30
0.0
 0
VERTEX
 8
PARTS
 10
  4.0100
 20
 17.0700
 30
0.0
 0
SEQEND
 8
PARTS
 0
POLYLINE
 8
PARTS
 66
1
 10
0.0
 20
0.0
 30
0.0
 0
VERTEX
 8
PARTS
 10
  4.1900
 20
 17.0200
 30
0.0
 0
VERTEX
 8
PARTS
 10
  4.0100
 20
 17.0200
 30
0.0
 0
SEQEND
 8
PARTS
 0
POLYLINE
 8
PARTS
 66
1
 10
0.0
 20
0.0
 30
0.0
 0
VERTEX
 8
PARTS
 10
  4.1000
 20
 17.1000
 30
0.0
 0
VERTEX
 8
PARTS
 10
  4.1000
 20
 17.0700
 30
0.0
 0
SEQEND
 8
PARTS
 0
TEXT
 8
PARTTEXT
 10
  7.0000
 20
 17.3186
 30
0.0
 40
  0.0514
 1
U1
 0
TEXT
 8
PARTTEXT
 10
  6.9000
 20
 17.1186
 30
0.0
 40
  0.0514
 1
INA114
 0
LINE
 8
PARTS
 10
  8.2000
 20
 17.1000
 30
0.0
 11
  7.9000
 21
 17.1000
 31
0.0
 0
TEXT
 8
PARTS
 10
  7.7300
 20
 17.0750
 30
0.0
 40
  0.0500
 1
VO
 0
TEXT
 8
PARTS
 10
  7.9600
 20
 17.1300
 30
0.0
 40
  0.0500
 1
11
 0
LINE
 8
PARTS
 10
  8.2000
 20
 16.3000
 30
0.0
 11
  7.9000
 21
 16.3000
 31
0.0
 0
TEXT
 8
PARTS
 10
  7.6900
 20
 16.2750
 30
0.0
 40
  0.0500
 1
Ref
 0
TEXT
 8
PARTS
 10
  7.9600
 20
 16.3300
 30
0.0
 40
  0.0500
 1
10
 0
LINE
 8
PARTS
 10
  6.2000
 20
 16.3000
 30
0.0
 11
  6.5000
 21
 16.3000
 31
0.0
 0
TEXT
 8
PARTS
 10
  6.5900
 20
 16.2750
 30
0.0
 40
  0.0500
 1
-Vin
 0
TEXT
 8
PARTS
 10
  6.4000
 20
 16.3300
 30
0.0
 40
  0.0500
 1
4
 0
LINE
 8
PARTS
 10
  6.2000
 20
 17.8000
 30
0.0
 11
  6.5000
 21
 17.8000
 31
0.0
 0
TEXT
 8
PARTS
 10
  6.5900
 20
 17.7750
 30
0.0
 40
  0.0500
 1
+Vin
 0
TEXT
 8
PARTS
 10
  6.4000
 20
 17.8300
 30
0.0
 40
  0.0500
 1
5
 0
LINE
 8
PARTS
 10
  6.2000
 20
 17.3000
 30
0.0
 11
  6.5000
 21
 17.3000
 31
0.0
 0
TEXT
 8
PARTS
 10
  6.5900
 20
 17.2750
 30
0.0
 40
  0.0500
 1
Rg1
 0
TEXT
 8
PARTS
 10
  6.4000
 20
 17.3300
 30
0.0
 40
  0.0500
 1
2
 0
LINE
 8
PARTS
 10
  6.2000
 20
 16.8000
 30
0.0
 11
  6.5000
 21
 16.8000
 31
0.0
 0
TEXT
 8
PARTS
 10
  6.5900
 20
 16.7750
 30
0.0
 40
  0.0500
 1
Rg2
 0
TEXT
 8
PARTS
 10
  6.3600
 20
 16.8300
 30
0.0
 40
  0.0500
 1
15
 0
LINE
 8
PARTS
 10
  7.4000
 20
 18.4000
 30
0.0
 11
  7.4000
 21
 18.1000
 31
0.0
 0
TEXT
 8
PARTS
 10
  7.3750
 20
 18.0100
 30
0.0
 40
  0.0500
 50
270.0000
 1
+V
 0
TEXT
 8
PARTS
 10
  7.4300
 20
 18.2400
 30
0.0
 40
  0.0500
 50
270.0000
 1
13
 0
CIRCLE
 8
PARTS
 10
  7.4000
 20
 16.0700
 30
0.0
 40
  0.0300
 0
LINE
 8
PARTS
 10
  7.4000
 20
 15.8000
 30
0.0
 11
  7.4000
 21
 16.0400
 31
0.0
 0
TEXT
 8
PARTS
 10
  7.3750
 20
 16.2700
 30
0.0
 40
  0.0500
 50
270.0000
 1
-V
 0
TEXT
 8
PARTS
 10
  7.4300
 20
 15.9800
 30
0.0
 40
  0.0500
 50
270.0000
 1
7
 0
LINE
 8
PARTS
 10
  8.2000
 20
 17.6000
 30
0.0
 11
  7.9000
 21
 17.6000
 31
0.0
 0
TEXT
 8
PARTS
 10
  7.4900
 20
 17.5750
 30
0.0
 40
  0.0500
 1
Feedback
 0
TEXT
 8
PARTS
 10
  7.9600
 20
 17.6300
 30
0.0
 40
  0.0500
 1
12
 0
POLYLINE
 8
PARTS
 66
1
 10
0.0
 20
0.0
 30
0.0
 0
VERTEX
 8
PARTS
 10
  7.7000
 20
 17.1000
 30
0.0
 0
VERTEX
 8
PARTS
 10
  7.3000
 20
 17.5000
 30
0.0
 0
SEQEND
 8
PARTS
 0
POLYLINE
 8
PARTS
 66
1
 10
0.0
 20
0.0
 30
0.0
 0
VERTEX
 8
PARTS
 10
  7.7000
 20
 17.1000
 30
0.0
 0
VERTEX
 8
PARTS
 10
  7.3000
 20
 16.7000
 30
0.0
 0
SEQEND
 8
PARTS
 0
POLYLINE
 8
PARTS
 66
1
 10
0.0
 20
0.0
 30
0.0
 0
VERTEX
 8
PARTS
 10
  7.3000
 20
 16.7000
 30
0.0
 0
VERTEX
 8
PARTS
 10
  7.3000
 20
 17.5000
 30
0.0
 0
SEQEND
 8
PARTS
 0
POLYLINE
 8
PARTS
 66
1
 10
0.0
 20
0.0
 30
0.0
 0
VERTEX
 8
PARTS
 10
  7.1000
 20
 16.6000
 30
0.0
 0
VERTEX
 8
PARTS
 10
  6.7000
 20
 16.2000
 30
0.0
 0
SEQEND
 8
PARTS
 0
POLYLINE
 8
PARTS
 66
1
 10
0.0
 20
0.0
 30
0.0
 0
VERTEX
 8
PARTS
 10
  7.1000
 20
 17.6000
 30
0.0
 0
VERTEX
 8
PARTS
 10
  6.7000
 20
 17.2000
 30
0.0
 0
SEQEND
 8
PARTS
 0
POLYLINE
 8
PARTS
 66
1
 10
0.0
 20
0.0
 30
0.0
 0
VERTEX
 8
PARTS
 10
  7.1000
 20
 17.6000
 30
0.0
 0
VERTEX
 8
PARTS
 10
  6.7000
 20
 18.0000
 30
0.0
 0
SEQEND
 8
PARTS
 0
POLYLINE
 8
PARTS
 66
1
 10
0.0
 20
0.0
 30
0.0
 0
VERTEX
 8
PARTS
 10
  7.1000
 20
 16.6000
 30
0.0
 0
VERTEX
 8
PARTS
 10
  6.7000
 20
 17.0000
 30
0.0
 0
SEQEND
 8
PARTS
 0
POLYLINE
 8
PARTS
 66
1
 10
0.0
 20
0.0
 30
0.0
 0
VERTEX
 8
PARTS
 10
  6.7000
 20
 17.2000
 30
0.0
 0
VERTEX
 8
PARTS
 10
  6.7000
 20
 18.0000
 30
0.0
 0
SEQEND
 8
PARTS
 0
POLYLINE
 8
PARTS
 66
1
 10
0.0
 20
0.0
 30
0.0
 0
VERTEX
 8
PARTS
 10
  6.7000
 20
 16.2000
 30
0.0
 0
VERTEX
 8
PARTS
 10
  6.7000
 20
 17.0000
 30
0.0
 0
SEQEND
 8
PARTS
 0
POLYLINE
 8
PARTS
 66
1
 10
0.0
 20
0.0
 30
0.0
 0
VERTEX
 8
PARTS
 10
  6.7000
 20
 17.8000
 30
0.0
 0
VERTEX
 8
PARTS
 10
  6.5000
 20
 17.8000
 30
0.0
 0
SEQEND
 8
PARTS
 0
POLYLINE
 8
PARTS
 66
1
 10
0.0
 20
0.0
 30
0.0
 0
VERTEX
 8
PARTS
 10
  6.7000
 20
 16.8000
 30
0.0
 0
VERTEX
 8
PARTS
 10
  6.5000
 20
 16.8000
 30
0.0
 0
SEQEND
 8
PARTS
 0
POLYLINE
 8
PARTS
 66
1
 10
0.0
 20
0.0
 30
0.0
 0
VERTEX
 8
PARTS
 10
  6.7000
 20
 16.3000
 30
0.0
 0
VERTEX
 8
PARTS
 10
  6.5000
 20
 16.3000
 30
0.0
 0
SEQEND
 8
PARTS
 0
POLYLINE
 8
PARTS
 66
1
 10
0.0
 20
0.0
 30
0.0
 0
VERTEX
 8
PARTS
 10
  6.7000
 20
 17.3000
 30
0.0
 0
VERTEX
 8
PARTS
 10
  6.5000
 20
 17.3000
 30
0.0
 0
SEQEND
 8
PARTS
 0
POLYLINE
 8
PARTS
 66
1
 10
0.0
 20
0.0
 30
0.0
 0
VERTEX
 8
PARTS
 10
  7.9000
 20
 17.1000
 30
0.0
 0
VERTEX
 8
PARTS
 10
  7.7000
 20
 17.1000
 30
0.0
 0
SEQEND
 8
PARTS
 0
POLYLINE
 8
PARTS
 66
1
 70
1
 10
0.0
 20
0.0
 30
0.0
 0
VERTEX
 8
PARTS
 10
  6.5000
 20
 18.1000
 30
0.0
 0
VERTEX
 8
PARTS
 10
  7.9000
 20
 18.1000
 30
0.0
 0
VERTEX
 8
PARTS
 10
  7.9000
 20
 16.1000
 30
0.0
 0
VERTEX
 8
PARTS
 10
  6.5000
 20
 16.1000
 30
0.0
 0
SEQEND
 8
PARTS
 0
POLYLINE
 8
PARTS
 66
1
 10
0.0
 20
0.0
 30
0.0
 0
VERTEX
 8
PARTS
 10
  7.1000
 20
 17.6000
 30
0.0
 0
VERTEX
 8
PARTS
 10
  7.2000
 20
 17.6000
 30
0.0
 0
SEQEND
 8
PARTS
 0
POLYLINE
 8
PARTS
 66
1
 10
0.0
 20
0.0
 30
0.0
 0
VERTEX
 8
PARTS
 10
  7.2000
 20
 17.6000
 30
0.0
 0
VERTEX
 8
PARTS
 10
  7.2000
 20
 17.3000
 30
0.0
 0
SEQEND
 8
PARTS
 0
POLYLINE
 8
PARTS
 66
1
 10
0.0
 20
0.0
 30
0.0
 0
VERTEX
 8
PARTS
 10
  7.1000
 20
 16.6000
 30
0.0
 0
VERTEX
 8
PARTS
 10
  7.2000
 20
 16.6000
 30
0.0
 0
SEQEND
 8
PARTS
 0
POLYLINE
 8
PARTS
 66
1
 10
0.0
 20
0.0
 30
0.0
 0
VERTEX
 8
PARTS
 10
  7.2000
 20
 16.6000
 30
0.0
 0
VERTEX
 8
PARTS
 10
  7.2000
 20
 16.9000
 30
0.0
 0
SEQEND
 8
PARTS
 0
POLYLINE
 8
PARTS
 66
1
 10
0.0
 20
0.0
 30
0.0
 0
VERTEX
 8
PARTS
 10
  7.2000
 20
 17.3000
 30
0.0
 0
VERTEX
 8
PARTS
 10
  7.3000
 20
 17.3000
 30
0.0
 0
SEQEND
 8
PARTS
 0
POLYLINE
 8
PARTS
 66
1
 10
0.0
 20
0.0
 30
0.0
 0
VERTEX
 8
PARTS
 10
  7.2000
 20
 16.9000
 30
0.0
 0
VERTEX
 8
PARTS
 10
  7.3000
 20
 16.9000
 30
0.0
 0
SEQEND
 8
PARTS
 0
TEXT
 8
PARTTEXT
 10
  4.9000
 20
 11.5186
 30
0.0
 40
  0.0514
 1
R31
 0
TEXT
 8
PARTTEXT
 10
  4.9000
 20
 11.3186
 30
0.0
 40
  0.0514
 1
20k
 0
LINE
 8
PARTS
 10
  4.8000
 20
 11.2000
 30
0.0
 11
  4.8000
 21
 11.3000
 31
0.0
 0
TEXT
 8
PARTS
 10
  4.8300
 20
 11.1800
 30
0.0
 40
  0.0500
 50
270.0000
 1
1
 0
LINE
 8
PARTS
 10
  4.8000
 20
 11.7000
 30
0.0
 11
  4.8000
 21
 11.6000
 31
0.0
 0
TEXT
 8
PARTS
 10
  4.8300
 20
 11.7000
 30
0.0
 40
  0.0500
 50
270.0000
 1
2
 0
POLYLINE
 8
PARTS
 66
1
 10
0.0
 20
0.0
 30
0.0
 0
VERTEX
 8
PARTS
 10
  4.8000
 20
 11.3000
 30
0.0
 0
VERTEX
 8
PARTS
 10
  4.7700
 20
 11.3300
 30
0.0
 0
SEQEND
 8
PARTS
 0
POLYLINE
 8
PARTS
 66
1
 10
0.0
 20
0.0
 30
0.0
 0
VERTEX
 8
PARTS
 10
  4.7700
 20
 11.3300
 30
0.0
 0
VERTEX
 8
PARTS
 10
  4.8300
 20
 11.3900
 30
0.0
 0
SEQEND
 8
PARTS
 0
POLYLINE
 8
PARTS
 66
1
 10
0.0
 20
0.0
 30
0.0
 0
VERTEX
 8
PARTS
 10
  4.8300
 20
 11.3900
 30
0.0
 0
VERTEX
 8
PARTS
 10
  4.7700
 20
 11.4500
 30
0.0
 0
SEQEND
 8
PARTS
 0
POLYLINE
 8
PARTS
 66
1
 10
0.0
 20
0.0
 30
0.0
 0
VERTEX
 8
PARTS
 10
  4.7700
 20
 11.4500
 30
0.0
 0
VERTEX
 8
PARTS
 10
  4.8300
 20
 11.5100
 30
0.0
 0
SEQEND
 8
PARTS
 0
POLYLINE
 8
PARTS
 66
1
 10
0.0
 20
0.0
 30
0.0
 0
VERTEX
 8
PARTS
 10
  4.8300
 20
 11.5100
 30
0.0
 0
VERTEX
 8
PARTS
 10
  4.7700
 20
 11.5700
 30
0.0
 0
SEQEND
 8
PARTS
 0
POLYLINE
 8
PARTS
 66
1
 10
0.0
 20
0.0
 30
0.0
 0
VERTEX
 8
PARTS
 10
  4.7700
 20
 11.5700
 30
0.0
 0
VERTEX
 8
PARTS
 10
  4.8000
 20
 11.6000
 30
0.0
 0
SEQEND
 8
PARTS
 0
TEXT
 8
PARTTEXT
 10
  5.9000
 20
  7.0186
 30
0.0
 40
  0.0514
 1
R41
 0
TEXT
 8
PARTTEXT
 10
  5.6000
 20
  6.9186
 30
0.0
 40
  0.0514
 1
Not    Populated
 0
LINE
 8
PARTS
 10
  5.8000
 20
  6.2000
 30
0.0
 11
  5.8000
 21
  6.3000
 31
0.0
 0
TEXT
 8
PARTS
 10
  5.8300
 20
  6.1800
 30
0.0
 40
  0.0500
 50
270.0000
 1
1
 0
LINE
 8
PARTS
 10
  5.8000
 20
  6.7000
 30
0.0
 11
  5.8000
 21
  6.6000
 31
0.0
 0
TEXT
 8
PARTS
 10
  5.8300
 20
  6.7000
 30
0.0
 40
  0.0500
 50
270.0000
 1
2
 0
LINE
 8
PARTS
 10
  5.7000
 20
  6.2000
 30
0.0
 11
  5.7000
 21
  6.3000
 31
0.0
 0
TEXT
 8
PARTS
 10
  5.7300
 20
  6.1800
 30
0.0
 40
  0.0500
 50
270.0000
 1
3
 0
LINE
 8
PARTS
 10
  5.7000
 20
  6.7000
 30
0.0
 11
  5.7000
 21
  6.6000
 31
0.0
 0
TEXT
 8
PARTS
 10
  5.7300
 20
  6.7000
 30
0.0
 40
  0.0500
 50
270.0000
 1
4
 0
POLYLINE
 8
PARTS
 66
1
 10
0.0
 20
0.0
 30
0.0
 0
VERTEX
 8
PARTS
 10
  5.8000
 20
  6.3000
 30
0.0
 0
VERTEX
 8
PARTS
 10
  5.7700
 20
  6.3300
 30
0.0
 0
SEQEND
 8
PARTS
 0
POLYLINE
 8
PARTS
 66
1
 10
0.0
 20
0.0
 30
0.0
 0
VERTEX
 8
PARTS
 10
  5.7700
 20
  6.3300
 30
0.0
 0
VERTEX
 8
PARTS
 10
  5.8300
 20
  6.3900
 30
0.0
 0
SEQEND
 8
PARTS
 0
POLYLINE
 8
PARTS
 66
1
 10
0.0
 20
0.0
 30
0.0
 0
VERTEX
 8
PARTS
 10
  5.8300
 20
  6.3900
 30
0.0
 0
VERTEX
 8
PARTS
 10
  5.7700
 20
  6.4500
 30
0.0
 0
SEQEND
 8
PARTS
 0
POLYLINE
 8
PARTS
 66
1
 10
0.0
 20
0.0
 30
0.0
 0
VERTEX
 8
PARTS
 10
  5.7700
 20
  6.4500
 30
0.0
 0
VERTEX
 8
PARTS
 10
  5.8300
 20
  6.5100
 30
0.0
 0
SEQEND
 8
PARTS
 0
POLYLINE
 8
PARTS
 66
1
 10
0.0
 20
0.0
 30
0.0
 0
VERTEX
 8
PARTS
 10
  5.8300
 20
  6.5100
 30
0.0
 0
VERTEX
 8
PARTS
 10
  5.7700
 20
  6.5700
 30
0.0
 0
SEQEND
 8
PARTS
 0
POLYLINE
 8
PARTS
 66
1
 10
0.0
 20
0.0
 30
0.0
 0
VERTEX
 8
PARTS
 10
  5.7700
 20
  6.5700
 30
0.0
 0
VERTEX
 8
PARTS
 10
  5.8000
 20
  6.6000
 30
0.0
 0
SEQEND
 8
PARTS
 0
POLYLINE
 8
PARTS
 66
1
 10
0.0
 20
0.0
 30
0.0
 0
VERTEX
 8
PARTS
 10
  5.7000
 20
  6.3000
 30
0.0
 0
VERTEX
 8
PARTS
 10
  5.6700
 20
  6.3300
 30
0.0
 0
SEQEND
 8
PARTS
 0
POLYLINE
 8
PARTS
 66
1
 10
0.0
 20
0.0
 30
0.0
 0
VERTEX
 8
PARTS
 10
  5.6700
 20
  6.3300
 30
0.0
 0
VERTEX
 8
PARTS
 10
  5.7300
 20
  6.3900
 30
0.0
 0
SEQEND
 8
PARTS
 0
POLYLINE
 8
PARTS
 66
1
 10
0.0
 20
0.0
 30
0.0
 0
VERTEX
 8
PARTS
 10
  5.7300
 20
  6.3900
 30
0.0
 0
VERTEX
 8
PARTS
 10
  5.6700
 20
  6.4500
 30
0.0
 0
SEQEND
 8
PARTS
 0
POLYLINE
 8
PARTS
 66
1
 10
0.0
 20
0.0
 30
0.0
 0
VERTEX
 8
PARTS
 10
  5.6700
 20
  6.4500
 30
0.0
 0
VERTEX
 8
PARTS
 10
  5.7300
 20
  6.5100
 30
0.0
 0
SEQEND
 8
PARTS
 0
POLYLINE
 8
PARTS
 66
1
 10
0.0
 20
0.0
 30
0.0
 0
VERTEX
 8
PARTS
 10
  5.7300
 20
  6.5100
 30
0.0
 0
VERTEX
 8
PARTS
 10
  5.6700
 20
  6.5700
 30
0.0
 0
SEQEND
 8
PARTS
 0
POLYLINE
 8
PARTS
 66
1
 10
0.0
 20
0.0
 30
0.0
 0
VERTEX
 8
PARTS
 10
  5.6700
 20
  6.5700
 30
0.0
 0
VERTEX
 8
PARTS
 10
  5.7000
 20
  6.6000
 30
0.0
 0
SEQEND
 8
PARTS
 0
POLYLINE
 8
PARTS
 66
1
 70
1
 10
0.0
 20
0.0
 30
0.0
 0
VERTEX
 8
PARTS
 10
  5.8600
 20
  6.4500
 30
0.0
 42
  0.0985
 0
VERTEX
 8
PARTS
 10
  5.8524
 20
  6.4883
 30
0.0
 42
  0.0985
 0
VERTEX
 8
PARTS
 10
  5.8307
 20
  6.5207
 30
0.0
 42
  0.0985
 0
VERTEX
 8
PARTS
 10
  5.7983
 20
  6.5424
 30
0.0
 42
  0.0985
 0
VERTEX
 8
PARTS
 10
  5.7600
 20
  6.5500
 30
0.0
 42
  0.0985
 0
VERTEX
 8
PARTS
 10
  5.7217
 20
  6.5424
 30
0.0
 42
  0.0985
 0
VERTEX
 8
PARTS
 10
  5.6893
 20
  6.5207
 30
0.0
 42
  0.0985
 0
VERTEX
 8
PARTS
 10
  5.6676
 20
  6.4883
 30
0.0
 42
  0.0985
 0
VERTEX
 8
PARTS
 10
  5.6600
 20
  6.4500
 30
0.0
 42
  0.0985
 0
VERTEX
 8
PARTS
 10
  5.6676
 20
  6.4117
 30
0.0
 42
  0.0985
 0
VERTEX
 8
PARTS
 10
  5.6893
 20
  6.3793
 30
0.0
 42
  0.0985
 0
VERTEX
 8
PARTS
 10
  5.7217
 20
  6.3576
 30
0.0
 42
  0.0985
 0
VERTEX
 8
PARTS
 10
  5.7600
 20
  6.3500
 30
0.0
 42
  0.0985
 0
VERTEX
 8
PARTS
 10
  5.7983
 20
  6.3576
 30
0.0
 42
  0.0985
 0
VERTEX
 8
PARTS
 10
  5.8307
 20
  6.3793
 30
0.0
 42
  0.0985
 0
VERTEX
 8
PARTS
 10
  5.8524
 20
  6.4117
 30
0.0
 42
  0.0985
 0
SEQEND
 8
PARTS
 0
POLYLINE
 8
PARTS
 66
1
 70
1
 10
0.0
 20
0.0
 30
0.0
 0
VERTEX
 8
PARTS
 10
  5.7000
 20
  6.3500
 30
0.0
 42
  0.0000
 0
VERTEX
 8
PARTS
 10
  5.7000
 20
  6.3691
 30
0.0
 42
  0.0000
 0
VERTEX
 8
PARTS
 10
  5.7000
 20
  6.3854
 30
0.0
 42
  0.0000
 0
VERTEX
 8
PARTS
 10
  5.7000
 20
  6.3962
 30
0.0
 42
  0.0000
 0
VERTEX
 8
PARTS
 10
  5.7000
 20
  6.4000
 30
0.0
 42
  0.0000
 0
VERTEX
 8
PARTS
 10
  5.7000
 20
  6.3962
 30
0.0
 42
  0.0000
 0
VERTEX
 8
PARTS
 10
  5.7000
 20
  6.3854
 30
0.0
 42
  0.0000
 0
VERTEX
 8
PARTS
 10
  5.7000
 20
  6.3691
 30
0.0
 42
  0.0000
 0
VERTEX
 8
PARTS
 10
  5.7000
 20
  6.3500
 30
0.0
 42
  0.0000
 0
VERTEX
 8
PARTS
 10
  5.7000
 20
  6.3309
 30
0.0
 42
  0.0000
 0
VERTEX
 8
PARTS
 10
  5.7000
 20
  6.3146
 30
0.0
 42
  0.0000
 0
VERTEX
 8
PARTS
 10
  5.7000
 20
  6.3038
 30
0.0
 42
  0.0000
 0
VERTEX
 8
PARTS
 10
  5.7000
 20
  6.3000
 30
0.0
 42
  0.0000
 0
VERTEX
 8
PARTS
 10
  5.7000
 20
  6.3038
 30
0.0
 42
  0.0000
 0
VERTEX
 8
PARTS
 10
  5.7000
 20
  6.3146
 30
0.0
 42
  0.0000
 0
VERTEX
 8
PARTS
 10
  5.7000
 20
  6.3309
 30
0.0
 42
  0.0000
 0
SEQEND
 8
PARTS
 0
TEXT
 8
PARTTEXT
 10
  7.0000
 20
  4.9186
 30
0.0
 40
  0.0514
 1
C40
 0
TEXT
 8
PARTTEXT
 10
  7.0000
 20
  4.8186
 30
0.0
 40
  0.0514
 1
.01uF
 0
LINE
 8
PARTS
 10
  6.8000
 20
  4.8000
 30
0.0
 11
  6.8000
 21
  4.9000
 31
0.0
 0
TEXT
 8
PARTS
 10
  6.8300
 20
  4.7800
 30
0.0
 40
  0.0500
 50
270.0000
 1
1
 0
LINE
 8
PARTS
 10
  6.8000
 20
  5.1000
 30
0.0
 11
  6.8000
 21
  5.0000
 31
0.0
 0
TEXT
 8
PARTS
 10
  6.8300
 20
  5.1000
 30
0.0
 40
  0.0500
 50
270.0000
 1
2
 0
POLYLINE
 8
PARTS
 66
1
 10
0.0
 20
0.0
 30
0.0
 0
VERTEX
 8
PARTS
 10
  6.9000
 20
  4.9000
 30
0.0
 0
VERTEX
 8
PARTS
 10
  6.7000
 20
  4.9000
 30
0.0
 0
SEQEND
 8
PARTS
 0
POLYLINE
 8
PARTS
 66
1
 10
0.0
 20
0.0
 30
0.0
 0
VERTEX
 8
PARTS
 10
  6.8000
 20
  4.9400
 30
0.0
 0
VERTEX
 8
PARTS
 10
  6.8000
 20
  5.0000
 30
0.0
 0
SEQEND
 8
PARTS
 0
POLYLINE
 8
PARTS
 66
1
 10
0.0
 20
0.0
 30
0.0
 0
VERTEX
 8
PARTS
 10
  6.7000
 20
  4.9700
 30
0.0
 42
  0.1654
 0
VERTEX
 8
PARTS
 10
  6.8000
 20
  4.9400
 30
0.0
 0
SEQEND
 8
PARTS
 0
POLYLINE
 8
PARTS
 66
1
 10
0.0
 20
0.0
 30
0.0
 0
VERTEX
 8
PARTS
 10
  6.8000
 20
  4.9400
 30
0.0
 42
  0.1654
 0
VERTEX
 8
PARTS
 10
  6.9000
 20
  4.9700
 30
0.0
 0
SEQEND
 8
PARTS
 0
TEXT
 8
PARTTEXT
 10
 24.4000
 20
 16.1186
 30
0.0
 40
  0.0514
 1
R16
 0
TEXT
 8
PARTTEXT
 10
 24.4000
 20
 15.9186
 30
0.0
 40
  0.0514
 1
20k
 0
LINE
 8
PARTS
 10
 24.3000
 20
 15.8000
 30
0.0
 11
 24.3000
 21
 15.9000
 31
0.0
 0
TEXT
 8
PARTS
 10
 24.3300
 20
 15.7800
 30
0.0
 40
  0.0500
 50
270.0000
 1
1
 0
LINE
 8
PARTS
 10
 24.3000
 20
 16.3000
 30
0.0
 11
 24.3000
 21
 16.2000
 31
0.0
 0
TEXT
 8
PARTS
 10
 24.3300
 20
 16.3000
 30
0.0
 40
  0.0500
 50
270.0000
 1
2
 0
POLYLINE
 8
PARTS
 66
1
 10
0.0
 20
0.0
 30
0.0
 0
VERTEX
 8
PARTS
 10
 24.3000
 20
 15.9000
 30
0.0
 0
VERTEX
 8
PARTS
 10
 24.2700
 20
 15.9300
 30
0.0
 0
SEQEND
 8
PARTS
 0
POLYLINE
 8
PARTS
 66
1
 10
0.0
 20
0.0
 30
0.0
 0
VERTEX
 8
PARTS
 10
 24.2700
 20
 15.9300
 30
0.0
 0
VERTEX
 8
PARTS
 10
 24.3300
 20
 15.9900
 30
0.0
 0
SEQEND
 8
PARTS
 0
POLYLINE
 8
PARTS
 66
1
 10
0.0
 20
0.0
 30
0.0
 0
VERTEX
 8
PARTS
 10
 24.3300
 20
 15.9900
 30
0.0
 0
VERTEX
 8
PARTS
 10
 24.2700
 20
 16.0500
 30
0.0
 0
SEQEND
 8
PARTS
 0
POLYLINE
 8
PARTS
 66
1
 10
0.0
 20
0.0
 30
0.0
 0
VERTEX
 8
PARTS
 10
 24.2700
 20
 16.0500
 30
0.0
 0
VERTEX
 8
PARTS
 10
 24.3300
 20
 16.1100
 30
0.0
 0
SEQEND
 8
PARTS
 0
POLYLINE
 8
PARTS
 66
1
 10
0.0
 20
0.0
 30
0.0
 0
VERTEX
 8
PARTS
 10
 24.3300
 20
 16.1100
 30
0.0
 0
VERTEX
 8
PARTS
 10
 24.2700
 20
 16.1700
 30
0.0
 0
SEQEND
 8
PARTS
 0
POLYLINE
 8
PARTS
 66
1
 10
0.0
 20
0.0
 30
0.0
 0
VERTEX
 8
PARTS
 10
 24.2700
 20
 16.1700
 30
0.0
 0
VERTEX
 8
PARTS
 10
 24.3000
 20
 16.2000
 30
0.0
 0
SEQEND
 8
PARTS
 0
TEXT
 8
PARTTEXT
 10
 25.3000
 20
 11.9186
 30
0.0
 40
  0.0514
 1
R29
 0
TEXT
 8
PARTTEXT
 10
 25.0000
 20
 11.8186
 30
0.0
 40
  0.0514
 1
Not    Populated
 0
LINE
 8
PARTS
 10
 25.2000
 20
 11.1000
 30
0.0
 11
 25.2000
 21
 11.2000
 31
0.0
 0
TEXT
 8
PARTS
 10
 25.2300
 20
 11.0800
 30
0.0
 40
  0.0500
 50
270.0000
 1
1
 0
LINE
 8
PARTS
 10
 25.2000
 20
 11.6000
 30
0.0
 11
 25.2000
 21
 11.5000
 31
0.0
 0
TEXT
 8
PARTS
 10
 25.2300
 20
 11.6000
 30
0.0
 40
  0.0500
 50
270.0000
 1
2
 0
LINE
 8
PARTS
 10
 25.1000
 20
 11.1000
 30
0.0
 11
 25.1000
 21
 11.2000
 31
0.0
 0
TEXT
 8
PARTS
 10
 25.1300
 20
 11.0800
 30
0.0
 40
  0.0500
 50
270.0000
 1
3
 0
LINE
 8
PARTS
 10
 25.1000
 20
 11.6000
 30
0.0
 11
 25.1000
 21
 11.5000
 31
0.0
 0
TEXT
 8
PARTS
 10
 25.1300
 20
 11.6000
 30
0.0
 40
  0.0500
 50
270.0000
 1
4
 0
POLYLINE
 8
PARTS
 66
1
 10
0.0
 20
0.0
 30
0.0
 0
VERTEX
 8
PARTS
 10
 25.2000
 20
 11.2000
 30
0.0
 0
VERTEX
 8
PARTS
 10
 25.1700
 20
 11.2300
 30
0.0
 0
SEQEND
 8
PARTS
 0
POLYLINE
 8
PARTS
 66
1
 10
0.0
 20
0.0
 30
0.0
 0
VERTEX
 8
PARTS
 10
 25.1700
 20
 11.2300
 30
0.0
 0
VERTEX
 8
PARTS
 10
 25.2300
 20
 11.2900
 30
0.0
 0
SEQEND
 8
PARTS
 0
POLYLINE
 8
PARTS
 66
1
 10
0.0
 20
0.0
 30
0.0
 0
VERTEX
 8
PARTS
 10
 25.2300
 20
 11.2900
 30
0.0
 0
VERTEX
 8
PARTS
 10
 25.1700
 20
 11.3500
 30
0.0
 0
SEQEND
 8
PARTS
 0
POLYLINE
 8
PARTS
 66
1
 10
0.0
 20
0.0
 30
0.0
 0
VERTEX
 8
PARTS
 10
 25.1700
 20
 11.3500
 30
0.0
 0
VERTEX
 8
PARTS
 10
 25.2300
 20
 11.4100
 30
0.0
 0
SEQEND
 8
PARTS
 0
POLYLINE
 8
PARTS
 66
1
 10
0.0
 20
0.0
 30
0.0
 0
VERTEX
 8
PARTS
 10
 25.2300
 20
 11.4100
 30
0.0
 0
VERTEX
 8
PARTS
 10
 25.1700
 20
 11.4700
 30
0.0
 0
SEQEND
 8
PARTS
 0
POLYLINE
 8
PARTS
 66
1
 10
0.0
 20
0.0
 30
0.0
 0
VERTEX
 8
PARTS
 10
 25.1700
 20
 11.4700
 30
0.0
 0
VERTEX
 8
PARTS
 10
 25.2000
 20
 11.5000
 30
0.0
 0
SEQEND
 8
PARTS
 0
POLYLINE
 8
PARTS
 66
1
 10
0.0
 20
0.0
 30
0.0
 0
VERTEX
 8
PARTS
 10
 25.1000
 20
 11.2000
 30
0.0
 0
VERTEX
 8
PARTS
 10
 25.0700
 20
 11.2300
 30
0.0
 0
SEQEND
 8
PARTS
 0
POLYLINE
 8
PARTS
 66
1
 10
0.0
 20
0.0
 30
0.0
 0
VERTEX
 8
PARTS
 10
 25.0700
 20
 11.2300
 30
0.0
 0
VERTEX
 8
PARTS
 10
 25.1300
 20
 11.2900
 30
0.0
 0
SEQEND
 8
PARTS
 0
POLYLINE
 8
PARTS
 66
1
 10
0.0
 20
0.0
 30
0.0
 0
VERTEX
 8
PARTS
 10
 25.1300
 20
 11.2900
 30
0.0
 0
VERTEX
 8
PARTS
 10
 25.0700
 20
 11.3500
 30
0.0
 0
SEQEND
 8
PARTS
 0
POLYLINE
 8
PARTS
 66
1
 10
0.0
 20
0.0
 30
0.0
 0
VERTEX
 8
PARTS
 10
 25.0700
 20
 11.3500
 30
0.0
 0
VERTEX
 8
PARTS
 10
 25.1300
 20
 11.4100
 30
0.0
 0
SEQEND
 8
PARTS
 0
POLYLINE
 8
PARTS
 66
1
 10
0.0
 20
0.0
 30
0.0
 0
VERTEX
 8
PARTS
 10
 25.1300
 20
 11.4100
 30
0.0
 0
VERTEX
 8
PARTS
 10
 25.0700
 20
 11.4700
 30
0.0
 0
SEQEND
 8
PARTS
 0
POLYLINE
 8
PARTS
 66
1
 10
0.0
 20
0.0
 30
0.0
 0
VERTEX
 8
PARTS
 10
 25.0700
 20
 11.4700
 30
0.0
 0
VERTEX
 8
PARTS
 10
 25.1000
 20
 11.5000
 30
0.0
 0
SEQEND
 8
PARTS
 0
POLYLINE
 8
PARTS
 66
1
 70
1
 10
0.0
 20
0.0
 30
0.0
 0
VERTEX
 8
PARTS
 10
 25.2600
 20
 11.3500
 30
0.0
 42
  0.0985
 0
VERTEX
 8
PARTS
 10
 25.2524
 20
 11.3883
 30
0.0
 42
  0.0985
 0
VERTEX
 8
PARTS
 10
 25.2307
 20
 11.4207
 30
0.0
 42
  0.0985
 0
VERTEX
 8
PARTS
 10
 25.1983
 20
 11.4424
 30
0.0
 42
  0.0985
 0
VERTEX
 8
PARTS
 10
 25.1600
 20
 11.4500
 30
0.0
 42
  0.0985
 0
VERTEX
 8
PARTS
 10
 25.1217
 20
 11.4424
 30
0.0
 42
  0.0985
 0
VERTEX
 8
PARTS
 10
 25.0893
 20
 11.4207
 30
0.0
 42
  0.0985
 0
VERTEX
 8
PARTS
 10
 25.0676
 20
 11.3883
 30
0.0
 42
  0.0985
 0
VERTEX
 8
PARTS
 10
 25.0600
 20
 11.3500
 30
0.0
 42
  0.0985
 0
VERTEX
 8
PARTS
 10
 25.0676
 20
 11.3117
 30
0.0
 42
  0.0985
 0
VERTEX
 8
PARTS
 10
 25.0893
 20
 11.2793
 30
0.0
 42
  0.0985
 0
VERTEX
 8
PARTS
 10
 25.1217
 20
 11.2576
 30
0.0
 42
  0.0985
 0
VERTEX
 8
PARTS
 10
 25.1600
 20
 11.2500
 30
0.0
 42
  0.0985
 0
VERTEX
 8
PARTS
 10
 25.1983
 20
 11.2576
 30
0.0
 42
  0.0985
 0
VERTEX
 8
PARTS
 10
 25.2307
 20
 11.2793
 30
0.0
 42
  0.0985
 0
VERTEX
 8
PARTS
 10
 25.2524
 20
 11.3117
 30
0.0
 42
  0.0985
 0
SEQEND
 8
PARTS
 0
POLYLINE
 8
PARTS
 66
1
 70
1
 10
0.0
 20
0.0
 30
0.0
 0
VERTEX
 8
PARTS
 10
 25.1000
 20
 11.2500
 30
0.0
 42
  0.0000
 0
VERTEX
 8
PARTS
 10
 25.1000
 20
 11.2691
 30
0.0
 42
  0.0000
 0
VERTEX
 8
PARTS
 10
 25.1000
 20
 11.2854
 30
0.0
 42
  0.0000
 0
VERTEX
 8
PARTS
 10
 25.1000
 20
 11.2962
 30
0.0
 42
  0.0000
 0
VERTEX
 8
PARTS
 10
 25.1000
 20
 11.3000
 30
0.0
 42
  0.0000
 0
VERTEX
 8
PARTS
 10
 25.1000
 20
 11.2962
 30
0.0
 42
  0.0000
 0
VERTEX
 8
PARTS
 10
 25.1000
 20
 11.2854
 30
0.0
 42
  0.0000
 0
VERTEX
 8
PARTS
 10
 25.1000
 20
 11.2691
 30
0.0
 42
  0.0000
 0
VERTEX
 8
PARTS
 10
 25.1000
 20
 11.2500
 30
0.0
 42
  0.0000
 0
VERTEX
 8
PARTS
 10
 25.1000
 20
 11.2309
 30
0.0
 42
  0.0000
 0
VERTEX
 8
PARTS
 10
 25.1000
 20
 11.2146
 30
0.0
 42
  0.0000
 0
VERTEX
 8
PARTS
 10
 25.1000
 20
 11.2038
 30
0.0
 42
  0.0000
 0
VERTEX
 8
PARTS
 10
 25.1000
 20
 11.2000
 30
0.0
 42
  0.0000
 0
VERTEX
 8
PARTS
 10
 25.1000
 20
 11.2038
 30
0.0
 42
  0.0000
 0
VERTEX
 8
PARTS
 10
 25.1000
 20
 11.2146
 30
0.0
 42
  0.0000
 0
VERTEX
 8
PARTS
 10
 25.1000
 20
 11.2309
 30
0.0
 42
  0.0000
 0
SEQEND
 8
PARTS
 0
TEXT
 8
PARTTEXT
 10
  0.5000
 20
 12.5186
 30
0.0
 40
  0.0514
 1
J4
 0
TEXT
 8
PARTTEXT
 10
  0.4000
 20
 12.4186
 30
0.0
 40
  0.0514
 1
BNCdualport
 0
LINE
 8
PARTS
 10
  1.0000
 20
 12.0000
 30
0.0
 11
  0.7000
 21
 12.0000
 31
0.0
 0
TEXT
 8
PARTS
 10
  0.7600
 20
 12.0300
 30
0.0
 40
  0.0500
 1
1
 0
LINE
 8
PARTS
 10
  0.8000
 20
 12.2000
 30
0.0
 11
  0.7000
 21
 12.2000
 31
0.0
 0
TEXT
 8
PARTS
 10
  0.7600
 20
 12.2300
 30
0.0
 40
  0.0500
 1
2
 0
LINE
 8
PARTS
 10
  1.0000
 20
 11.9000
 30
0.0
 11
  0.7000
 21
 11.9000
 31
0.0
 0
TEXT
 8
PARTS
 10
  0.7600
 20
 11.9300
 30
0.0
 40
  0.0500
 1
3
 0
LINE
 8
PARTS
 10
  0.8000
 20
 11.7000
 30
0.0
 11
  0.7000
 21
 11.7000
 31
0.0
 0
TEXT
 8
PARTS
 10
  0.7600
 20
 11.7300
 30
0.0
 40
  0.0500
 1
4
 0
LINE
 8
PARTS
 10
  0.3000
 20
 11.8000
 30
0.0
 11
  0.4000
 21
 11.8000
 31
0.0
 0
TEXT
 8
PARTS
 10
  0.3000
 20
 11.8300
 30
0.0
 40
  0.0500
 1
5
 0
LINE
 8
PARTS
 10
  0.3000
 20
 12.1000
 30
0.0
 11
  0.4000
 21
 12.1000
 31
0.0
 0
TEXT
 8
PARTS
 10
  0.3000
 20
 12.1300
 30
0.0
 40
  0.0500
 1
6
 0
POLYLINE
 8
PARTS
 66
1
 70
1
 10
0.0
 20
0.0
 30
0.0
 0
VERTEX
 8
PARTS
 10
  0.6300
 20
 12.2000
 30
0.0
 42
  0.0985
 0
VERTEX
 8
PARTS
 10
  0.6277
 20
 12.2115
 30
0.0
 42
  0.0985
 0
VERTEX
 8
PARTS
 10
  0.6212
 20
 12.2212
 30
0.0
 42
  0.0985
 0
VERTEX
 8
PARTS
 10
  0.6115
 20
 12.2277
 30
0.0
 42
  0.0985
 0
VERTEX
 8
PARTS
 10
  0.6000
 20
 12.2300
 30
0.0
 42
  0.0985
 0
VERTEX
 8
PARTS
 10
  0.5885
 20
 12.2277
 30
0.0
 42
  0.0985
 0
VERTEX
 8
PARTS
 10
  0.5788
 20
 12.2212
 30
0.0
 42
  0.0985
 0
VERTEX
 8
PARTS
 10
  0.5723
 20
 12.2115
 30
0.0
 42
  0.0985
 0
VERTEX
 8
PARTS
 10
  0.5700
 20
 12.2000
 30
0.0
 42
  0.0985
 0
VERTEX
 8
PARTS
 10
  0.5723
 20
 12.1885
 30
0.0
 42
  0.0985
 0
VERTEX
 8
PARTS
 10
  0.5788
 20
 12.1788
 30
0.0
 42
  0.0985
 0
VERTEX
 8
PARTS
 10
  0.5885
 20
 12.1723
 30
0.0
 42
  0.0985
 0
VERTEX
 8
PARTS
 10
  0.6000
 20
 12.1700
 30
0.0
 42
  0.0985
 0
VERTEX
 8
PARTS
 10
  0.6115
 20
 12.1723
 30
0.0
 42
  0.0985
 0
VERTEX
 8
PARTS
 10
  0.6212
 20
 12.1788
 30
0.0
 42
  0.0985
 0
VERTEX
 8
PARTS
 10
  0.6277
 20
 12.1885
 30
0.0
 42
  0.0985
 0
SEQEND
 8
PARTS
 0
POLYLINE
 8
PARTS
 66
1
 10
0.0
 20
0.0
 30
0.0
 0
VERTEX
 8
PARTS
 10
  0.7000
 20
 12.2000
 30
0.0
 0
VERTEX
 8
PARTS
 10
  0.6300
 20
 12.2000
 30
0.0
 0
SEQEND
 8
PARTS
 0
POLYLINE
 8
PARTS
 66
1
 70
1
 10
0.0
 20
0.0
 30
0.0
 0
VERTEX
 8
PARTS
 10
  0.7000
 20
 12.2000
 30
0.0
 42
  0.0985
 0
VERTEX
 8
PARTS
 10
  0.6924
 20
 12.2383
 30
0.0
 42
  0.0985
 0
VERTEX
 8
PARTS
 10
  0.6707
 20
 12.2707
 30
0.0
 42
  0.0985
 0
VERTEX
 8
PARTS
 10
  0.6383
 20
 12.2924
 30
0.0
 42
  0.0985
 0
VERTEX
 8
PARTS
 10
  0.6000
 20
 12.3000
 30
0.0
 42
  0.0985
 0
VERTEX
 8
PARTS
 10
  0.5617
 20
 12.2924
 30
0.0
 42
  0.0985
 0
VERTEX
 8
PARTS
 10
  0.5293
 20
 12.2707
 30
0.0
 42
  0.0985
 0
VERTEX
 8
PARTS
 10
  0.5076
 20
 12.2383
 30
0.0
 42
  0.0985
 0
VERTEX
 8
PARTS
 10
  0.5000
 20
 12.2000
 30
0.0
 42
  0.0985
 0
VERTEX
 8
PARTS
 10
  0.5076
 20
 12.1617
 30
0.0
 42
  0.0985
 0
VERTEX
 8
PARTS
 10
  0.5293
 20
 12.1293
 30
0.0
 42
  0.0985
 0
VERTEX
 8
PARTS
 10
  0.5617
 20
 12.1076
 30
0.0
 42
  0.0985
 0
VERTEX
 8
PARTS
 10
  0.6000
 20
 12.1000
 30
0.0
 42
  0.0985
 0
VERTEX
 8
PARTS
 10
  0.6383
 20
 12.1076
 30
0.0
 42
  0.0985
 0
VERTEX
 8
PARTS
 10
  0.6707
 20
 12.1293
 30
0.0
 42
  0.0985
 0
VERTEX
 8
PARTS
 10
  0.6924
 20
 12.1617
 30
0.0
 42
  0.0985
 0
SEQEND
 8
PARTS
 0
POLYLINE
 8
PARTS
 66
1
 70
1
 10
0.0
 20
0.0
 30
0.0
 0
VERTEX
 8
PARTS
 10
  0.7000
 20
 11.7000
 30
0.0
 42
  0.0985
 0
VERTEX
 8
PARTS
 10
  0.6924
 20
 11.7383
 30
0.0
 42
  0.0985
 0
VERTEX
 8
PARTS
 10
  0.6707
 20
 11.7707
 30
0.0
 42
  0.0985
 0
VERTEX
 8
PARTS
 10
  0.6383
 20
 11.7924
 30
0.0
 42
  0.0985
 0
VERTEX
 8
PARTS
 10
  0.6000
 20
 11.8000
 30
0.0
 42
  0.0985
 0
VERTEX
 8
PARTS
 10
  0.5617
 20
 11.7924
 30
0.0
 42
  0.0985
 0
VERTEX
 8
PARTS
 10
  0.5293
 20
 11.7707
 30
0.0
 42
  0.0985
 0
VERTEX
 8
PARTS
 10
  0.5076
 20
 11.7383
 30
0.0
 42
  0.0985
 0
VERTEX
 8
PARTS
 10
  0.5000
 20
 11.7000
 30
0.0
 42
  0.0985
 0
VERTEX
 8
PARTS
 10
  0.5076
 20
 11.6617
 30
0.0
 42
  0.0985
 0
VERTEX
 8
PARTS
 10
  0.5293
 20
 11.6293
 30
0.0
 42
  0.0985
 0
VERTEX
 8
PARTS
 10
  0.5617
 20
 11.6076
 30
0.0
 42
  0.0985
 0
VERTEX
 8
PARTS
 10
  0.6000
 20
 11.6000
 30
0.0
 42
  0.0985
 0
VERTEX
 8
PARTS
 10
  0.6383
 20
 11.6076
 30
0.0
 42
  0.0985
 0
VERTEX
 8
PARTS
 10
  0.6707
 20
 11.6293
 30
0.0
 42
  0.0985
 0
VERTEX
 8
PARTS
 10
  0.6924
 20
 11.6617
 30
0.0
 42
  0.0985
 0
SEQEND
 8
PARTS
 0
POLYLINE
 8
PARTS
 66
1
 10
0.0
 20
0.0
 30
0.0
 0
VERTEX
 8
PARTS
 10
  0.7000
 20
 12.0000
 30
0.0
 0
VERTEX
 8
PARTS
 10
  0.7000
 20
 12.0000
 30
0.0
 0
VERTEX
 8
PARTS
 10
  0.6000
 20
 12.0000
 30
0.0
 0
SEQEND
 8
PARTS
 0
POLYLINE
 8
PARTS
 66
1
 10
0.0
 20
0.0
 30
0.0
 0
VERTEX
 8
PARTS
 10
  0.7000
 20
 11.9000
 30
0.0
 0
VERTEX
 8
PARTS
 10
  0.7000
 20
 11.9000
 30
0.0
 0
VERTEX
 8
PARTS
 10
  0.6000
 20
 11.9000
 30
0.0
 0
VERTEX
 8
PARTS
 10
  0.6000
 20
 11.8000
 30
0.0
 0
SEQEND
 8
PARTS
 0
POLYLINE
 8
PARTS
 66
1
 10
0.0
 20
0.0
 30
0.0
 0
VERTEX
 8
PARTS
 10
  0.6000
 20
 12.0000
 30
0.0
 0
VERTEX
 8
PARTS
 10
  0.6000
 20
 12.0000
 30
0.0
 0
VERTEX
 8
PARTS
 10
  0.6000
 20
 12.1000
 30
0.0
 0
SEQEND
 8
PARTS
 0
POLYLINE
 8
PARTS
 66
1
 70
1
 10
0.0
 20
0.0
 30
0.0
 0
VERTEX
 8
PARTS
 10
  0.6300
 20
 11.7000
 30
0.0
 42
  0.0985
 0
VERTEX
 8
PARTS
 10
  0.6277
 20
 11.7115
 30
0.0
 42
  0.0985
 0
VERTEX
 8
PARTS
 10
  0.6212
 20
 11.7212
 30
0.0
 42
  0.0985
 0
VERTEX
 8
PARTS
 10
  0.6115
 20
 11.7277
 30
0.0
 42
  0.0985
 0
VERTEX
 8
PARTS
 10
  0.6000
 20
 11.7300
 30
0.0
 42
  0.0985
 0
VERTEX
 8
PARTS
 10
  0.5885
 20
 11.7277
 30
0.0
 42
  0.0985
 0
VERTEX
 8
PARTS
 10
  0.5788
 20
 11.7212
 30
0.0
 42
  0.0985
 0
VERTEX
 8
PARTS
 10
  0.5723
 20
 11.7115
 30
0.0
 42
  0.0985
 0
VERTEX
 8
PARTS
 10
  0.5700
 20
 11.7000
 30
0.0
 42
  0.0985
 0
VERTEX
 8
PARTS
 10
  0.5723
 20
 11.6885
 30
0.0
 42
  0.0985
 0
VERTEX
 8
PARTS
 10
  0.5788
 20
 11.6788
 30
0.0
 42
  0.0985
 0
VERTEX
 8
PARTS
 10
  0.5885
 20
 11.6723
 30
0.0
 42
  0.0985
 0
VERTEX
 8
PARTS
 10
  0.6000
 20
 11.6700
 30
0.0
 42
  0.0985
 0
VERTEX
 8
PARTS
 10
  0.6115
 20
 11.6723
 30
0.0
 42
  0.0985
 0
VERTEX
 8
PARTS
 10
  0.6212
 20
 11.6788
 30
0.0
 42
  0.0985
 0
VERTEX
 8
PARTS
 10
  0.6277
 20
 11.6885
 30
0.0
 42
  0.0985
 0
SEQEND
 8
PARTS
 0
POLYLINE
 8
PARTS
 66
1
 10
0.0
 20
0.0
 30
0.0
 0
VERTEX
 8
PARTS
 10
  0.7000
 20
 11.7000
 30
0.0
 0
VERTEX
 8
PARTS
 10
  0.6000
 20
 11.7000
 30
0.0
 0
SEQEND
 8
PARTS
 0
POLYLINE
 8
PARTS
 66
1
 70
1
 10
0.0
 20
0.0
 30
0.0
 0
VERTEX
 8
PARTS
 10
  0.4000
 20
 12.3000
 30
0.0
 0
VERTEX
 8
PARTS
 10
  0.7000
 20
 12.3000
 30
0.0
 0
VERTEX
 8
PARTS
 10
  0.7000
 20
 11.6000
 30
0.0
 0
VERTEX
 8
PARTS
 10
  0.4000
 20
 11.6000
 30
0.0
 0
SEQEND
 8
PARTS
 0
TEXT
 8
PARTTEXT
 10
  1.5000
 20
  7.0186
 30
0.0
 40
  0.0514
 1
J7
 0
TEXT
 8
PARTTEXT
 10
  1.4000
 20
  6.9186
 30
0.0
 40
  0.0514
 1
BNCdualport
 0
LINE
 8
PARTS
 10
  2.0000
 20
  6.5000
 30
0.0
 11
  1.7000
 21
  6.5000
 31
0.0
 0
TEXT
 8
PARTS
 10
  1.7600
 20
  6.5300
 30
0.0
 40
  0.0500
 1
1
 0
LINE
 8
PARTS
 10
  1.8000
 20
  6.7000
 30
0.0
 11
  1.7000
 21
  6.7000
 31
0.0
 0
TEXT
 8
PARTS
 10
  1.7600
 20
  6.7300
 30
0.0
 40
  0.0500
 1
2
 0
LINE
 8
PARTS
 10
  2.0000
 20
  6.4000
 30
0.0
 11
  1.7000
 21
  6.4000
 31
0.0
 0
TEXT
 8
PARTS
 10
  1.7600
 20
  6.4300
 30
0.0
 40
  0.0500
 1
3
 0
LINE
 8
PARTS
 10
  1.8000
 20
  6.2000
 30
0.0
 11
  1.7000
 21
  6.2000
 31
0.0
 0
TEXT
 8
PARTS
 10
  1.7600
 20
  6.2300
 30
0.0
 40
  0.0500
 1
4
 0
LINE
 8
PARTS
 10
  1.3000
 20
  6.3000
 30
0.0
 11
  1.4000
 21
  6.3000
 31
0.0
 0
TEXT
 8
PARTS
 10
  1.3000
 20
  6.3300
 30
0.0
 40
  0.0500
 1
5
 0
LINE
 8
PARTS
 10
  1.3000
 20
  6.6000
 30
0.0
 11
  1.4000
 21
  6.6000
 31
0.0
 0
TEXT
 8
PARTS
 10
  1.3000
 20
  6.6300
 30
0.0
 40
  0.0500
 1
6
 0
POLYLINE
 8
PARTS
 66
1
 70
1
 10
0.0
 20
0.0
 30
0.0
 0
VERTEX
 8
PARTS
 10
  1.6300
 20
  6.7000
 30
0.0
 42
  0.0985
 0
VERTEX
 8
PARTS
 10
  1.6277
 20
  6.7115
 30
0.0
 42
  0.0985
 0
VERTEX
 8
PARTS
 10
  1.6212
 20
  6.7212
 30
0.0
 42
  0.0985
 0
VERTEX
 8
PARTS
 10
  1.6115
 20
  6.7277
 30
0.0
 42
  0.0985
 0
VERTEX
 8
PARTS
 10
  1.6000
 20
  6.7300
 30
0.0
 42
  0.0985
 0
VERTEX
 8
PARTS
 10
  1.5885
 20
  6.7277
 30
0.0
 42
  0.0985
 0
VERTEX
 8
PARTS
 10
  1.5788
 20
  6.7212
 30
0.0
 42
  0.0985
 0
VERTEX
 8
PARTS
 10
  1.5723
 20
  6.7115
 30
0.0
 42
  0.0985
 0
VERTEX
 8
PARTS
 10
  1.5700
 20
  6.7000
 30
0.0
 42
  0.0985
 0
VERTEX
 8
PARTS
 10
  1.5723
 20
  6.6885
 30
0.0
 42
  0.0985
 0
VERTEX
 8
PARTS
 10
  1.5788
 20
  6.6788
 30
0.0
 42
  0.0985
 0
VERTEX
 8
PARTS
 10
  1.5885
 20
  6.6723
 30
0.0
 42
  0.0985
 0
VERTEX
 8
PARTS
 10
  1.6000
 20
  6.6700
 30
0.0
 42
  0.0985
 0
VERTEX
 8
PARTS
 10
  1.6115
 20
  6.6723
 30
0.0
 42
  0.0985
 0
VERTEX
 8
PARTS
 10
  1.6212
 20
  6.6788
 30
0.0
 42
  0.0985
 0
VERTEX
 8
PARTS
 10
  1.6277
 20
  6.6885
 30
0.0
 42
  0.0985
 0
SEQEND
 8
PARTS
 0
POLYLINE
 8
PARTS
 66
1
 10
0.0
 20
0.0
 30
0.0
 0
VERTEX
 8
PARTS
 10
  1.7000
 20
  6.7000
 30
0.0
 0
VERTEX
 8
PARTS
 10
  1.6300
 20
  6.7000
 30
0.0
 0
SEQEND
 8
PARTS
 0
POLYLINE
 8
PARTS
 66
1
 70
1
 10
0.0
 20
0.0
 30
0.0
 0
VERTEX
 8
PARTS
 10
  1.7000
 20
  6.7000
 30
0.0
 42
  0.0985
 0
VERTEX
 8
PARTS
 10
  1.6924
 20
  6.7383
 30
0.0
 42
  0.0985
 0
VERTEX
 8
PARTS
 10
  1.6707
 20
  6.7707
 30
0.0
 42
  0.0985
 0
VERTEX
 8
PARTS
 10
  1.6383
 20
  6.7924
 30
0.0
 42
  0.0985
 0
VERTEX
 8
PARTS
 10
  1.6000
 20
  6.8000
 30
0.0
 42
  0.0985
 0
VERTEX
 8
PARTS
 10
  1.5617
 20
  6.7924
 30
0.0
 42
  0.0985
 0
VERTEX
 8
PARTS
 10
  1.5293
 20
  6.7707
 30
0.0
 42
  0.0985
 0
VERTEX
 8
PARTS
 10
  1.5076
 20
  6.7383
 30
0.0
 42
  0.0985
 0
VERTEX
 8
PARTS
 10
  1.5000
 20
  6.7000
 30
0.0
 42
  0.0985
 0
VERTEX
 8
PARTS
 10
  1.5076
 20
  6.6617
 30
0.0
 42
  0.0985
 0
VERTEX
 8
PARTS
 10
  1.5293
 20
  6.6293
 30
0.0
 42
  0.0985
 0
VERTEX
 8
PARTS
 10
  1.5617
 20
  6.6076
 30
0.0
 42
  0.0985
 0
VERTEX
 8
PARTS
 10
  1.6000
 20
  6.6000
 30
0.0
 42
  0.0985
 0
VERTEX
 8
PARTS
 10
  1.6383
 20
  6.6076
 30
0.0
 42
  0.0985
 0
VERTEX
 8
PARTS
 10
  1.6707
 20
  6.6293
 30
0.0
 42
  0.0985
 0
VERTEX
 8
PARTS
 10
  1.6924
 20
  6.6617
 30
0.0
 42
  0.0985
 0
SEQEND
 8
PARTS
 0
POLYLINE
 8
PARTS
 66
1
 70
1
 10
0.0
 20
0.0
 30
0.0
 0
VERTEX
 8
PARTS
 10
  1.7000
 20
  6.2000
 30
0.0
 42
  0.0985
 0
VERTEX
 8
PARTS
 10
  1.6924
 20
  6.2383
 30
0.0
 42
  0.0985
 0
VERTEX
 8
PARTS
 10
  1.6707
 20
  6.2707
 30
0.0
 42
  0.0985
 0
VERTEX
 8
PARTS
 10
  1.6383
 20
  6.2924
 30
0.0
 42
  0.0985
 0
VERTEX
 8
PARTS
 10
  1.6000
 20
  6.3000
 30
0.0
 42
  0.0985
 0
VERTEX
 8
PARTS
 10
  1.5617
 20
  6.2924
 30
0.0
 42
  0.0985
 0
VERTEX
 8
PARTS
 10
  1.5293
 20
  6.2707
 30
0.0
 42
  0.0985
 0
VERTEX
 8
PARTS
 10
  1.5076
 20
  6.2383
 30
0.0
 42
  0.0985
 0
VERTEX
 8
PARTS
 10
  1.5000
 20
  6.2000
 30
0.0
 42
  0.0985
 0
VERTEX
 8
PARTS
 10
  1.5076
 20
  6.1617
 30
0.0
 42
  0.0985
 0
VERTEX
 8
PARTS
 10
  1.5293
 20
  6.1293
 30
0.0
 42
  0.0985
 0
VERTEX
 8
PARTS
 10
  1.5617
 20
  6.1076
 30
0.0
 42
  0.0985
 0
VERTEX
 8
PARTS
 10
  1.6000
 20
  6.1000
 30
0.0
 42
  0.0985
 0
VERTEX
 8
PARTS
 10
  1.6383
 20
  6.1076
 30
0.0
 42
  0.0985
 0
VERTEX
 8
PARTS
 10
  1.6707
 20
  6.1293
 30
0.0
 42
  0.0985
 0
VERTEX
 8
PARTS
 10
  1.6924
 20
  6.1617
 30
0.0
 42
  0.0985
 0
SEQEND
 8
PARTS
 0
POLYLINE
 8
PARTS
 66
1
 10
0.0
 20
0.0
 30
0.0
 0
VERTEX
 8
PARTS
 10
  1.7000
 20
  6.5000
 30
0.0
 0
VERTEX
 8
PARTS
 10
  1.7000
 20
  6.5000
 30
0.0
 0
VERTEX
 8
PARTS
 10
  1.6000
 20
  6.5000
 30
0.0
 0
SEQEND
 8
PARTS
 0
POLYLINE
 8
PARTS
 66
1
 10
0.0
 20
0.0
 30
0.0
 0
VERTEX
 8
PARTS
 10
  1.7000
 20
  6.4000
 30
0.0
 0
VERTEX
 8
PARTS
 10
  1.7000
 20
  6.4000
 30
0.0
 0
VERTEX
 8
PARTS
 10
  1.6000
 20
  6.4000
 30
0.0
 0
VERTEX
 8
PARTS
 10
  1.6000
 20
  6.3000
 30
0.0
 0
SEQEND
 8
PARTS
 0
POLYLINE
 8
PARTS
 66
1
 10
0.0
 20
0.0
 30
0.0
 0
VERTEX
 8
PARTS
 10
  1.6000
 20
  6.5000
 30
0.0
 0
VERTEX
 8
PARTS
 10
  1.6000
 20
  6.5000
 30
0.0
 0
VERTEX
 8
PARTS
 10
  1.6000
 20
  6.6000
 30
0.0
 0
SEQEND
 8
PARTS
 0
POLYLINE
 8
PARTS
 66
1
 70
1
 10
0.0
 20
0.0
 30
0.0
 0
VERTEX
 8
PARTS
 10
  1.6300
 20
  6.2000
 30
0.0
 42
  0.0985
 0
VERTEX
 8
PARTS
 10
  1.6277
 20
  6.2115
 30
0.0
 42
  0.0985
 0
VERTEX
 8
PARTS
 10
  1.6212
 20
  6.2212
 30
0.0
 42
  0.0985
 0
VERTEX
 8
PARTS
 10
  1.6115
 20
  6.2277
 30
0.0
 42
  0.0985
 0
VERTEX
 8
PARTS
 10
  1.6000
 20
  6.2300
 30
0.0
 42
  0.0985
 0
VERTEX
 8
PARTS
 10
  1.5885
 20
  6.2277
 30
0.0
 42
  0.0985
 0
VERTEX
 8
PARTS
 10
  1.5788
 20
  6.2212
 30
0.0
 42
  0.0985
 0
VERTEX
 8
PARTS
 10
  1.5723
 20
  6.2115
 30
0.0
 42
  0.0985
 0
VERTEX
 8
PARTS
 10
  1.5700
 20
  6.2000
 30
0.0
 42
  0.0985
 0
VERTEX
 8
PARTS
 10
  1.5723
 20
  6.1885
 30
0.0
 42
  0.0985
 0
VERTEX
 8
PARTS
 10
  1.5788
 20
  6.1788
 30
0.0
 42
  0.0985
 0
VERTEX
 8
PARTS
 10
  1.5885
 20
  6.1723
 30
0.0
 42
  0.0985
 0
VERTEX
 8
PARTS
 10
  1.6000
 20
  6.1700
 30
0.0
 42
  0.0985
 0
VERTEX
 8
PARTS
 10
  1.6115
 20
  6.1723
 30
0.0
 42
  0.0985
 0
VERTEX
 8
PARTS
 10
  1.6212
 20
  6.1788
 30
0.0
 42
  0.0985
 0
VERTEX
 8
PARTS
 10
  1.6277
 20
  6.1885
 30
0.0
 42
  0.0985
 0
SEQEND
 8
PARTS
 0
POLYLINE
 8
PARTS
 66
1
 10
0.0
 20
0.0
 30
0.0
 0
VERTEX
 8
PARTS
 10
  1.7000
 20
  6.2000
 30
0.0
 0
VERTEX
 8
PARTS
 10
  1.6000
 20
  6.2000
 30
0.0
 0
SEQEND
 8
PARTS
 0
POLYLINE
 8
PARTS
 66
1
 70
1
 10
0.0
 20
0.0
 30
0.0
 0
VERTEX
 8
PARTS
 10
  1.4000
 20
  6.8000
 30
0.0
 0
VERTEX
 8
PARTS
 10
  1.7000
 20
  6.8000
 30
0.0
 0
VERTEX
 8
PARTS
 10
  1.7000
 20
  6.1000
 30
0.0
 0
VERTEX
 8
PARTS
 10
  1.4000
 20
  6.1000
 30
0.0
 0
SEQEND
 8
PARTS
 0
TEXT
 8
PARTTEXT
 10
 10.5000
 20
 17.4186
 30
0.0
 40
  0.0514
 1
J2
 0
TEXT
 8
PARTTEXT
 10
 10.4000
 20
 17.3186
 30
0.0
 40
  0.0514
 1
BNCdualport
 0
LINE
 8
PARTS
 10
 11.0000
 20
 16.9000
 30
0.0
 11
 10.7000
 21
 16.9000
 31
0.0
 0
TEXT
 8
PARTS
 10
 10.7600
 20
 16.9300
 30
0.0
 40
  0.0500
 1
1
 0
LINE
 8
PARTS
 10
 10.8000
 20
 17.1000
 30
0.0
 11
 10.7000
 21
 17.1000
 31
0.0
 0
TEXT
 8
PARTS
 10
 10.7600
 20
 17.1300
 30
0.0
 40
  0.0500
 1
2
 0
LINE
 8
PARTS
 10
 11.0000
 20
 16.8000
 30
0.0
 11
 10.7000
 21
 16.8000
 31
0.0
 0
TEXT
 8
PARTS
 10
 10.7600
 20
 16.8300
 30
0.0
 40
  0.0500
 1
3
 0
LINE
 8
PARTS
 10
 10.8000
 20
 16.6000
 30
0.0
 11
 10.7000
 21
 16.6000
 31
0.0
 0
TEXT
 8
PARTS
 10
 10.7600
 20
 16.6300
 30
0.0
 40
  0.0500
 1
4
 0
LINE
 8
PARTS
 10
 10.3000
 20
 16.7000
 30
0.0
 11
 10.4000
 21
 16.7000
 31
0.0
 0
TEXT
 8
PARTS
 10
 10.3000
 20
 16.7300
 30
0.0
 40
  0.0500
 1
5
 0
LINE
 8
PARTS
 10
 10.3000
 20
 17.0000
 30
0.0
 11
 10.4000
 21
 17.0000
 31
0.0
 0
TEXT
 8
PARTS
 10
 10.3000
 20
 17.0300
 30
0.0
 40
  0.0500
 1
6
 0
POLYLINE
 8
PARTS
 66
1
 70
1
 10
0.0
 20
0.0
 30
0.0
 0
VERTEX
 8
PARTS
 10
 10.6300
 20
 17.1000
 30
0.0
 42
  0.0985
 0
VERTEX
 8
PARTS
 10
 10.6277
 20
 17.1115
 30
0.0
 42
  0.0985
 0
VERTEX
 8
PARTS
 10
 10.6212
 20
 17.1212
 30
0.0
 42
  0.0985
 0
VERTEX
 8
PARTS
 10
 10.6115
 20
 17.1277
 30
0.0
 42
  0.0985
 0
VERTEX
 8
PARTS
 10
 10.6000
 20
 17.1300
 30
0.0
 42
  0.0985
 0
VERTEX
 8
PARTS
 10
 10.5885
 20
 17.1277
 30
0.0
 42
  0.0985
 0
VERTEX
 8
PARTS
 10
 10.5788
 20
 17.1212
 30
0.0
 42
  0.0985
 0
VERTEX
 8
PARTS
 10
 10.5723
 20
 17.1115
 30
0.0
 42
  0.0985
 0
VERTEX
 8
PARTS
 10
 10.5700
 20
 17.1000
 30
0.0
 42
  0.0985
 0
VERTEX
 8
PARTS
 10
 10.5723
 20
 17.0885
 30
0.0
 42
  0.0985
 0
VERTEX
 8
PARTS
 10
 10.5788
 20
 17.0788
 30
0.0
 42
  0.0985
 0
VERTEX
 8
PARTS
 10
 10.5885
 20
 17.0723
 30
0.0
 42
  0.0985
 0
VERTEX
 8
PARTS
 10
 10.6000
 20
 17.0700
 30
0.0
 42
  0.0985
 0
VERTEX
 8
PARTS
 10
 10.6115
 20
 17.0723
 30
0.0
 42
  0.0985
 0
VERTEX
 8
PARTS
 10
 10.6212
 20
 17.0788
 30
0.0
 42
  0.0985
 0
VERTEX
 8
PARTS
 10
 10.6277
 20
 17.0885
 30
0.0
 42
  0.0985
 0
SEQEND
 8
PARTS
 0
POLYLINE
 8
PARTS
 66
1
 10
0.0
 20
0.0
 30
0.0
 0
VERTEX
 8
PARTS
 10
 10.7000
 20
 17.1000
 30
0.0
 0
VERTEX
 8
PARTS
 10
 10.6300
 20
 17.1000
 30
0.0
 0
SEQEND
 8
PARTS
 0
POLYLINE
 8
PARTS
 66
1
 70
1
 10
0.0
 20
0.0
 30
0.0
 0
VERTEX
 8
PARTS
 10
 10.7000
 20
 17.1000
 30
0.0
 42
  0.0985
 0
VERTEX
 8
PARTS
 10
 10.6924
 20
 17.1383
 30
0.0
 42
  0.0985
 0
VERTEX
 8
PARTS
 10
 10.6707
 20
 17.1707
 30
0.0
 42
  0.0985
 0
VERTEX
 8
PARTS
 10
 10.6383
 20
 17.1924
 30
0.0
 42
  0.0985
 0
VERTEX
 8
PARTS
 10
 10.6000
 20
 17.2000
 30
0.0
 42
  0.0985
 0
VERTEX
 8
PARTS
 10
 10.5617
 20
 17.1924
 30
0.0
 42
  0.0985
 0
VERTEX
 8
PARTS
 10
 10.5293
 20
 17.1707
 30
0.0
 42
  0.0985
 0
VERTEX
 8
PARTS
 10
 10.5076
 20
 17.1383
 30
0.0
 42
  0.0985
 0
VERTEX
 8
PARTS
 10
 10.5000
 20
 17.1000
 30
0.0
 42
  0.0985
 0
VERTEX
 8
PARTS
 10
 10.5076
 20
 17.0617
 30
0.0
 42
  0.0985
 0
VERTEX
 8
PARTS
 10
 10.5293
 20
 17.0293
 30
0.0
 42
  0.0985
 0
VERTEX
 8
PARTS
 10
 10.5617
 20
 17.0076
 30
0.0
 42
  0.0985
 0
VERTEX
 8
PARTS
 10
 10.6000
 20
 17.0000
 30
0.0
 42
  0.0985
 0
VERTEX
 8
PARTS
 10
 10.6383
 20
 17.0076
 30
0.0
 42
  0.0985
 0
VERTEX
 8
PARTS
 10
 10.6707
 20
 17.0293
 30
0.0
 42
  0.0985
 0
VERTEX
 8
PARTS
 10
 10.6924
 20
 17.0617
 30
0.0
 42
  0.0985
 0
SEQEND
 8
PARTS
 0
POLYLINE
 8
PARTS
 66
1
 70
1
 10
0.0
 20
0.0
 30
0.0
 0
VERTEX
 8
PARTS
 10
 10.7000
 20
 16.6000
 30
0.0
 42
  0.0985
 0
VERTEX
 8
PARTS
 10
 10.6924
 20
 16.6383
 30
0.0
 42
  0.0985
 0
VERTEX
 8
PARTS
 10
 10.6707
 20
 16.6707
 30
0.0
 42
  0.0985
 0
VERTEX
 8
PARTS
 10
 10.6383
 20
 16.6924
 30
0.0
 42
  0.0985
 0
VERTEX
 8
PARTS
 10
 10.6000
 20
 16.7000
 30
0.0
 42
  0.0985
 0
VERTEX
 8
PARTS
 10
 10.5617
 20
 16.6924
 30
0.0
 42
  0.0985
 0
VERTEX
 8
PARTS
 10
 10.5293
 20
 16.6707
 30
0.0
 42
  0.0985
 0
VERTEX
 8
PARTS
 10
 10.5076
 20
 16.6383
 30
0.0
 42
  0.0985
 0
VERTEX
 8
PARTS
 10
 10.5000
 20
 16.6000
 30
0.0
 42
  0.0985
 0
VERTEX
 8
PARTS
 10
 10.5076
 20
 16.5617
 30
0.0
 42
  0.0985
 0
VERTEX
 8
PARTS
 10
 10.5293
 20
 16.5293
 30
0.0
 42
  0.0985
 0
VERTEX
 8
PARTS
 10
 10.5617
 20
 16.5076
 30
0.0
 42
  0.0985
 0
VERTEX
 8
PARTS
 10
 10.6000
 20
 16.5000
 30
0.0
 42
  0.0985
 0
VERTEX
 8
PARTS
 10
 10.6383
 20
 16.5076
 30
0.0
 42
  0.0985
 0
VERTEX
 8
PARTS
 10
 10.6707
 20
 16.5293
 30
0.0
 42
  0.0985
 0
VERTEX
 8
PARTS
 10
 10.6924
 20
 16.5617
 30
0.0
 42
  0.0985
 0
SEQEND
 8
PARTS
 0
POLYLINE
 8
PARTS
 66
1
 10
0.0
 20
0.0
 30
0.0
 0
VERTEX
 8
PARTS
 10
 10.7000
 20
 16.9000
 30
0.0
 0
VERTEX
 8
PARTS
 10
 10.7000
 20
 16.9000
 30
0.0
 0
VERTEX
 8
PARTS
 10
 10.6000
 20
 16.9000
 30
0.0
 0
SEQEND
 8
PARTS
 0
POLYLINE
 8
PARTS
 66
1
 10
0.0
 20
0.0
 30
0.0
 0
VERTEX
 8
PARTS
 10
 10.7000
 20
 16.8000
 30
0.0
 0
VERTEX
 8
PARTS
 10
 10.7000
 20
 16.8000
 30
0.0
 0
VERTEX
 8
PARTS
 10
 10.6000
 20
 16.8000
 30
0.0
 0
VERTEX
 8
PARTS
 10
 10.6000
 20
 16.7000
 30
0.0
 0
SEQEND
 8
PARTS
 0
POLYLINE
 8
PARTS
 66
1
 10
0.0
 20
0.0
 30
0.0
 0
VERTEX
 8
PARTS
 10
 10.6000
 20
 16.9000
 30
0.0
 0
VERTEX
 8
PARTS
 10
 10.6000
 20
 16.9000
 30
0.0
 0
VERTEX
 8
PARTS
 10
 10.6000
 20
 17.0000
 30
0.0
 0
SEQEND
 8
PARTS
 0
POLYLINE
 8
PARTS
 66
1
 70
1
 10
0.0
 20
0.0
 30
0.0
 0
VERTEX
 8
PARTS
 10
 10.6300
 20
 16.6000
 30
0.0
 42
  0.0985
 0
VERTEX
 8
PARTS
 10
 10.6277
 20
 16.6115
 30
0.0
 42
  0.0985
 0
VERTEX
 8
PARTS
 10
 10.6212
 20
 16.6212
 30
0.0
 42
  0.0985
 0
VERTEX
 8
PARTS
 10
 10.6115
 20
 16.6277
 30
0.0
 42
  0.0985
 0
VERTEX
 8
PARTS
 10
 10.6000
 20
 16.6300
 30
0.0
 42
  0.0985
 0
VERTEX
 8
PARTS
 10
 10.5885
 20
 16.6277
 30
0.0
 42
  0.0985
 0
VERTEX
 8
PARTS
 10
 10.5788
 20
 16.6212
 30
0.0
 42
  0.0985
 0
VERTEX
 8
PARTS
 10
 10.5723
 20
 16.6115
 30
0.0
 42
  0.0985
 0
VERTEX
 8
PARTS
 10
 10.5700
 20
 16.6000
 30
0.0
 42
  0.0985
 0
VERTEX
 8
PARTS
 10
 10.5723
 20
 16.5885
 30
0.0
 42
  0.0985
 0
VERTEX
 8
PARTS
 10
 10.5788
 20
 16.5788
 30
0.0
 42
  0.0985
 0
VERTEX
 8
PARTS
 10
 10.5885
 20
 16.5723
 30
0.0
 42
  0.0985
 0
VERTEX
 8
PARTS
 10
 10.6000
 20
 16.5700
 30
0.0
 42
  0.0985
 0
VERTEX
 8
PARTS
 10
 10.6115
 20
 16.5723
 30
0.0
 42
  0.0985
 0
VERTEX
 8
PARTS
 10
 10.6212
 20
 16.5788
 30
0.0
 42
  0.0985
 0
VERTEX
 8
PARTS
 10
 10.6277
 20
 16.5885
 30
0.0
 42
  0.0985
 0
SEQEND
 8
PARTS
 0
POLYLINE
 8
PARTS
 66
1
 10
0.0
 20
0.0
 30
0.0
 0
VERTEX
 8
PARTS
 10
 10.7000
 20
 16.6000
 30
0.0
 0
VERTEX
 8
PARTS
 10
 10.6000
 20
 16.6000
 30
0.0
 0
SEQEND
 8
PARTS
 0
POLYLINE
 8
PARTS
 66
1
 70
1
 10
0.0
 20
0.0
 30
0.0
 0
VERTEX
 8
PARTS
 10
 10.4000
 20
 17.2000
 30
0.0
 0
VERTEX
 8
PARTS
 10
 10.7000
 20
 17.2000
 30
0.0
 0
VERTEX
 8
PARTS
 10
 10.7000
 20
 16.5000
 30
0.0
 0
VERTEX
 8
PARTS
 10
 10.4000
 20
 16.5000
 30
0.0
 0
SEQEND
 8
PARTS
 0
TEXT
 8
PARTTEXT
 10
 10.5000
 20
 12.1186
 30
0.0
 40
  0.0514
 1
J5
 0
TEXT
 8
PARTTEXT
 10
 10.4000
 20
 12.0186
 30
0.0
 40
  0.0514
 1
BNCdualport
 0
LINE
 8
PARTS
 10
 11.0000
 20
 11.6000
 30
0.0
 11
 10.7000
 21
 11.6000
 31
0.0
 0
TEXT
 8
PARTS
 10
 10.7600
 20
 11.6300
 30
0.0
 40
  0.0500
 1
1
 0
LINE
 8
PARTS
 10
 10.8000
 20
 11.8000
 30
0.0
 11
 10.7000
 21
 11.8000
 31
0.0
 0
TEXT
 8
PARTS
 10
 10.7600
 20
 11.8300
 30
0.0
 40
  0.0500
 1
2
 0
LINE
 8
PARTS
 10
 11.0000
 20
 11.5000
 30
0.0
 11
 10.7000
 21
 11.5000
 31
0.0
 0
TEXT
 8
PARTS
 10
 10.7600
 20
 11.5300
 30
0.0
 40
  0.0500
 1
3
 0
LINE
 8
PARTS
 10
 10.8000
 20
 11.3000
 30
0.0
 11
 10.7000
 21
 11.3000
 31
0.0
 0
TEXT
 8
PARTS
 10
 10.7600
 20
 11.3300
 30
0.0
 40
  0.0500
 1
4
 0
LINE
 8
PARTS
 10
 10.3000
 20
 11.4000
 30
0.0
 11
 10.4000
 21
 11.4000
 31
0.0
 0
TEXT
 8
PARTS
 10
 10.3000
 20
 11.4300
 30
0.0
 40
  0.0500
 1
5
 0
LINE
 8
PARTS
 10
 10.3000
 20
 11.7000
 30
0.0
 11
 10.4000
 21
 11.7000
 31
0.0
 0
TEXT
 8
PARTS
 10
 10.3000
 20
 11.7300
 30
0.0
 40
  0.0500
 1
6
 0
POLYLINE
 8
PARTS
 66
1
 70
1
 10
0.0
 20
0.0
 30
0.0
 0
VERTEX
 8
PARTS
 10
 10.6300
 20
 11.8000
 30
0.0
 42
  0.0985
 0
VERTEX
 8
PARTS
 10
 10.6277
 20
 11.8115
 30
0.0
 42
  0.0985
 0
VERTEX
 8
PARTS
 10
 10.6212
 20
 11.8212
 30
0.0
 42
  0.0985
 0
VERTEX
 8
PARTS
 10
 10.6115
 20
 11.8277
 30
0.0
 42
  0.0985
 0
VERTEX
 8
PARTS
 10
 10.6000
 20
 11.8300
 30
0.0
 42
  0.0985
 0
VERTEX
 8
PARTS
 10
 10.5885
 20
 11.8277
 30
0.0
 42
  0.0985
 0
VERTEX
 8
PARTS
 10
 10.5788
 20
 11.8212
 30
0.0
 42
  0.0985
 0
VERTEX
 8
PARTS
 10
 10.5723
 20
 11.8115
 30
0.0
 42
  0.0985
 0
VERTEX
 8
PARTS
 10
 10.5700
 20
 11.8000
 30
0.0
 42
  0.0985
 0
VERTEX
 8
PARTS
 10
 10.5723
 20
 11.7885
 30
0.0
 42
  0.0985
 0
VERTEX
 8
PARTS
 10
 10.5788
 20
 11.7788
 30
0.0
 42
  0.0985
 0
VERTEX
 8
PARTS
 10
 10.5885
 20
 11.7723
 30
0.0
 42
  0.0985
 0
VERTEX
 8
PARTS
 10
 10.6000
 20
 11.7700
 30
0.0
 42
  0.0985
 0
VERTEX
 8
PARTS
 10
 10.6115
 20
 11.7723
 30
0.0
 42
  0.0985
 0
VERTEX
 8
PARTS
 10
 10.6212
 20
 11.7788
 30
0.0
 42
  0.0985
 0
VERTEX
 8
PARTS
 10
 10.6277
 20
 11.7885
 30
0.0
 42
  0.0985
 0
SEQEND
 8
PARTS
 0
POLYLINE
 8
PARTS
 66
1
 10
0.0
 20
0.0
 30
0.0
 0
VERTEX
 8
PARTS
 10
 10.7000
 20
 11.8000
 30
0.0
 0
VERTEX
 8
PARTS
 10
 10.6300
 20
 11.8000
 30
0.0
 0
SEQEND
 8
PARTS
 0
POLYLINE
 8
PARTS
 66
1
 70
1
 10
0.0
 20
0.0
 30
0.0
 0
VERTEX
 8
PARTS
 10
 10.7000
 20
 11.8000
 30
0.0
 42
  0.0985
 0
VERTEX
 8
PARTS
 10
 10.6924
 20
 11.8383
 30
0.0
 42
  0.0985
 0
VERTEX
 8
PARTS
 10
 10.6707
 20
 11.8707
 30
0.0
 42
  0.0985
 0
VERTEX
 8
PARTS
 10
 10.6383
 20
 11.8924
 30
0.0
 42
  0.0985
 0
VERTEX
 8
PARTS
 10
 10.6000
 20
 11.9000
 30
0.0
 42
  0.0985
 0
VERTEX
 8
PARTS
 10
 10.5617
 20
 11.8924
 30
0.0
 42
  0.0985
 0
VERTEX
 8
PARTS
 10
 10.5293
 20
 11.8707
 30
0.0
 42
  0.0985
 0
VERTEX
 8
PARTS
 10
 10.5076
 20
 11.8383
 30
0.0
 42
  0.0985
 0
VERTEX
 8
PARTS
 10
 10.5000
 20
 11.8000
 30
0.0
 42
  0.0985
 0
VERTEX
 8
PARTS
 10
 10.5076
 20
 11.7617
 30
0.0
 42
  0.0985
 0
VERTEX
 8
PARTS
 10
 10.5293
 20
 11.7293
 30
0.0
 42
  0.0985
 0
VERTEX
 8
PARTS
 10
 10.5617
 20
 11.7076
 30
0.0
 42
  0.0985
 0
VERTEX
 8
PARTS
 10
 10.6000
 20
 11.7000
 30
0.0
 42
  0.0985
 0
VERTEX
 8
PARTS
 10
 10.6383
 20
 11.7076
 30
0.0
 42
  0.0985
 0
VERTEX
 8
PARTS
 10
 10.6707
 20
 11.7293
 30
0.0
 42
  0.0985
 0
VERTEX
 8
PARTS
 10
 10.6924
 20
 11.7617
 30
0.0
 42
  0.0985
 0
SEQEND
 8
PARTS
 0
POLYLINE
 8
PARTS
 66
1
 70
1
 10
0.0
 20
0.0
 30
0.0
 0
VERTEX
 8
PARTS
 10
 10.7000
 20
 11.3000
 30
0.0
 42
  0.0985
 0
VERTEX
 8
PARTS
 10
 10.6924
 20
 11.3383
 30
0.0
 42
  0.0985
 0
VERTEX
 8
PARTS
 10
 10.6707
 20
 11.3707
 30
0.0
 42
  0.0985
 0
VERTEX
 8
PARTS
 10
 10.6383
 20
 11.3924
 30
0.0
 42
  0.0985
 0
VERTEX
 8
PARTS
 10
 10.6000
 20
 11.4000
 30
0.0
 42
  0.0985
 0
VERTEX
 8
PARTS
 10
 10.5617
 20
 11.3924
 30
0.0
 42
  0.0985
 0
VERTEX
 8
PARTS
 10
 10.5293
 20
 11.3707
 30
0.0
 42
  0.0985
 0
VERTEX
 8
PARTS
 10
 10.5076
 20
 11.3383
 30
0.0
 42
  0.0985
 0
VERTEX
 8
PARTS
 10
 10.5000
 20
 11.3000
 30
0.0
 42
  0.0985
 0
VERTEX
 8
PARTS
 10
 10.5076
 20
 11.2617
 30
0.0
 42
  0.0985
 0
VERTEX
 8
PARTS
 10
 10.5293
 20
 11.2293
 30
0.0
 42
  0.0985
 0
VERTEX
 8
PARTS
 10
 10.5617
 20
 11.2076
 30
0.0
 42
  0.0985
 0
VERTEX
 8
PARTS
 10
 10.6000
 20
 11.2000
 30
0.0
 42
  0.0985
 0
VERTEX
 8
PARTS
 10
 10.6383
 20
 11.2076
 30
0.0
 42
  0.0985
 0
VERTEX
 8
PARTS
 10
 10.6707
 20
 11.2293
 30
0.0
 42
  0.0985
 0
VERTEX
 8
PARTS
 10
 10.6924
 20
 11.2617
 30
0.0
 42
  0.0985
 0
SEQEND
 8
PARTS
 0
POLYLINE
 8
PARTS
 66
1
 10
0.0
 20
0.0
 30
0.0
 0
VERTEX
 8
PARTS
 10
 10.7000
 20
 11.6000
 30
0.0
 0
VERTEX
 8
PARTS
 10
 10.7000
 20
 11.6000
 30
0.0
 0
VERTEX
 8
PARTS
 10
 10.6000
 20
 11.6000
 30
0.0
 0
SEQEND
 8
PARTS
 0
POLYLINE
 8
PARTS
 66
1
 10
0.0
 20
0.0
 30
0.0
 0
VERTEX
 8
PARTS
 10
 10.7000
 20
 11.5000
 30
0.0
 0
VERTEX
 8
PARTS
 10
 10.7000
 20
 11.5000
 30
0.0
 0
VERTEX
 8
PARTS
 10
 10.6000
 20
 11.5000
 30
0.0
 0
VERTEX
 8
PARTS
 10
 10.6000
 20
 11.4000
 30
0.0
 0
SEQEND
 8
PARTS
 0
POLYLINE
 8
PARTS
 66
1
 10
0.0
 20
0.0
 30
0.0
 0
VERTEX
 8
PARTS
 10
 10.6000
 20
 11.6000
 30
0.0
 0
VERTEX
 8
PARTS
 10
 10.6000
 20
 11.6000
 30
0.0
 0
VERTEX
 8
PARTS
 10
 10.6000
 20
 11.7000
 30
0.0
 0
SEQEND
 8
PARTS
 0
POLYLINE
 8
PARTS
 66
1
 70
1
 10
0.0
 20
0.0
 30
0.0
 0
VERTEX
 8
PARTS
 10
 10.6300
 20
 11.3000
 30
0.0
 42
  0.0985
 0
VERTEX
 8
PARTS
 10
 10.6277
 20
 11.3115
 30
0.0
 42
  0.0985
 0
VERTEX
 8
PARTS
 10
 10.6212
 20
 11.3212
 30
0.0
 42
  0.0985
 0
VERTEX
 8
PARTS
 10
 10.6115
 20
 11.3277
 30
0.0
 42
  0.0985
 0
VERTEX
 8
PARTS
 10
 10.6000
 20
 11.3300
 30
0.0
 42
  0.0985
 0
VERTEX
 8
PARTS
 10
 10.5885
 20
 11.3277
 30
0.0
 42
  0.0985
 0
VERTEX
 8
PARTS
 10
 10.5788
 20
 11.3212
 30
0.0
 42
  0.0985
 0
VERTEX
 8
PARTS
 10
 10.5723
 20
 11.3115
 30
0.0
 42
  0.0985
 0
VERTEX
 8
PARTS
 10
 10.5700
 20
 11.3000
 30
0.0
 42
  0.0985
 0
VERTEX
 8
PARTS
 10
 10.5723
 20
 11.2885
 30
0.0
 42
  0.0985
 0
VERTEX
 8
PARTS
 10
 10.5788
 20
 11.2788
 30
0.0
 42
  0.0985
 0
VERTEX
 8
PARTS
 10
 10.5885
 20
 11.2723
 30
0.0
 42
  0.0985
 0
VERTEX
 8
PARTS
 10
 10.6000
 20
 11.2700
 30
0.0
 42
  0.0985
 0
VERTEX
 8
PARTS
 10
 10.6115
 20
 11.2723
 30
0.0
 42
  0.0985
 0
VERTEX
 8
PARTS
 10
 10.6212
 20
 11.2788
 30
0.0
 42
  0.0985
 0
VERTEX
 8
PARTS
 10
 10.6277
 20
 11.2885
 30
0.0
 42
  0.0985
 0
SEQEND
 8
PARTS
 0
POLYLINE
 8
PARTS
 66
1
 10
0.0
 20
0.0
 30
0.0
 0
VERTEX
 8
PARTS
 10
 10.7000
 20
 11.3000
 30
0.0
 0
VERTEX
 8
PARTS
 10
 10.6000
 20
 11.3000
 30
0.0
 0
SEQEND
 8
PARTS
 0
POLYLINE
 8
PARTS
 66
1
 70
1
 10
0.0
 20
0.0
 30
0.0
 0
VERTEX
 8
PARTS
 10
 10.4000
 20
 11.9000
 30
0.0
 0
VERTEX
 8
PARTS
 10
 10.7000
 20
 11.9000
 30
0.0
 0
VERTEX
 8
PARTS
 10
 10.7000
 20
 11.2000
 30
0.0
 0
VERTEX
 8
PARTS
 10
 10.4000
 20
 11.2000
 30
0.0
 0
SEQEND
 8
PARTS
 0
TEXT
 8
PARTTEXT
 10
 10.6000
 20
  6.5186
 30
0.0
 40
  0.0514
 1
J8
 0
TEXT
 8
PARTTEXT
 10
 10.5000
 20
  6.4186
 30
0.0
 40
  0.0514
 1
BNCdualport
 0
LINE
 8
PARTS
 10
 11.1000
 20
  6.0000
 30
0.0
 11
 10.8000
 21
  6.0000
 31
0.0
 0
TEXT
 8
PARTS
 10
 10.8600
 20
  6.0300
 30
0.0
 40
  0.0500
 1
1
 0
LINE
 8
PARTS
 10
 10.9000
 20
  6.2000
 30
0.0
 11
 10.8000
 21
  6.2000
 31
0.0
 0
TEXT
 8
PARTS
 10
 10.8600
 20
  6.2300
 30
0.0
 40
  0.0500
 1
2
 0
LINE
 8
PARTS
 10
 11.1000
 20
  5.9000
 30
0.0
 11
 10.8000
 21
  5.9000
 31
0.0
 0
TEXT
 8
PARTS
 10
 10.8600
 20
  5.9300
 30
0.0
 40
  0.0500
 1
3
 0
LINE
 8
PARTS
 10
 10.9000
 20
  5.7000
 30
0.0
 11
 10.8000
 21
  5.7000
 31
0.0
 0
TEXT
 8
PARTS
 10
 10.8600
 20
  5.7300
 30
0.0
 40
  0.0500
 1
4
 0
LINE
 8
PARTS
 10
 10.4000
 20
  5.8000
 30
0.0
 11
 10.5000
 21
  5.8000
 31
0.0
 0
TEXT
 8
PARTS
 10
 10.4000
 20
  5.8300
 30
0.0
 40
  0.0500
 1
5
 0
LINE
 8
PARTS
 10
 10.4000
 20
  6.1000
 30
0.0
 11
 10.5000
 21
  6.1000
 31
0.0
 0
TEXT
 8
PARTS
 10
 10.4000
 20
  6.1300
 30
0.0
 40
  0.0500
 1
6
 0
POLYLINE
 8
PARTS
 66
1
 70
1
 10
0.0
 20
0.0
 30
0.0
 0
VERTEX
 8
PARTS
 10
 10.7300
 20
  6.2000
 30
0.0
 42
  0.0985
 0
VERTEX
 8
PARTS
 10
 10.7277
 20
  6.2115
 30
0.0
 42
  0.0985
 0
VERTEX
 8
PARTS
 10
 10.7212
 20
  6.2212
 30
0.0
 42
  0.0985
 0
VERTEX
 8
PARTS
 10
 10.7115
 20
  6.2277
 30
0.0
 42
  0.0985
 0
VERTEX
 8
PARTS
 10
 10.7000
 20
  6.2300
 30
0.0
 42
  0.0985
 0
VERTEX
 8
PARTS
 10
 10.6885
 20
  6.2277
 30
0.0
 42
  0.0985
 0
VERTEX
 8
PARTS
 10
 10.6788
 20
  6.2212
 30
0.0
 42
  0.0985
 0
VERTEX
 8
PARTS
 10
 10.6723
 20
  6.2115
 30
0.0
 42
  0.0985
 0
VERTEX
 8
PARTS
 10
 10.6700
 20
  6.2000
 30
0.0
 42
  0.0985
 0
VERTEX
 8
PARTS
 10
 10.6723
 20
  6.1885
 30
0.0
 42
  0.0985
 0
VERTEX
 8
PARTS
 10
 10.6788
 20
  6.1788
 30
0.0
 42
  0.0985
 0
VERTEX
 8
PARTS
 10
 10.6885
 20
  6.1723
 30
0.0
 42
  0.0985
 0
VERTEX
 8
PARTS
 10
 10.7000
 20
  6.1700
 30
0.0
 42
  0.0985
 0
VERTEX
 8
PARTS
 10
 10.7115
 20
  6.1723
 30
0.0
 42
  0.0985
 0
VERTEX
 8
PARTS
 10
 10.7212
 20
  6.1788
 30
0.0
 42
  0.0985
 0
VERTEX
 8
PARTS
 10
 10.7277
 20
  6.1885
 30
0.0
 42
  0.0985
 0
SEQEND
 8
PARTS
 0
POLYLINE
 8
PARTS
 66
1
 10
0.0
 20
0.0
 30
0.0
 0
VERTEX
 8
PARTS
 10
 10.8000
 20
  6.2000
 30
0.0
 0
VERTEX
 8
PARTS
 10
 10.7300
 20
  6.2000
 30
0.0
 0
SEQEND
 8
PARTS
 0
POLYLINE
 8
PARTS
 66
1
 70
1
 10
0.0
 20
0.0
 30
0.0
 0
VERTEX
 8
PARTS
 10
 10.8000
 20
  6.2000
 30
0.0
 42
  0.0985
 0
VERTEX
 8
PARTS
 10
 10.7924
 20
  6.2383
 30
0.0
 42
  0.0985
 0
VERTEX
 8
PARTS
 10
 10.7707
 20
  6.2707
 30
0.0
 42
  0.0985
 0
VERTEX
 8
PARTS
 10
 10.7383
 20
  6.2924
 30
0.0
 42
  0.0985
 0
VERTEX
 8
PARTS
 10
 10.7000
 20
  6.3000
 30
0.0
 42
  0.0985
 0
VERTEX
 8
PARTS
 10
 10.6617
 20
  6.2924
 30
0.0
 42
  0.0985
 0
VERTEX
 8
PARTS
 10
 10.6293
 20
  6.2707
 30
0.0
 42
  0.0985
 0
VERTEX
 8
PARTS
 10
 10.6076
 20
  6.2383
 30
0.0
 42
  0.0985
 0
VERTEX
 8
PARTS
 10
 10.6000
 20
  6.2000
 30
0.0
 42
  0.0985
 0
VERTEX
 8
PARTS
 10
 10.6076
 20
  6.1617
 30
0.0
 42
  0.0985
 0
VERTEX
 8
PARTS
 10
 10.6293
 20
  6.1293
 30
0.0
 42
  0.0985
 0
VERTEX
 8
PARTS
 10
 10.6617
 20
  6.1076
 30
0.0
 42
  0.0985
 0
VERTEX
 8
PARTS
 10
 10.7000
 20
  6.1000
 30
0.0
 42
  0.0985
 0
VERTEX
 8
PARTS
 10
 10.7383
 20
  6.1076
 30
0.0
 42
  0.0985
 0
VERTEX
 8
PARTS
 10
 10.7707
 20
  6.1293
 30
0.0
 42
  0.0985
 0
VERTEX
 8
PARTS
 10
 10.7924
 20
  6.1617
 30
0.0
 42
  0.0985
 0
SEQEND
 8
PARTS
 0
POLYLINE
 8
PARTS
 66
1
 70
1
 10
0.0
 20
0.0
 30
0.0
 0
VERTEX
 8
PARTS
 10
 10.8000
 20
  5.7000
 30
0.0
 42
  0.0985
 0
VERTEX
 8
PARTS
 10
 10.7924
 20
  5.7383
 30
0.0
 42
  0.0985
 0
VERTEX
 8
PARTS
 10
 10.7707
 20
  5.7707
 30
0.0
 42
  0.0985
 0
VERTEX
 8
PARTS
 10
 10.7383
 20
  5.7924
 30
0.0
 42
  0.0985
 0
VERTEX
 8
PARTS
 10
 10.7000
 20
  5.8000
 30
0.0
 42
  0.0985
 0
VERTEX
 8
PARTS
 10
 10.6617
 20
  5.7924
 30
0.0
 42
  0.0985
 0
VERTEX
 8
PARTS
 10
 10.6293
 20
  5.7707
 30
0.0
 42
  0.0985
 0
VERTEX
 8
PARTS
 10
 10.6076
 20
  5.7383
 30
0.0
 42
  0.0985
 0
VERTEX
 8
PARTS
 10
 10.6000
 20
  5.7000
 30
0.0
 42
  0.0985
 0
VERTEX
 8
PARTS
 10
 10.6076
 20
  5.6617
 30
0.0
 42
  0.0985
 0
VERTEX
 8
PARTS
 10
 10.6293
 20
  5.6293
 30
0.0
 42
  0.0985
 0
VERTEX
 8
PARTS
 10
 10.6617
 20
  5.6076
 30
0.0
 42
  0.0985
 0
VERTEX
 8
PARTS
 10
 10.7000
 20
  5.6000
 30
0.0
 42
  0.0985
 0
VERTEX
 8
PARTS
 10
 10.7383
 20
  5.6076
 30
0.0
 42
  0.0985
 0
VERTEX
 8
PARTS
 10
 10.7707
 20
  5.6293
 30
0.0
 42
  0.0985
 0
VERTEX
 8
PARTS
 10
 10.7924
 20
  5.6617
 30
0.0
 42
  0.0985
 0
SEQEND
 8
PARTS
 0
POLYLINE
 8
PARTS
 66
1
 10
0.0
 20
0.0
 30
0.0
 0
VERTEX
 8
PARTS
 10
 10.8000
 20
  6.0000
 30
0.0
 0
VERTEX
 8
PARTS
 10
 10.8000
 20
  6.0000
 30
0.0
 0
VERTEX
 8
PARTS
 10
 10.7000
 20
  6.0000
 30
0.0
 0
SEQEND
 8
PARTS
 0
POLYLINE
 8
PARTS
 66
1
 10
0.0
 20
0.0
 30
0.0
 0
VERTEX
 8
PARTS
 10
 10.8000
 20
  5.9000
 30
0.0
 0
VERTEX
 8
PARTS
 10
 10.8000
 20
  5.9000
 30
0.0
 0
VERTEX
 8
PARTS
 10
 10.7000
 20
  5.9000
 30
0.0
 0
VERTEX
 8
PARTS
 10
 10.7000
 20
  5.8000
 30
0.0
 0
SEQEND
 8
PARTS
 0
POLYLINE
 8
PARTS
 66
1
 10
0.0
 20
0.0
 30
0.0
 0
VERTEX
 8
PARTS
 10
 10.7000
 20
  6.0000
 30
0.0
 0
VERTEX
 8
PARTS
 10
 10.7000
 20
  6.0000
 30
0.0
 0
VERTEX
 8
PARTS
 10
 10.7000
 20
  6.1000
 30
0.0
 0
SEQEND
 8
PARTS
 0
POLYLINE
 8
PARTS
 66
1
 70
1
 10
0.0
 20
0.0
 30
0.0
 0
VERTEX
 8
PARTS
 10
 10.7300
 20
  5.7000
 30
0.0
 42
  0.0985
 0
VERTEX
 8
PARTS
 10
 10.7277
 20
  5.7115
 30
0.0
 42
  0.0985
 0
VERTEX
 8
PARTS
 10
 10.7212
 20
  5.7212
 30
0.0
 42
  0.0985
 0
VERTEX
 8
PARTS
 10
 10.7115
 20
  5.7277
 30
0.0
 42
  0.0985
 0
VERTEX
 8
PARTS
 10
 10.7000
 20
  5.7300
 30
0.0
 42
  0.0985
 0
VERTEX
 8
PARTS
 10
 10.6885
 20
  5.7277
 30
0.0
 42
  0.0985
 0
VERTEX
 8
PARTS
 10
 10.6788
 20
  5.7212
 30
0.0
 42
  0.0985
 0
VERTEX
 8
PARTS
 10
 10.6723
 20
  5.7115
 30
0.0
 42
  0.0985
 0
VERTEX
 8
PARTS
 10
 10.6700
 20
  5.7000
 30
0.0
 42
  0.0985
 0
VERTEX
 8
PARTS
 10
 10.6723
 20
  5.6885
 30
0.0
 42
  0.0985
 0
VERTEX
 8
PARTS
 10
 10.6788
 20
  5.6788
 30
0.0
 42
  0.0985
 0
VERTEX
 8
PARTS
 10
 10.6885
 20
  5.6723
 30
0.0
 42
  0.0985
 0
VERTEX
 8
PARTS
 10
 10.7000
 20
  5.6700
 30
0.0
 42
  0.0985
 0
VERTEX
 8
PARTS
 10
 10.7115
 20
  5.6723
 30
0.0
 42
  0.0985
 0
VERTEX
 8
PARTS
 10
 10.7212
 20
  5.6788
 30
0.0
 42
  0.0985
 0
VERTEX
 8
PARTS
 10
 10.7277
 20
  5.6885
 30
0.0
 42
  0.0985
 0
SEQEND
 8
PARTS
 0
POLYLINE
 8
PARTS
 66
1
 10
0.0
 20
0.0
 30
0.0
 0
VERTEX
 8
PARTS
 10
 10.8000
 20
  5.7000
 30
0.0
 0
VERTEX
 8
PARTS
 10
 10.7000
 20
  5.7000
 30
0.0
 0
SEQEND
 8
PARTS
 0
POLYLINE
 8
PARTS
 66
1
 70
1
 10
0.0
 20
0.0
 30
0.0
 0
VERTEX
 8
PARTS
 10
 10.5000
 20
  6.3000
 30
0.0
 0
VERTEX
 8
PARTS
 10
 10.8000
 20
  6.3000
 30
0.0
 0
VERTEX
 8
PARTS
 10
 10.8000
 20
  5.6000
 30
0.0
 0
VERTEX
 8
PARTS
 10
 10.5000
 20
  5.6000
 30
0.0
 0
SEQEND
 8
PARTS
 0
TEXT
 8
PARTTEXT
 10
 21.2000
 20
 17.0186
 30
0.0
 40
  0.0514
 1
J3
 0
TEXT
 8
PARTTEXT
 10
 21.1000
 20
 16.9186
 30
0.0
 40
  0.0514
 1
BNCdualport
 0
LINE
 8
PARTS
 10
 21.7000
 20
 16.5000
 30
0.0
 11
 21.4000
 21
 16.5000
 31
0.0
 0
TEXT
 8
PARTS
 10
 21.4600
 20
 16.5300
 30
0.0
 40
  0.0500
 1
1
 0
LINE
 8
PARTS
 10
 21.5000
 20
 16.7000
 30
0.0
 11
 21.4000
 21
 16.7000
 31
0.0
 0
TEXT
 8
PARTS
 10
 21.4600
 20
 16.7300
 30
0.0
 40
  0.0500
 1
2
 0
LINE
 8
PARTS
 10
 21.7000
 20
 16.4000
 30
0.0
 11
 21.4000
 21
 16.4000
 31
0.0
 0
TEXT
 8
PARTS
 10
 21.4600
 20
 16.4300
 30
0.0
 40
  0.0500
 1
3
 0
LINE
 8
PARTS
 10
 21.5000
 20
 16.2000
 30
0.0
 11
 21.4000
 21
 16.2000
 31
0.0
 0
TEXT
 8
PARTS
 10
 21.4600
 20
 16.2300
 30
0.0
 40
  0.0500
 1
4
 0
LINE
 8
PARTS
 10
 21.0000
 20
 16.3000
 30
0.0
 11
 21.1000
 21
 16.3000
 31
0.0
 0
TEXT
 8
PARTS
 10
 21.0000
 20
 16.3300
 30
0.0
 40
  0.0500
 1
5
 0
LINE
 8
PARTS
 10
 21.0000
 20
 16.6000
 30
0.0
 11
 21.1000
 21
 16.6000
 31
0.0
 0
TEXT
 8
PARTS
 10
 21.0000
 20
 16.6300
 30
0.0
 40
  0.0500
 1
6
 0
POLYLINE
 8
PARTS
 66
1
 70
1
 10
0.0
 20
0.0
 30
0.0
 0
VERTEX
 8
PARTS
 10
 21.3300
 20
 16.7000
 30
0.0
 42
  0.0985
 0
VERTEX
 8
PARTS
 10
 21.3277
 20
 16.7115
 30
0.0
 42
  0.0985
 0
VERTEX
 8
PARTS
 10
 21.3212
 20
 16.7212
 30
0.0
 42
  0.0985
 0
VERTEX
 8
PARTS
 10
 21.3115
 20
 16.7277
 30
0.0
 42
  0.0985
 0
VERTEX
 8
PARTS
 10
 21.3000
 20
 16.7300
 30
0.0
 42
  0.0985
 0
VERTEX
 8
PARTS
 10
 21.2885
 20
 16.7277
 30
0.0
 42
  0.0985
 0
VERTEX
 8
PARTS
 10
 21.2788
 20
 16.7212
 30
0.0
 42
  0.0985
 0
VERTEX
 8
PARTS
 10
 21.2723
 20
 16.7115
 30
0.0
 42
  0.0985
 0
VERTEX
 8
PARTS
 10
 21.2700
 20
 16.7000
 30
0.0
 42
  0.0985
 0
VERTEX
 8
PARTS
 10
 21.2723
 20
 16.6885
 30
0.0
 42
  0.0985
 0
VERTEX
 8
PARTS
 10
 21.2788
 20
 16.6788
 30
0.0
 42
  0.0985
 0
VERTEX
 8
PARTS
 10
 21.2885
 20
 16.6723
 30
0.0
 42
  0.0985
 0
VERTEX
 8
PARTS
 10
 21.3000
 20
 16.6700
 30
0.0
 42
  0.0985
 0
VERTEX
 8
PARTS
 10
 21.3115
 20
 16.6723
 30
0.0
 42
  0.0985
 0
VERTEX
 8
PARTS
 10
 21.3212
 20
 16.6788
 30
0.0
 42
  0.0985
 0
VERTEX
 8
PARTS
 10
 21.3277
 20
 16.6885
 30
0.0
 42
  0.0985
 0
SEQEND
 8
PARTS
 0
POLYLINE
 8
PARTS
 66
1
 10
0.0
 20
0.0
 30
0.0
 0
VERTEX
 8
PARTS
 10
 21.4000
 20
 16.7000
 30
0.0
 0
VERTEX
 8
PARTS
 10
 21.3300
 20
 16.7000
 30
0.0
 0
SEQEND
 8
PARTS
 0
POLYLINE
 8
PARTS
 66
1
 70
1
 10
0.0
 20
0.0
 30
0.0
 0
VERTEX
 8
PARTS
 10
 21.4000
 20
 16.7000
 30
0.0
 42
  0.0985
 0
VERTEX
 8
PARTS
 10
 21.3924
 20
 16.7383
 30
0.0
 42
  0.0985
 0
VERTEX
 8
PARTS
 10
 21.3707
 20
 16.7707
 30
0.0
 42
  0.0985
 0
VERTEX
 8
PARTS
 10
 21.3383
 20
 16.7924
 30
0.0
 42
  0.0985
 0
VERTEX
 8
PARTS
 10
 21.3000
 20
 16.8000
 30
0.0
 42
  0.0985
 0
VERTEX
 8
PARTS
 10
 21.2617
 20
 16.7924
 30
0.0
 42
  0.0985
 0
VERTEX
 8
PARTS
 10
 21.2293
 20
 16.7707
 30
0.0
 42
  0.0985
 0
VERTEX
 8
PARTS
 10
 21.2076
 20
 16.7383
 30
0.0
 42
  0.0985
 0
VERTEX
 8
PARTS
 10
 21.2000
 20
 16.7000
 30
0.0
 42
  0.0985
 0
VERTEX
 8
PARTS
 10
 21.2076
 20
 16.6617
 30
0.0
 42
  0.0985
 0
VERTEX
 8
PARTS
 10
 21.2293
 20
 16.6293
 30
0.0
 42
  0.0985
 0
VERTEX
 8
PARTS
 10
 21.2617
 20
 16.6076
 30
0.0
 42
  0.0985
 0
VERTEX
 8
PARTS
 10
 21.3000
 20
 16.6000
 30
0.0
 42
  0.0985
 0
VERTEX
 8
PARTS
 10
 21.3383
 20
 16.6076
 30
0.0
 42
  0.0985
 0
VERTEX
 8
PARTS
 10
 21.3707
 20
 16.6293
 30
0.0
 42
  0.0985
 0
VERTEX
 8
PARTS
 10
 21.3924
 20
 16.6617
 30
0.0
 42
  0.0985
 0
SEQEND
 8
PARTS
 0
POLYLINE
 8
PARTS
 66
1
 70
1
 10
0.0
 20
0.0
 30
0.0
 0
VERTEX
 8
PARTS
 10
 21.4000
 20
 16.2000
 30
0.0
 42
  0.0985
 0
VERTEX
 8
PARTS
 10
 21.3924
 20
 16.2383
 30
0.0
 42
  0.0985
 0
VERTEX
 8
PARTS
 10
 21.3707
 20
 16.2707
 30
0.0
 42
  0.0985
 0
VERTEX
 8
PARTS
 10
 21.3383
 20
 16.2924
 30
0.0
 42
  0.0985
 0
VERTEX
 8
PARTS
 10
 21.3000
 20
 16.3000
 30
0.0
 42
  0.0985
 0
VERTEX
 8
PARTS
 10
 21.2617
 20
 16.2924
 30
0.0
 42
  0.0985
 0
VERTEX
 8
PARTS
 10
 21.2293
 20
 16.2707
 30
0.0
 42
  0.0985
 0
VERTEX
 8
PARTS
 10
 21.2076
 20
 16.2383
 30
0.0
 42
  0.0985
 0
VERTEX
 8
PARTS
 10
 21.2000
 20
 16.2000
 30
0.0
 42
  0.0985
 0
VERTEX
 8
PARTS
 10
 21.2076
 20
 16.1617
 30
0.0
 42
  0.0985
 0
VERTEX
 8
PARTS
 10
 21.2293
 20
 16.1293
 30
0.0
 42
  0.0985
 0
VERTEX
 8
PARTS
 10
 21.2617
 20
 16.1076
 30
0.0
 42
  0.0985
 0
VERTEX
 8
PARTS
 10
 21.3000
 20
 16.1000
 30
0.0
 42
  0.0985
 0
VERTEX
 8
PARTS
 10
 21.3383
 20
 16.1076
 30
0.0
 42
  0.0985
 0
VERTEX
 8
PARTS
 10
 21.3707
 20
 16.1293
 30
0.0
 42
  0.0985
 0
VERTEX
 8
PARTS
 10
 21.3924
 20
 16.1617
 30
0.0
 42
  0.0985
 0
SEQEND
 8
PARTS
 0
POLYLINE
 8
PARTS
 66
1
 10
0.0
 20
0.0
 30
0.0
 0
VERTEX
 8
PARTS
 10
 21.4000
 20
 16.5000
 30
0.0
 0
VERTEX
 8
PARTS
 10
 21.4000
 20
 16.5000
 30
0.0
 0
VERTEX
 8
PARTS
 10
 21.3000
 20
 16.5000
 30
0.0
 0
SEQEND
 8
PARTS
 0
POLYLINE
 8
PARTS
 66
1
 10
0.0
 20
0.0
 30
0.0
 0
VERTEX
 8
PARTS
 10
 21.4000
 20
 16.4000
 30
0.0
 0
VERTEX
 8
PARTS
 10
 21.4000
 20
 16.4000
 30
0.0
 0
VERTEX
 8
PARTS
 10
 21.3000
 20
 16.4000
 30
0.0
 0
VERTEX
 8
PARTS
 10
 21.3000
 20
 16.3000
 30
0.0
 0
SEQEND
 8
PARTS
 0
POLYLINE
 8
PARTS
 66
1
 10
0.0
 20
0.0
 30
0.0
 0
VERTEX
 8
PARTS
 10
 21.3000
 20
 16.5000
 30
0.0
 0
VERTEX
 8
PARTS
 10
 21.3000
 20
 16.5000
 30
0.0
 0
VERTEX
 8
PARTS
 10
 21.3000
 20
 16.6000
 30
0.0
 0
SEQEND
 8
PARTS
 0
POLYLINE
 8
PARTS
 66
1
 70
1
 10
0.0
 20
0.0
 30
0.0
 0
VERTEX
 8
PARTS
 10
 21.3300
 20
 16.2000
 30
0.0
 42
  0.0985
 0
VERTEX
 8
PARTS
 10
 21.3277
 20
 16.2115
 30
0.0
 42
  0.0985
 0
VERTEX
 8
PARTS
 10
 21.3212
 20
 16.2212
 30
0.0
 42
  0.0985
 0
VERTEX
 8
PARTS
 10
 21.3115
 20
 16.2277
 30
0.0
 42
  0.0985
 0
VERTEX
 8
PARTS
 10
 21.3000
 20
 16.2300
 30
0.0
 42
  0.0985
 0
VERTEX
 8
PARTS
 10
 21.2885
 20
 16.2277
 30
0.0
 42
  0.0985
 0
VERTEX
 8
PARTS
 10
 21.2788
 20
 16.2212
 30
0.0
 42
  0.0985
 0
VERTEX
 8
PARTS
 10
 21.2723
 20
 16.2115
 30
0.0
 42
  0.0985
 0
VERTEX
 8
PARTS
 10
 21.2700
 20
 16.2000
 30
0.0
 42
  0.0985
 0
VERTEX
 8
PARTS
 10
 21.2723
 20
 16.1885
 30
0.0
 42
  0.0985
 0
VERTEX
 8
PARTS
 10
 21.2788
 20
 16.1788
 30
0.0
 42
  0.0985
 0
VERTEX
 8
PARTS
 10
 21.2885
 20
 16.1723
 30
0.0
 42
  0.0985
 0
VERTEX
 8
PARTS
 10
 21.3000
 20
 16.1700
 30
0.0
 42
  0.0985
 0
VERTEX
 8
PARTS
 10
 21.3115
 20
 16.1723
 30
0.0
 42
  0.0985
 0
VERTEX
 8
PARTS
 10
 21.3212
 20
 16.1788
 30
0.0
 42
  0.0985
 0
VERTEX
 8
PARTS
 10
 21.3277
 20
 16.1885
 30
0.0
 42
  0.0985
 0
SEQEND
 8
PARTS
 0
POLYLINE
 8
PARTS
 66
1
 10
0.0
 20
0.0
 30
0.0
 0
VERTEX
 8
PARTS
 10
 21.4000
 20
 16.2000
 30
0.0
 0
VERTEX
 8
PARTS
 10
 21.3000
 20
 16.2000
 30
0.0
 0
SEQEND
 8
PARTS
 0
POLYLINE
 8
PARTS
 66
1
 70
1
 10
0.0
 20
0.0
 30
0.0
 0
VERTEX
 8
PARTS
 10
 21.1000
 20
 16.8000
 30
0.0
 0
VERTEX
 8
PARTS
 10
 21.4000
 20
 16.8000
 30
0.0
 0
VERTEX
 8
PARTS
 10
 21.4000
 20
 16.1000
 30
0.0
 0
VERTEX
 8
PARTS
 10
 21.1000
 20
 16.1000
 30
0.0
 0
SEQEND
 8
PARTS
 0
TEXT
 8
PARTTEXT
 10
 21.3000
 20
 11.9186
 30
0.0
 40
  0.0514
 1
J6
 0
TEXT
 8
PARTTEXT
 10
 21.2000
 20
 11.8186
 30
0.0
 40
  0.0514
 1
BNCdualport
 0
LINE
 8
PARTS
 10
 21.8000
 20
 11.4000
 30
0.0
 11
 21.5000
 21
 11.4000
 31
0.0
 0
TEXT
 8
PARTS
 10
 21.5600
 20
 11.4300
 30
0.0
 40
  0.0500
 1
1
 0
LINE
 8
PARTS
 10
 21.6000
 20
 11.6000
 30
0.0
 11
 21.5000
 21
 11.6000
 31
0.0
 0
TEXT
 8
PARTS
 10
 21.5600
 20
 11.6300
 30
0.0
 40
  0.0500
 1
2
 0
LINE
 8
PARTS
 10
 21.8000
 20
 11.3000
 30
0.0
 11
 21.5000
 21
 11.3000
 31
0.0
 0
TEXT
 8
PARTS
 10
 21.5600
 20
 11.3300
 30
0.0
 40
  0.0500
 1
3
 0
LINE
 8
PARTS
 10
 21.6000
 20
 11.1000
 30
0.0
 11
 21.5000
 21
 11.1000
 31
0.0
 0
TEXT
 8
PARTS
 10
 21.5600
 20
 11.1300
 30
0.0
 40
  0.0500
 1
4
 0
LINE
 8
PARTS
 10
 21.1000
 20
 11.2000
 30
0.0
 11
 21.2000
 21
 11.2000
 31
0.0
 0
TEXT
 8
PARTS
 10
 21.1000
 20
 11.2300
 30
0.0
 40
  0.0500
 1
5
 0
LINE
 8
PARTS
 10
 21.1000
 20
 11.5000
 30
0.0
 11
 21.2000
 21
 11.5000
 31
0.0
 0
TEXT
 8
PARTS
 10
 21.1000
 20
 11.5300
 30
0.0
 40
  0.0500
 1
6
 0
POLYLINE
 8
PARTS
 66
1
 70
1
 10
0.0
 20
0.0
 30
0.0
 0
VERTEX
 8
PARTS
 10
 21.4300
 20
 11.6000
 30
0.0
 42
  0.0985
 0
VERTEX
 8
PARTS
 10
 21.4277
 20
 11.6115
 30
0.0
 42
  0.0985
 0
VERTEX
 8
PARTS
 10
 21.4212
 20
 11.6212
 30
0.0
 42
  0.0985
 0
VERTEX
 8
PARTS
 10
 21.4115
 20
 11.6277
 30
0.0
 42
  0.0985
 0
VERTEX
 8
PARTS
 10
 21.4000
 20
 11.6300
 30
0.0
 42
  0.0985
 0
VERTEX
 8
PARTS
 10
 21.3885
 20
 11.6277
 30
0.0
 42
  0.0985
 0
VERTEX
 8
PARTS
 10
 21.3788
 20
 11.6212
 30
0.0
 42
  0.0985
 0
VERTEX
 8
PARTS
 10
 21.3723
 20
 11.6115
 30
0.0
 42
  0.0985
 0
VERTEX
 8
PARTS
 10
 21.3700
 20
 11.6000
 30
0.0
 42
  0.0985
 0
VERTEX
 8
PARTS
 10
 21.3723
 20
 11.5885
 30
0.0
 42
  0.0985
 0
VERTEX
 8
PARTS
 10
 21.3788
 20
 11.5788
 30
0.0
 42
  0.0985
 0
VERTEX
 8
PARTS
 10
 21.3885
 20
 11.5723
 30
0.0
 42
  0.0985
 0
VERTEX
 8
PARTS
 10
 21.4000
 20
 11.5700
 30
0.0
 42
  0.0985
 0
VERTEX
 8
PARTS
 10
 21.4115
 20
 11.5723
 30
0.0
 42
  0.0985
 0
VERTEX
 8
PARTS
 10
 21.4212
 20
 11.5788
 30
0.0
 42
  0.0985
 0
VERTEX
 8
PARTS
 10
 21.4277
 20
 11.5885
 30
0.0
 42
  0.0985
 0
SEQEND
 8
PARTS
 0
POLYLINE
 8
PARTS
 66
1
 10
0.0
 20
0.0
 30
0.0
 0
VERTEX
 8
PARTS
 10
 21.5000
 20
 11.6000
 30
0.0
 0
VERTEX
 8
PARTS
 10
 21.4300
 20
 11.6000
 30
0.0
 0
SEQEND
 8
PARTS
 0
POLYLINE
 8
PARTS
 66
1
 70
1
 10
0.0
 20
0.0
 30
0.0
 0
VERTEX
 8
PARTS
 10
 21.5000
 20
 11.6000
 30
0.0
 42
  0.0985
 0
VERTEX
 8
PARTS
 10
 21.4924
 20
 11.6383
 30
0.0
 42
  0.0985
 0
VERTEX
 8
PARTS
 10
 21.4707
 20
 11.6707
 30
0.0
 42
  0.0985
 0
VERTEX
 8
PARTS
 10
 21.4383
 20
 11.6924
 30
0.0
 42
  0.0985
 0
VERTEX
 8
PARTS
 10
 21.4000
 20
 11.7000
 30
0.0
 42
  0.0985
 0
VERTEX
 8
PARTS
 10
 21.3617
 20
 11.6924
 30
0.0
 42
  0.0985
 0
VERTEX
 8
PARTS
 10
 21.3293
 20
 11.6707
 30
0.0
 42
  0.0985
 0
VERTEX
 8
PARTS
 10
 21.3076
 20
 11.6383
 30
0.0
 42
  0.0985
 0
VERTEX
 8
PARTS
 10
 21.3000
 20
 11.6000
 30
0.0
 42
  0.0985
 0
VERTEX
 8
PARTS
 10
 21.3076
 20
 11.5617
 30
0.0
 42
  0.0985
 0
VERTEX
 8
PARTS
 10
 21.3293
 20
 11.5293
 30
0.0
 42
  0.0985
 0
VERTEX
 8
PARTS
 10
 21.3617
 20
 11.5076
 30
0.0
 42
  0.0985
 0
VERTEX
 8
PARTS
 10
 21.4000
 20
 11.5000
 30
0.0
 42
  0.0985
 0
VERTEX
 8
PARTS
 10
 21.4383
 20
 11.5076
 30
0.0
 42
  0.0985
 0
VERTEX
 8
PARTS
 10
 21.4707
 20
 11.5293
 30
0.0
 42
  0.0985
 0
VERTEX
 8
PARTS
 10
 21.4924
 20
 11.5617
 30
0.0
 42
  0.0985
 0
SEQEND
 8
PARTS
 0
POLYLINE
 8
PARTS
 66
1
 70
1
 10
0.0
 20
0.0
 30
0.0
 0
VERTEX
 8
PARTS
 10
 21.5000
 20
 11.1000
 30
0.0
 42
  0.0985
 0
VERTEX
 8
PARTS
 10
 21.4924
 20
 11.1383
 30
0.0
 42
  0.0985
 0
VERTEX
 8
PARTS
 10
 21.4707
 20
 11.1707
 30
0.0
 42
  0.0985
 0
VERTEX
 8
PARTS
 10
 21.4383
 20
 11.1924
 30
0.0
 42
  0.0985
 0
VERTEX
 8
PARTS
 10
 21.4000
 20
 11.2000
 30
0.0
 42
  0.0985
 0
VERTEX
 8
PARTS
 10
 21.3617
 20
 11.1924
 30
0.0
 42
  0.0985
 0
VERTEX
 8
PARTS
 10
 21.3293
 20
 11.1707
 30
0.0
 42
  0.0985
 0
VERTEX
 8
PARTS
 10
 21.3076
 20
 11.1383
 30
0.0
 42
  0.0985
 0
VERTEX
 8
PARTS
 10
 21.3000
 20
 11.1000
 30
0.0
 42
  0.0985
 0
VERTEX
 8
PARTS
 10
 21.3076
 20
 11.0617
 30
0.0
 42
  0.0985
 0
VERTEX
 8
PARTS
 10
 21.3293
 20
 11.0293
 30
0.0
 42
  0.0985
 0
VERTEX
 8
PARTS
 10
 21.3617
 20
 11.0076
 30
0.0
 42
  0.0985
 0
VERTEX
 8
PARTS
 10
 21.4000
 20
 11.0000
 30
0.0
 42
  0.0985
 0
VERTEX
 8
PARTS
 10
 21.4383
 20
 11.0076
 30
0.0
 42
  0.0985
 0
VERTEX
 8
PARTS
 10
 21.4707
 20
 11.0293
 30
0.0
 42
  0.0985
 0
VERTEX
 8
PARTS
 10
 21.4924
 20
 11.0617
 30
0.0
 42
  0.0985
 0
SEQEND
 8
PARTS
 0
POLYLINE
 8
PARTS
 66
1
 10
0.0
 20
0.0
 30
0.0
 0
VERTEX
 8
PARTS
 10
 21.5000
 20
 11.4000
 30
0.0
 0
VERTEX
 8
PARTS
 10
 21.5000
 20
 11.4000
 30
0.0
 0
VERTEX
 8
PARTS
 10
 21.4000
 20
 11.4000
 30
0.0
 0
SEQEND
 8
PARTS
 0
POLYLINE
 8
PARTS
 66
1
 10
0.0
 20
0.0
 30
0.0
 0
VERTEX
 8
PARTS
 10
 21.5000
 20
 11.3000
 30
0.0
 0
VERTEX
 8
PARTS
 10
 21.5000
 20
 11.3000
 30
0.0
 0
VERTEX
 8
PARTS
 10
 21.4000
 20
 11.3000
 30
0.0
 0
VERTEX
 8
PARTS
 10
 21.4000
 20
 11.2000
 30
0.0
 0
SEQEND
 8
PARTS
 0
POLYLINE
 8
PARTS
 66
1
 10
0.0
 20
0.0
 30
0.0
 0
VERTEX
 8
PARTS
 10
 21.4000
 20
 11.4000
 30
0.0
 0
VERTEX
 8
PARTS
 10
 21.4000
 20
 11.4000
 30
0.0
 0
VERTEX
 8
PARTS
 10
 21.4000
 20
 11.5000
 30
0.0
 0
SEQEND
 8
PARTS
 0
POLYLINE
 8
PARTS
 66
1
 70
1
 10
0.0
 20
0.0
 30
0.0
 0
VERTEX
 8
PARTS
 10
 21.4300
 20
 11.1000
 30
0.0
 42
  0.0985
 0
VERTEX
 8
PARTS
 10
 21.4277
 20
 11.1115
 30
0.0
 42
  0.0985
 0
VERTEX
 8
PARTS
 10
 21.4212
 20
 11.1212
 30
0.0
 42
  0.0985
 0
VERTEX
 8
PARTS
 10
 21.4115
 20
 11.1277
 30
0.0
 42
  0.0985
 0
VERTEX
 8
PARTS
 10
 21.4000
 20
 11.1300
 30
0.0
 42
  0.0985
 0
VERTEX
 8
PARTS
 10
 21.3885
 20
 11.1277
 30
0.0
 42
  0.0985
 0
VERTEX
 8
PARTS
 10
 21.3788
 20
 11.1212
 30
0.0
 42
  0.0985
 0
VERTEX
 8
PARTS
 10
 21.3723
 20
 11.1115
 30
0.0
 42
  0.0985
 0
VERTEX
 8
PARTS
 10
 21.3700
 20
 11.1000
 30
0.0
 42
  0.0985
 0
VERTEX
 8
PARTS
 10
 21.3723
 20
 11.0885
 30
0.0
 42
  0.0985
 0
VERTEX
 8
PARTS
 10
 21.3788
 20
 11.0788
 30
0.0
 42
  0.0985
 0
VERTEX
 8
PARTS
 10
 21.3885
 20
 11.0723
 30
0.0
 42
  0.0985
 0
VERTEX
 8
PARTS
 10
 21.4000
 20
 11.0700
 30
0.0
 42
  0.0985
 0
VERTEX
 8
PARTS
 10
 21.4115
 20
 11.0723
 30
0.0
 42
  0.0985
 0
VERTEX
 8
PARTS
 10
 21.4212
 20
 11.0788
 30
0.0
 42
  0.0985
 0
VERTEX
 8
PARTS
 10
 21.4277
 20
 11.0885
 30
0.0
 42
  0.0985
 0
SEQEND
 8
PARTS
 0
POLYLINE
 8
PARTS
 66
1
 10
0.0
 20
0.0
 30
0.0
 0
VERTEX
 8
PARTS
 10
 21.5000
 20
 11.1000
 30
0.0
 0
VERTEX
 8
PARTS
 10
 21.4000
 20
 11.1000
 30
0.0
 0
SEQEND
 8
PARTS
 0
POLYLINE
 8
PARTS
 66
1
 70
1
 10
0.0
 20
0.0
 30
0.0
 0
VERTEX
 8
PARTS
 10
 21.2000
 20
 11.7000
 30
0.0
 0
VERTEX
 8
PARTS
 10
 21.5000
 20
 11.7000
 30
0.0
 0
VERTEX
 8
PARTS
 10
 21.5000
 20
 11.0000
 30
0.0
 0
VERTEX
 8
PARTS
 10
 21.2000
 20
 11.0000
 30
0.0
 0
SEQEND
 8
PARTS
 0
TEXT
 8
PARTTEXT
 10
 30.1000
 20
  3.7486
 30
0.0
 40
  0.0514
 1
JP2
 0
TEXT
 8
PARTTEXT
 10
 30.1000
 20
  3.2186
 30
0.0
 40
  0.0514
 1
DC Output Header
 0
CIRCLE
 8
PARTS
 10
 30.0700
 20
  3.6000
 30
0.0
 40
  0.0300
 0
LINE
 8
PARTS
 10
 29.8000
 20
  3.6000
 30
0.0
 11
 30.0400
 21
  3.6000
 31
0.0
 0
TEXT
 8
PARTS
 10
 30.1900
 20
  3.5750
 30
0.0
 40
  0.0500
 1
1
 0
TEXT
 8
PARTS
 10
 30.0400
 20
  3.6300
 30
0.0
 40
  0.0500
 1

 0
CIRCLE
 8
PARTS
 10
 30.0700
 20
  3.5000
 30
0.0
 40
  0.0300
 0
LINE
 8
PARTS
 10
 29.8000
 20
  3.5000
 30
0.0
 11
 30.0400
 21
  3.5000
 31
0.0
 0
TEXT
 8
PARTS
 10
 30.1900
 20
  3.4750
 30
0.0
 40
  0.0500
 1
2
 0
TEXT
 8
PARTS
 10
 30.0400
 20
  3.5300
 30
0.0
 40
  0.0500
 1

 0
POLYLINE
 8
PARTS
 66
1
 70
1
 10
0.0
 20
0.0
 30
0.0
 0
VERTEX
 8
PARTS
 10
 30.1000
 20
  3.7000
 30
0.0
 0
VERTEX
 8
PARTS
 10
 30.4000
 20
  3.7000
 30
0.0
 0
VERTEX
 8
PARTS
 10
 30.4000
 20
  3.4000
 30
0.0
 0
VERTEX
 8
PARTS
 10
 30.1000
 20
  3.4000
 30
0.0
 0
SEQEND
 8
PARTS
 0
TEXT
 8
PARTTEXT
 10
 26.6000
 20
  4.3186
 30
0.0
 40
  0.0514
 1
TP1
 0
TEXT
 8
PARTTEXT
 10
 26.7000
 20
  4.0186
 30
0.0
 40
  0.0514
 1
Common GND
 0
LINE
 8
PARTS
 10
 26.6000
 20
  3.9000
 30
0.0
 11
 26.6000
 21
  4.0000
 31
0.0
 0
TEXT
 8
PARTS
 10
 26.6300
 20
  3.8800
 30
0.0
 40
  0.0500
 50
270.0000
 1
1
 0
POLYLINE
 8
PARTS
 66
1
 70
1
 10
0.0
 20
0.0
 30
0.0
 0
VERTEX
 8
PARTS
 10
 26.6500
 20
  4.0500
 30
0.0
 42
  0.0985
 0
VERTEX
 8
PARTS
 10
 26.6462
 20
  4.0691
 30
0.0
 42
  0.0985
 0
VERTEX
 8
PARTS
 10
 26.6354
 20
  4.0854
 30
0.0
 42
  0.0985
 0
VERTEX
 8
PARTS
 10
 26.6191
 20
  4.0962
 30
0.0
 42
  0.0985
 0
VERTEX
 8
PARTS
 10
 26.6000
 20
  4.1000
 30
0.0
 42
  0.0985
 0
VERTEX
 8
PARTS
 10
 26.5809
 20
  4.0962
 30
0.0
 42
  0.0985
 0
VERTEX
 8
PARTS
 10
 26.5646
 20
  4.0854
 30
0.0
 42
  0.0985
 0
VERTEX
 8
PARTS
 10
 26.5538
 20
  4.0691
 30
0.0
 42
  0.0985
 0
VERTEX
 8
PARTS
 10
 26.5500
 20
  4.0500
 30
0.0
 42
  0.0985
 0
VERTEX
 8
PARTS
 10
 26.5538
 20
  4.0309
 30
0.0
 42
  0.0985
 0
VERTEX
 8
PARTS
 10
 26.5646
 20
  4.0146
 30
0.0
 42
  0.0985
 0
VERTEX
 8
PARTS
 10
 26.5809
 20
  4.0038
 30
0.0
 42
  0.0985
 0
VERTEX
 8
PARTS
 10
 26.6000
 20
  4.0000
 30
0.0
 42
  0.0985
 0
VERTEX
 8
PARTS
 10
 26.6191
 20
  4.0038
 30
0.0
 42
  0.0985
 0
VERTEX
 8
PARTS
 10
 26.6354
 20
  4.0146
 30
0.0
 42
  0.0985
 0
VERTEX
 8
PARTS
 10
 26.6462
 20
  4.0309
 30
0.0
 42
  0.0985
 0
SEQEND
 8
PARTS
 0
TEXT
 8
PARTTEXT
 10
 18.5000
 20
 11.8786
 30
0.0
 40
  0.0514
 1
P5
 0
TEXT
 8
PARTTEXT
 10
 18.5000
 20
 11.6786
 30
0.0
 40
  0.0514
 1
BNC
 0
LINE
 8
PARTS
 10
 18.4000
 20
 11.6000
 30
0.0
 11
 18.5000
 21
 11.6000
 31
0.0
 0
TEXT
 8
PARTS
 10
 18.4000
 20
 11.6300
 30
0.0
 40
  0.0500
 1
1
 0
LINE
 8
PARTS
 10
 18.6000
 20
 11.2000
 30
0.0
 11
 18.6000
 21
 11.5000
 31
0.0
 0
TEXT
 8
PARTS
 10
 18.6300
 20
 11.3800
 30
0.0
 40
  0.0500
 50
270.0000
 1
2
 0
POLYLINE
 8
PARTS
 66
1
 70
1
 10
0.0
 20
0.0
 30
0.0
 0
VERTEX
 8
PARTS
 10
 18.6300
 20
 11.6000
 30
0.0
 42
  0.0985
 0
VERTEX
 8
PARTS
 10
 18.6277
 20
 11.6115
 30
0.0
 42
  0.0985
 0
VERTEX
 8
PARTS
 10
 18.6212
 20
 11.6212
 30
0.0
 42
  0.0985
 0
VERTEX
 8
PARTS
 10
 18.6115
 20
 11.6277
 30
0.0
 42
  0.0985
 0
VERTEX
 8
PARTS
 10
 18.6000
 20
 11.6300
 30
0.0
 42
  0.0985
 0
VERTEX
 8
PARTS
 10
 18.5885
 20
 11.6277
 30
0.0
 42
  0.0985
 0
VERTEX
 8
PARTS
 10
 18.5788
 20
 11.6212
 30
0.0
 42
  0.0985
 0
VERTEX
 8
PARTS
 10
 18.5723
 20
 11.6115
 30
0.0
 42
  0.0985
 0
VERTEX
 8
PARTS
 10
 18.5700
 20
 11.6000
 30
0.0
 42
  0.0985
 0
VERTEX
 8
PARTS
 10
 18.5723
 20
 11.5885
 30
0.0
 42
  0.0985
 0
VERTEX
 8
PARTS
 10
 18.5788
 20
 11.5788
 30
0.0
 42
  0.0985
 0
VERTEX
 8
PARTS
 10
 18.5885
 20
 11.5723
 30
0.0
 42
  0.0985
 0
VERTEX
 8
PARTS
 10
 18.6000
 20
 11.5700
 30
0.0
 42
  0.0985
 0
VERTEX
 8
PARTS
 10
 18.6115
 20
 11.5723
 30
0.0
 42
  0.0985
 0
VERTEX
 8
PARTS
 10
 18.6212
 20
 11.5788
 30
0.0
 42
  0.0985
 0
VERTEX
 8
PARTS
 10
 18.6277
 20
 11.5885
 30
0.0
 42
  0.0985
 0
SEQEND
 8
PARTS
 0
POLYLINE
 8
PARTS
 66
1
 10
0.0
 20
0.0
 30
0.0
 0
VERTEX
 8
PARTS
 10
 18.5000
 20
 11.6000
 30
0.0
 0
VERTEX
 8
PARTS
 10
 18.5700
 20
 11.6000
 30
0.0
 0
SEQEND
 8
PARTS
 0
POLYLINE
 8
PARTS
 66
1
 70
1
 10
0.0
 20
0.0
 30
0.0
 0
VERTEX
 8
PARTS
 10
 18.7000
 20
 11.6000
 30
0.0
 42
  0.0985
 0
VERTEX
 8
PARTS
 10
 18.6924
 20
 11.6383
 30
0.0
 42
  0.0985
 0
VERTEX
 8
PARTS
 10
 18.6707
 20
 11.6707
 30
0.0
 42
  0.0985
 0
VERTEX
 8
PARTS
 10
 18.6383
 20
 11.6924
 30
0.0
 42
  0.0985
 0
VERTEX
 8
PARTS
 10
 18.6000
 20
 11.7000
 30
0.0
 42
  0.0985
 0
VERTEX
 8
PARTS
 10
 18.5617
 20
 11.6924
 30
0.0
 42
  0.0985
 0
VERTEX
 8
PARTS
 10
 18.5293
 20
 11.6707
 30
0.0
 42
  0.0985
 0
VERTEX
 8
PARTS
 10
 18.5076
 20
 11.6383
 30
0.0
 42
  0.0985
 0
VERTEX
 8
PARTS
 10
 18.5000
 20
 11.6000
 30
0.0
 42
  0.0985
 0
VERTEX
 8
PARTS
 10
 18.5076
 20
 11.5617
 30
0.0
 42
  0.0985
 0
VERTEX
 8
PARTS
 10
 18.5293
 20
 11.5293
 30
0.0
 42
  0.0985
 0
VERTEX
 8
PARTS
 10
 18.5617
 20
 11.5076
 30
0.0
 42
  0.0985
 0
VERTEX
 8
PARTS
 10
 18.6000
 20
 11.5000
 30
0.0
 42
  0.0985
 0
VERTEX
 8
PARTS
 10
 18.6383
 20
 11.5076
 30
0.0
 42
  0.0985
 0
VERTEX
 8
PARTS
 10
 18.6707
 20
 11.5293
 30
0.0
 42
  0.0985
 0
VERTEX
 8
PARTS
 10
 18.6924
 20
 11.5617
 30
0.0
 42
  0.0985
 0
SEQEND
 8
PARTS
 0
TEXT
 8
PARTTEXT
 10
  9.4000
 20
 12.1786
 30
0.0
 40
  0.0514
 1
P4
 0
TEXT
 8
PARTTEXT
 10
  9.4000
 20
 11.9786
 30
0.0
 40
  0.0514
 1
BNC
 0
LINE
 8
PARTS
 10
  9.3000
 20
 11.9000
 30
0.0
 11
  9.4000
 21
 11.9000
 31
0.0
 0
TEXT
 8
PARTS
 10
  9.3000
 20
 11.9300
 30
0.0
 40
  0.0500
 1
1
 0
LINE
 8
PARTS
 10
  9.5000
 20
 11.5000
 30
0.0
 11
  9.5000
 21
 11.8000
 31
0.0
 0
TEXT
 8
PARTS
 10
  9.5300
 20
 11.6800
 30
0.0
 40
  0.0500
 50
270.0000
 1
2
 0
POLYLINE
 8
PARTS
 66
1
 70
1
 10
0.0
 20
0.0
 30
0.0
 0
VERTEX
 8
PARTS
 10
  9.5300
 20
 11.9000
 30
0.0
 42
  0.0985
 0
VERTEX
 8
PARTS
 10
  9.5277
 20
 11.9115
 30
0.0
 42
  0.0985
 0
VERTEX
 8
PARTS
 10
  9.5212
 20
 11.9212
 30
0.0
 42
  0.0985
 0
VERTEX
 8
PARTS
 10
  9.5115
 20
 11.9277
 30
0.0
 42
  0.0985
 0
VERTEX
 8
PARTS
 10
  9.5000
 20
 11.9300
 30
0.0
 42
  0.0985
 0
VERTEX
 8
PARTS
 10
  9.4885
 20
 11.9277
 30
0.0
 42
  0.0985
 0
VERTEX
 8
PARTS
 10
  9.4788
 20
 11.9212
 30
0.0
 42
  0.0985
 0
VERTEX
 8
PARTS
 10
  9.4723
 20
 11.9115
 30
0.0
 42
  0.0985
 0
VERTEX
 8
PARTS
 10
  9.4700
 20
 11.9000
 30
0.0
 42
  0.0985
 0
VERTEX
 8
PARTS
 10
  9.4723
 20
 11.8885
 30
0.0
 42
  0.0985
 0
VERTEX
 8
PARTS
 10
  9.4788
 20
 11.8788
 30
0.0
 42
  0.0985
 0
VERTEX
 8
PARTS
 10
  9.4885
 20
 11.8723
 30
0.0
 42
  0.0985
 0
VERTEX
 8
PARTS
 10
  9.5000
 20
 11.8700
 30
0.0
 42
  0.0985
 0
VERTEX
 8
PARTS
 10
  9.5115
 20
 11.8723
 30
0.0
 42
  0.0985
 0
VERTEX
 8
PARTS
 10
  9.5212
 20
 11.8788
 30
0.0
 42
  0.0985
 0
VERTEX
 8
PARTS
 10
  9.5277
 20
 11.8885
 30
0.0
 42
  0.0985
 0
SEQEND
 8
PARTS
 0
POLYLINE
 8
PARTS
 66
1
 10
0.0
 20
0.0
 30
0.0
 0
VERTEX
 8
PARTS
 10
  9.4000
 20
 11.9000
 30
0.0
 0
VERTEX
 8
PARTS
 10
  9.4700
 20
 11.9000
 30
0.0
 0
SEQEND
 8
PARTS
 0
POLYLINE
 8
PARTS
 66
1
 70
1
 10
0.0
 20
0.0
 30
0.0
 0
VERTEX
 8
PARTS
 10
  9.6000
 20
 11.9000
 30
0.0
 42
  0.0985
 0
VERTEX
 8
PARTS
 10
  9.5924
 20
 11.9383
 30
0.0
 42
  0.0985
 0
VERTEX
 8
PARTS
 10
  9.5707
 20
 11.9707
 30
0.0
 42
  0.0985
 0
VERTEX
 8
PARTS
 10
  9.5383
 20
 11.9924
 30
0.0
 42
  0.0985
 0
VERTEX
 8
PARTS
 10
  9.5000
 20
 12.0000
 30
0.0
 42
  0.0985
 0
VERTEX
 8
PARTS
 10
  9.4617
 20
 11.9924
 30
0.0
 42
  0.0985
 0
VERTEX
 8
PARTS
 10
  9.4293
 20
 11.9707
 30
0.0
 42
  0.0985
 0
VERTEX
 8
PARTS
 10
  9.4076
 20
 11.9383
 30
0.0
 42
  0.0985
 0
VERTEX
 8
PARTS
 10
  9.4000
 20
 11.9000
 30
0.0
 42
  0.0985
 0
VERTEX
 8
PARTS
 10
  9.4076
 20
 11.8617
 30
0.0
 42
  0.0985
 0
VERTEX
 8
PARTS
 10
  9.4293
 20
 11.8293
 30
0.0
 42
  0.0985
 0
VERTEX
 8
PARTS
 10
  9.4617
 20
 11.8076
 30
0.0
 42
  0.0985
 0
VERTEX
 8
PARTS
 10
  9.5000
 20
 11.8000
 30
0.0
 42
  0.0985
 0
VERTEX
 8
PARTS
 10
  9.5383
 20
 11.8076
 30
0.0
 42
  0.0985
 0
VERTEX
 8
PARTS
 10
  9.5707
 20
 11.8293
 30
0.0
 42
  0.0985
 0
VERTEX
 8
PARTS
 10
  9.5924
 20
 11.8617
 30
0.0
 42
  0.0985
 0
SEQEND
 8
PARTS
 0
TEXT
 8
PARTTEXT
 10
  9.5000
 20
  6.7786
 30
0.0
 40
  0.0514
 1
P7
 0
TEXT
 8
PARTTEXT
 10
  9.5000
 20
  6.5786
 30
0.0
 40
  0.0514
 1
BNC
 0
LINE
 8
PARTS
 10
  9.4000
 20
  6.5000
 30
0.0
 11
  9.5000
 21
  6.5000
 31
0.0
 0
TEXT
 8
PARTS
 10
  9.4000
 20
  6.5300
 30
0.0
 40
  0.0500
 1
1
 0
LINE
 8
PARTS
 10
  9.6000
 20
  6.1000
 30
0.0
 11
  9.6000
 21
  6.4000
 31
0.0
 0
TEXT
 8
PARTS
 10
  9.6300
 20
  6.2800
 30
0.0
 40
  0.0500
 50
270.0000
 1
2
 0
POLYLINE
 8
PARTS
 66
1
 70
1
 10
0.0
 20
0.0
 30
0.0
 0
VERTEX
 8
PARTS
 10
  9.6300
 20
  6.5000
 30
0.0
 42
  0.0985
 0
VERTEX
 8
PARTS
 10
  9.6277
 20
  6.5115
 30
0.0
 42
  0.0985
 0
VERTEX
 8
PARTS
 10
  9.6212
 20
  6.5212
 30
0.0
 42
  0.0985
 0
VERTEX
 8
PARTS
 10
  9.6115
 20
  6.5277
 30
0.0
 42
  0.0985
 0
VERTEX
 8
PARTS
 10
  9.6000
 20
  6.5300
 30
0.0
 42
  0.0985
 0
VERTEX
 8
PARTS
 10
  9.5885
 20
  6.5277
 30
0.0
 42
  0.0985
 0
VERTEX
 8
PARTS
 10
  9.5788
 20
  6.5212
 30
0.0
 42
  0.0985
 0
VERTEX
 8
PARTS
 10
  9.5723
 20
  6.5115
 30
0.0
 42
  0.0985
 0
VERTEX
 8
PARTS
 10
  9.5700
 20
  6.5000
 30
0.0
 42
  0.0985
 0
VERTEX
 8
PARTS
 10
  9.5723
 20
  6.4885
 30
0.0
 42
  0.0985
 0
VERTEX
 8
PARTS
 10
  9.5788
 20
  6.4788
 30
0.0
 42
  0.0985
 0
VERTEX
 8
PARTS
 10
  9.5885
 20
  6.4723
 30
0.0
 42
  0.0985
 0
VERTEX
 8
PARTS
 10
  9.6000
 20
  6.4700
 30
0.0
 42
  0.0985
 0
VERTEX
 8
PARTS
 10
  9.6115
 20
  6.4723
 30
0.0
 42
  0.0985
 0
VERTEX
 8
PARTS
 10
  9.6212
 20
  6.4788
 30
0.0
 42
  0.0985
 0
VERTEX
 8
PARTS
 10
  9.6277
 20
  6.4885
 30
0.0
 42
  0.0985
 0
SEQEND
 8
PARTS
 0
POLYLINE
 8
PARTS
 66
1
 10
0.0
 20
0.0
 30
0.0
 0
VERTEX
 8
PARTS
 10
  9.5000
 20
  6.5000
 30
0.0
 0
VERTEX
 8
PARTS
 10
  9.5700
 20
  6.5000
 30
0.0
 0
SEQEND
 8
PARTS
 0
POLYLINE
 8
PARTS
 66
1
 70
1
 10
0.0
 20
0.0
 30
0.0
 0
VERTEX
 8
PARTS
 10
  9.7000
 20
  6.5000
 30
0.0
 42
  0.0985
 0
VERTEX
 8
PARTS
 10
  9.6924
 20
  6.5383
 30
0.0
 42
  0.0985
 0
VERTEX
 8
PARTS
 10
  9.6707
 20
  6.5707
 30
0.0
 42
  0.0985
 0
VERTEX
 8
PARTS
 10
  9.6383
 20
  6.5924
 30
0.0
 42
  0.0985
 0
VERTEX
 8
PARTS
 10
  9.6000
 20
  6.6000
 30
0.0
 42
  0.0985
 0
VERTEX
 8
PARTS
 10
  9.5617
 20
  6.5924
 30
0.0
 42
  0.0985
 0
VERTEX
 8
PARTS
 10
  9.5293
 20
  6.5707
 30
0.0
 42
  0.0985
 0
VERTEX
 8
PARTS
 10
  9.5076
 20
  6.5383
 30
0.0
 42
  0.0985
 0
VERTEX
 8
PARTS
 10
  9.5000
 20
  6.5000
 30
0.0
 42
  0.0985
 0
VERTEX
 8
PARTS
 10
  9.5076
 20
  6.4617
 30
0.0
 42
  0.0985
 0
VERTEX
 8
PARTS
 10
  9.5293
 20
  6.4293
 30
0.0
 42
  0.0985
 0
VERTEX
 8
PARTS
 10
  9.5617
 20
  6.4076
 30
0.0
 42
  0.0985
 0
VERTEX
 8
PARTS
 10
  9.6000
 20
  6.4000
 30
0.0
 42
  0.0985
 0
VERTEX
 8
PARTS
 10
  9.6383
 20
  6.4076
 30
0.0
 42
  0.0985
 0
VERTEX
 8
PARTS
 10
  9.6707
 20
  6.4293
 30
0.0
 42
  0.0985
 0
VERTEX
 8
PARTS
 10
  9.6924
 20
  6.4617
 30
0.0
 42
  0.0985
 0
SEQEND
 8
PARTS
 0
TEXT
 8
PARTTEXT
 10
 28.9000
 20
 16.7786
 30
0.0
 40
  0.0514
 1
P3
 0
TEXT
 8
PARTTEXT
 10
 28.9000
 20
 16.5786
 30
0.0
 40
  0.0514
 1
BNC
 0
LINE
 8
PARTS
 10
 28.8000
 20
 16.5000
 30
0.0
 11
 28.9000
 21
 16.5000
 31
0.0
 0
TEXT
 8
PARTS
 10
 28.8000
 20
 16.5300
 30
0.0
 40
  0.0500
 1
1
 0
LINE
 8
PARTS
 10
 29.0000
 20
 16.1000
 30
0.0
 11
 29.0000
 21
 16.4000
 31
0.0
 0
TEXT
 8
PARTS
 10
 29.0300
 20
 16.2800
 30
0.0
 40
  0.0500
 50
270.0000
 1
2
 0
POLYLINE
 8
PARTS
 66
1
 70
1
 10
0.0
 20
0.0
 30
0.0
 0
VERTEX
 8
PARTS
 10
 29.0300
 20
 16.5000
 30
0.0
 42
  0.0985
 0
VERTEX
 8
PARTS
 10
 29.0277
 20
 16.5115
 30
0.0
 42
  0.0985
 0
VERTEX
 8
PARTS
 10
 29.0212
 20
 16.5212
 30
0.0
 42
  0.0985
 0
VERTEX
 8
PARTS
 10
 29.0115
 20
 16.5277
 30
0.0
 42
  0.0985
 0
VERTEX
 8
PARTS
 10
 29.0000
 20
 16.5300
 30
0.0
 42
  0.0985
 0
VERTEX
 8
PARTS
 10
 28.9885
 20
 16.5277
 30
0.0
 42
  0.0985
 0
VERTEX
 8
PARTS
 10
 28.9788
 20
 16.5212
 30
0.0
 42
  0.0985
 0
VERTEX
 8
PARTS
 10
 28.9723
 20
 16.5115
 30
0.0
 42
  0.0985
 0
VERTEX
 8
PARTS
 10
 28.9700
 20
 16.5000
 30
0.0
 42
  0.0985
 0
VERTEX
 8
PARTS
 10
 28.9723
 20
 16.4885
 30
0.0
 42
  0.0985
 0
VERTEX
 8
PARTS
 10
 28.9788
 20
 16.4788
 30
0.0
 42
  0.0985
 0
VERTEX
 8
PARTS
 10
 28.9885
 20
 16.4723
 30
0.0
 42
  0.0985
 0
VERTEX
 8
PARTS
 10
 29.0000
 20
 16.4700
 30
0.0
 42
  0.0985
 0
VERTEX
 8
PARTS
 10
 29.0115
 20
 16.4723
 30
0.0
 42
  0.0985
 0
VERTEX
 8
PARTS
 10
 29.0212
 20
 16.4788
 30
0.0
 42
  0.0985
 0
VERTEX
 8
PARTS
 10
 29.0277
 20
 16.4885
 30
0.0
 42
  0.0985
 0
SEQEND
 8
PARTS
 0
POLYLINE
 8
PARTS
 66
1
 10
0.0
 20
0.0
 30
0.0
 0
VERTEX
 8
PARTS
 10
 28.9000
 20
 16.5000
 30
0.0
 0
VERTEX
 8
PARTS
 10
 28.9700
 20
 16.5000
 30
0.0
 0
SEQEND
 8
PARTS
 0
POLYLINE
 8
PARTS
 66
1
 70
1
 10
0.0
 20
0.0
 30
0.0
 0
VERTEX
 8
PARTS
 10
 29.1000
 20
 16.5000
 30
0.0
 42
  0.0985
 0
VERTEX
 8
PARTS
 10
 29.0924
 20
 16.5383
 30
0.0
 42
  0.0985
 0
VERTEX
 8
PARTS
 10
 29.0707
 20
 16.5707
 30
0.0
 42
  0.0985
 0
VERTEX
 8
PARTS
 10
 29.0383
 20
 16.5924
 30
0.0
 42
  0.0985
 0
VERTEX
 8
PARTS
 10
 29.0000
 20
 16.6000
 30
0.0
 42
  0.0985
 0
VERTEX
 8
PARTS
 10
 28.9617
 20
 16.5924
 30
0.0
 42
  0.0985
 0
VERTEX
 8
PARTS
 10
 28.9293
 20
 16.5707
 30
0.0
 42
  0.0985
 0
VERTEX
 8
PARTS
 10
 28.9076
 20
 16.5383
 30
0.0
 42
  0.0985
 0
VERTEX
 8
PARTS
 10
 28.9000
 20
 16.5000
 30
0.0
 42
  0.0985
 0
VERTEX
 8
PARTS
 10
 28.9076
 20
 16.4617
 30
0.0
 42
  0.0985
 0
VERTEX
 8
PARTS
 10
 28.9293
 20
 16.4293
 30
0.0
 42
  0.0985
 0
VERTEX
 8
PARTS
 10
 28.9617
 20
 16.4076
 30
0.0
 42
  0.0985
 0
VERTEX
 8
PARTS
 10
 29.0000
 20
 16.4000
 30
0.0
 42
  0.0985
 0
VERTEX
 8
PARTS
 10
 29.0383
 20
 16.4076
 30
0.0
 42
  0.0985
 0
VERTEX
 8
PARTS
 10
 29.0707
 20
 16.4293
 30
0.0
 42
  0.0985
 0
VERTEX
 8
PARTS
 10
 29.0924
 20
 16.4617
 30
0.0
 42
  0.0985
 0
SEQEND
 8
PARTS
 0
TEXT
 8
PARTTEXT
 10
 18.7000
 20
  6.2786
 30
0.0
 40
  0.0514
 1
P8
 0
TEXT
 8
PARTTEXT
 10
 18.7000
 20
  6.0786
 30
0.0
 40
  0.0514
 1
BNC
 0
LINE
 8
PARTS
 10
 18.6000
 20
  6.0000
 30
0.0
 11
 18.7000
 21
  6.0000
 31
0.0
 0
TEXT
 8
PARTS
 10
 18.6000
 20
  6.0300
 30
0.0
 40
  0.0500
 1
1
 0
LINE
 8
PARTS
 10
 18.8000
 20
  5.6000
 30
0.0
 11
 18.8000
 21
  5.9000
 31
0.0
 0
TEXT
 8
PARTS
 10
 18.8300
 20
  5.7800
 30
0.0
 40
  0.0500
 50
270.0000
 1
2
 0
POLYLINE
 8
PARTS
 66
1
 70
1
 10
0.0
 20
0.0
 30
0.0
 0
VERTEX
 8
PARTS
 10
 18.8300
 20
  6.0000
 30
0.0
 42
  0.0985
 0
VERTEX
 8
PARTS
 10
 18.8277
 20
  6.0115
 30
0.0
 42
  0.0985
 0
VERTEX
 8
PARTS
 10
 18.8212
 20
  6.0212
 30
0.0
 42
  0.0985
 0
VERTEX
 8
PARTS
 10
 18.8115
 20
  6.0277
 30
0.0
 42
  0.0985
 0
VERTEX
 8
PARTS
 10
 18.8000
 20
  6.0300
 30
0.0
 42
  0.0985
 0
VERTEX
 8
PARTS
 10
 18.7885
 20
  6.0277
 30
0.0
 42
  0.0985
 0
VERTEX
 8
PARTS
 10
 18.7788
 20
  6.0212
 30
0.0
 42
  0.0985
 0
VERTEX
 8
PARTS
 10
 18.7723
 20
  6.0115
 30
0.0
 42
  0.0985
 0
VERTEX
 8
PARTS
 10
 18.7700
 20
  6.0000
 30
0.0
 42
  0.0985
 0
VERTEX
 8
PARTS
 10
 18.7723
 20
  5.9885
 30
0.0
 42
  0.0985
 0
VERTEX
 8
PARTS
 10
 18.7788
 20
  5.9788
 30
0.0
 42
  0.0985
 0
VERTEX
 8
PARTS
 10
 18.7885
 20
  5.9723
 30
0.0
 42
  0.0985
 0
VERTEX
 8
PARTS
 10
 18.8000
 20
  5.9700
 30
0.0
 42
  0.0985
 0
VERTEX
 8
PARTS
 10
 18.8115
 20
  5.9723
 30
0.0
 42
  0.0985
 0
VERTEX
 8
PARTS
 10
 18.8212
 20
  5.9788
 30
0.0
 42
  0.0985
 0
VERTEX
 8
PARTS
 10
 18.8277
 20
  5.9885
 30
0.0
 42
  0.0985
 0
SEQEND
 8
PARTS
 0
POLYLINE
 8
PARTS
 66
1
 10
0.0
 20
0.0
 30
0.0
 0
VERTEX
 8
PARTS
 10
 18.7000
 20
  6.0000
 30
0.0
 0
VERTEX
 8
PARTS
 10
 18.7700
 20
  6.0000
 30
0.0
 0
SEQEND
 8
PARTS
 0
POLYLINE
 8
PARTS
 66
1
 70
1
 10
0.0
 20
0.0
 30
0.0
 0
VERTEX
 8
PARTS
 10
 18.9000
 20
  6.0000
 30
0.0
 42
  0.0985
 0
VERTEX
 8
PARTS
 10
 18.8924
 20
  6.0383
 30
0.0
 42
  0.0985
 0
VERTEX
 8
PARTS
 10
 18.8707
 20
  6.0707
 30
0.0
 42
  0.0985
 0
VERTEX
 8
PARTS
 10
 18.8383
 20
  6.0924
 30
0.0
 42
  0.0985
 0
VERTEX
 8
PARTS
 10
 18.8000
 20
  6.1000
 30
0.0
 42
  0.0985
 0
VERTEX
 8
PARTS
 10
 18.7617
 20
  6.0924
 30
0.0
 42
  0.0985
 0
VERTEX
 8
PARTS
 10
 18.7293
 20
  6.0707
 30
0.0
 42
  0.0985
 0
VERTEX
 8
PARTS
 10
 18.7076
 20
  6.0383
 30
0.0
 42
  0.0985
 0
VERTEX
 8
PARTS
 10
 18.7000
 20
  6.0000
 30
0.0
 42
  0.0985
 0
VERTEX
 8
PARTS
 10
 18.7076
 20
  5.9617
 30
0.0
 42
  0.0985
 0
VERTEX
 8
PARTS
 10
 18.7293
 20
  5.9293
 30
0.0
 42
  0.0985
 0
VERTEX
 8
PARTS
 10
 18.7617
 20
  5.9076
 30
0.0
 42
  0.0985
 0
VERTEX
 8
PARTS
 10
 18.8000
 20
  5.9000
 30
0.0
 42
  0.0985
 0
VERTEX
 8
PARTS
 10
 18.8383
 20
  5.9076
 30
0.0
 42
  0.0985
 0
VERTEX
 8
PARTS
 10
 18.8707
 20
  5.9293
 30
0.0
 42
  0.0985
 0
VERTEX
 8
PARTS
 10
 18.8924
 20
  5.9617
 30
0.0
 42
  0.0985
 0
SEQEND
 8
PARTS
 0
TEXT
 8
PARTTEXT
 10
 28.9000
 20
 11.6786
 30
0.0
 40
  0.0514
 1
P6
 0
TEXT
 8
PARTTEXT
 10
 28.9000
 20
 11.4786
 30
0.0
 40
  0.0514
 1
BNC
 0
LINE
 8
PARTS
 10
 28.8000
 20
 11.4000
 30
0.0
 11
 28.9000
 21
 11.4000
 31
0.0
 0
TEXT
 8
PARTS
 10
 28.8000
 20
 11.4300
 30
0.0
 40
  0.0500
 1
1
 0
LINE
 8
PARTS
 10
 29.0000
 20
 11.0000
 30
0.0
 11
 29.0000
 21
 11.3000
 31
0.0
 0
TEXT
 8
PARTS
 10
 29.0300
 20
 11.1800
 30
0.0
 40
  0.0500
 50
270.0000
 1
2
 0
POLYLINE
 8
PARTS
 66
1
 70
1
 10
0.0
 20
0.0
 30
0.0
 0
VERTEX
 8
PARTS
 10
 29.0300
 20
 11.4000
 30
0.0
 42
  0.0985
 0
VERTEX
 8
PARTS
 10
 29.0277
 20
 11.4115
 30
0.0
 42
  0.0985
 0
VERTEX
 8
PARTS
 10
 29.0212
 20
 11.4212
 30
0.0
 42
  0.0985
 0
VERTEX
 8
PARTS
 10
 29.0115
 20
 11.4277
 30
0.0
 42
  0.0985
 0
VERTEX
 8
PARTS
 10
 29.0000
 20
 11.4300
 30
0.0
 42
  0.0985
 0
VERTEX
 8
PARTS
 10
 28.9885
 20
 11.4277
 30
0.0
 42
  0.0985
 0
VERTEX
 8
PARTS
 10
 28.9788
 20
 11.4212
 30
0.0
 42
  0.0985
 0
VERTEX
 8
PARTS
 10
 28.9723
 20
 11.4115
 30
0.0
 42
  0.0985
 0
VERTEX
 8
PARTS
 10
 28.9700
 20
 11.4000
 30
0.0
 42
  0.0985
 0
VERTEX
 8
PARTS
 10
 28.9723
 20
 11.3885
 30
0.0
 42
  0.0985
 0
VERTEX
 8
PARTS
 10
 28.9788
 20
 11.3788
 30
0.0
 42
  0.0985
 0
VERTEX
 8
PARTS
 10
 28.9885
 20
 11.3723
 30
0.0
 42
  0.0985
 0
VERTEX
 8
PARTS
 10
 29.0000
 20
 11.3700
 30
0.0
 42
  0.0985
 0
VERTEX
 8
PARTS
 10
 29.0115
 20
 11.3723
 30
0.0
 42
  0.0985
 0
VERTEX
 8
PARTS
 10
 29.0212
 20
 11.3788
 30
0.0
 42
  0.0985
 0
VERTEX
 8
PARTS
 10
 29.0277
 20
 11.3885
 30
0.0
 42
  0.0985
 0
SEQEND
 8
PARTS
 0
POLYLINE
 8
PARTS
 66
1
 10
0.0
 20
0.0
 30
0.0
 0
VERTEX
 8
PARTS
 10
 28.9000
 20
 11.4000
 30
0.0
 0
VERTEX
 8
PARTS
 10
 28.9700
 20
 11.4000
 30
0.0
 0
SEQEND
 8
PARTS
 0
POLYLINE
 8
PARTS
 66
1
 70
1
 10
0.0
 20
0.0
 30
0.0
 0
VERTEX
 8
PARTS
 10
 29.1000
 20
 11.4000
 30
0.0
 42
  0.0985
 0
VERTEX
 8
PARTS
 10
 29.0924
 20
 11.4383
 30
0.0
 42
  0.0985
 0
VERTEX
 8
PARTS
 10
 29.0707
 20
 11.4707
 30
0.0
 42
  0.0985
 0
VERTEX
 8
PARTS
 10
 29.0383
 20
 11.4924
 30
0.0
 42
  0.0985
 0
VERTEX
 8
PARTS
 10
 29.0000
 20
 11.5000
 30
0.0
 42
  0.0985
 0
VERTEX
 8
PARTS
 10
 28.9617
 20
 11.4924
 30
0.0
 42
  0.0985
 0
VERTEX
 8
PARTS
 10
 28.9293
 20
 11.4707
 30
0.0
 42
  0.0985
 0
VERTEX
 8
PARTS
 10
 28.9076
 20
 11.4383
 30
0.0
 42
  0.0985
 0
VERTEX
 8
PARTS
 10
 28.9000
 20
 11.4000
 30
0.0
 42
  0.0985
 0
VERTEX
 8
PARTS
 10
 28.9076
 20
 11.3617
 30
0.0
 42
  0.0985
 0
VERTEX
 8
PARTS
 10
 28.9293
 20
 11.3293
 30
0.0
 42
  0.0985
 0
VERTEX
 8
PARTS
 10
 28.9617
 20
 11.3076
 30
0.0
 42
  0.0985
 0
VERTEX
 8
PARTS
 10
 29.0000
 20
 11.3000
 30
0.0
 42
  0.0985
 0
VERTEX
 8
PARTS
 10
 29.0383
 20
 11.3076
 30
0.0
 42
  0.0985
 0
VERTEX
 8
PARTS
 10
 29.0707
 20
 11.3293
 30
0.0
 42
  0.0985
 0
VERTEX
 8
PARTS
 10
 29.0924
 20
 11.3617
 30
0.0
 42
  0.0985
 0
SEQEND
 8
PARTS
 0
TEXT
 8
PARTTEXT
 10
  9.2000
 20
 17.3786
 30
0.0
 40
  0.0514
 1
P1
 0
TEXT
 8
PARTTEXT
 10
  9.2000
 20
 17.1786
 30
0.0
 40
  0.0514
 1
BNC
 0
LINE
 8
PARTS
 10
  9.1000
 20
 17.1000
 30
0.0
 11
  9.2000
 21
 17.1000
 31
0.0
 0
TEXT
 8
PARTS
 10
  9.1000
 20
 17.1300
 30
0.0
 40
  0.0500
 1
1
 0
LINE
 8
PARTS
 10
  9.3000
 20
 16.7000
 30
0.0
 11
  9.3000
 21
 17.0000
 31
0.0
 0
TEXT
 8
PARTS
 10
  9.3300
 20
 16.8800
 30
0.0
 40
  0.0500
 50
270.0000
 1
2
 0
POLYLINE
 8
PARTS
 66
1
 70
1
 10
0.0
 20
0.0
 30
0.0
 0
VERTEX
 8
PARTS
 10
  9.3300
 20
 17.1000
 30
0.0
 42
  0.0985
 0
VERTEX
 8
PARTS
 10
  9.3277
 20
 17.1115
 30
0.0
 42
  0.0985
 0
VERTEX
 8
PARTS
 10
  9.3212
 20
 17.1212
 30
0.0
 42
  0.0985
 0
VERTEX
 8
PARTS
 10
  9.3115
 20
 17.1277
 30
0.0
 42
  0.0985
 0
VERTEX
 8
PARTS
 10
  9.3000
 20
 17.1300
 30
0.0
 42
  0.0985
 0
VERTEX
 8
PARTS
 10
  9.2885
 20
 17.1277
 30
0.0
 42
  0.0985
 0
VERTEX
 8
PARTS
 10
  9.2788
 20
 17.1212
 30
0.0
 42
  0.0985
 0
VERTEX
 8
PARTS
 10
  9.2723
 20
 17.1115
 30
0.0
 42
  0.0985
 0
VERTEX
 8
PARTS
 10
  9.2700
 20
 17.1000
 30
0.0
 42
  0.0985
 0
VERTEX
 8
PARTS
 10
  9.2723
 20
 17.0885
 30
0.0
 42
  0.0985
 0
VERTEX
 8
PARTS
 10
  9.2788
 20
 17.0788
 30
0.0
 42
  0.0985
 0
VERTEX
 8
PARTS
 10
  9.2885
 20
 17.0723
 30
0.0
 42
  0.0985
 0
VERTEX
 8
PARTS
 10
  9.3000
 20
 17.0700
 30
0.0
 42
  0.0985
 0
VERTEX
 8
PARTS
 10
  9.3115
 20
 17.0723
 30
0.0
 42
  0.0985
 0
VERTEX
 8
PARTS
 10
  9.3212
 20
 17.0788
 30
0.0
 42
  0.0985
 0
VERTEX
 8
PARTS
 10
  9.3277
 20
 17.0885
 30
0.0
 42
  0.0985
 0
SEQEND
 8
PARTS
 0
POLYLINE
 8
PARTS
 66
1
 10
0.0
 20
0.0
 30
0.0
 0
VERTEX
 8
PARTS
 10
  9.2000
 20
 17.1000
 30
0.0
 0
VERTEX
 8
PARTS
 10
  9.2700
 20
 17.1000
 30
0.0
 0
SEQEND
 8
PARTS
 0
POLYLINE
 8
PARTS
 66
1
 70
1
 10
0.0
 20
0.0
 30
0.0
 0
VERTEX
 8
PARTS
 10
  9.4000
 20
 17.1000
 30
0.0
 42
  0.0985
 0
VERTEX
 8
PARTS
 10
  9.3924
 20
 17.1383
 30
0.0
 42
  0.0985
 0
VERTEX
 8
PARTS
 10
  9.3707
 20
 17.1707
 30
0.0
 42
  0.0985
 0
VERTEX
 8
PARTS
 10
  9.3383
 20
 17.1924
 30
0.0
 42
  0.0985
 0
VERTEX
 8
PARTS
 10
  9.3000
 20
 17.2000
 30
0.0
 42
  0.0985
 0
VERTEX
 8
PARTS
 10
  9.2617
 20
 17.1924
 30
0.0
 42
  0.0985
 0
VERTEX
 8
PARTS
 10
  9.2293
 20
 17.1707
 30
0.0
 42
  0.0985
 0
VERTEX
 8
PARTS
 10
  9.2076
 20
 17.1383
 30
0.0
 42
  0.0985
 0
VERTEX
 8
PARTS
 10
  9.2000
 20
 17.1000
 30
0.0
 42
  0.0985
 0
VERTEX
 8
PARTS
 10
  9.2076
 20
 17.0617
 30
0.0
 42
  0.0985
 0
VERTEX
 8
PARTS
 10
  9.2293
 20
 17.0293
 30
0.0
 42
  0.0985
 0
VERTEX
 8
PARTS
 10
  9.2617
 20
 17.0076
 30
0.0
 42
  0.0985
 0
VERTEX
 8
PARTS
 10
  9.3000
 20
 17.0000
 30
0.0
 42
  0.0985
 0
VERTEX
 8
PARTS
 10
  9.3383
 20
 17.0076
 30
0.0
 42
  0.0985
 0
VERTEX
 8
PARTS
 10
  9.3707
 20
 17.0293
 30
0.0
 42
  0.0985
 0
VERTEX
 8
PARTS
 10
  9.3924
 20
 17.0617
 30
0.0
 42
  0.0985
 0
SEQEND
 8
PARTS
 0
TEXT
 8
PARTTEXT
 10
 18.4000
 20
 17.1786
 30
0.0
 40
  0.0514
 1
P2
 0
TEXT
 8
PARTTEXT
 10
 18.4000
 20
 16.9786
 30
0.0
 40
  0.0514
 1
BNC
 0
LINE
 8
PARTS
 10
 18.3000
 20
 16.9000
 30
0.0
 11
 18.4000
 21
 16.9000
 31
0.0
 0
TEXT
 8
PARTS
 10
 18.3000
 20
 16.9300
 30
0.0
 40
  0.0500
 1
1
 0
LINE
 8
PARTS
 10
 18.5000
 20
 16.5000
 30
0.0
 11
 18.5000
 21
 16.8000
 31
0.0
 0
TEXT
 8
PARTS
 10
 18.5300
 20
 16.6800
 30
0.0
 40
  0.0500
 50
270.0000
 1
2
 0
POLYLINE
 8
PARTS
 66
1
 70
1
 10
0.0
 20
0.0
 30
0.0
 0
VERTEX
 8
PARTS
 10
 18.5300
 20
 16.9000
 30
0.0
 42
  0.0985
 0
VERTEX
 8
PARTS
 10
 18.5277
 20
 16.9115
 30
0.0
 42
  0.0985
 0
VERTEX
 8
PARTS
 10
 18.5212
 20
 16.9212
 30
0.0
 42
  0.0985
 0
VERTEX
 8
PARTS
 10
 18.5115
 20
 16.9277
 30
0.0
 42
  0.0985
 0
VERTEX
 8
PARTS
 10
 18.5000
 20
 16.9300
 30
0.0
 42
  0.0985
 0
VERTEX
 8
PARTS
 10
 18.4885
 20
 16.9277
 30
0.0
 42
  0.0985
 0
VERTEX
 8
PARTS
 10
 18.4788
 20
 16.9212
 30
0.0
 42
  0.0985
 0
VERTEX
 8
PARTS
 10
 18.4723
 20
 16.9115
 30
0.0
 42
  0.0985
 0
VERTEX
 8
PARTS
 10
 18.4700
 20
 16.9000
 30
0.0
 42
  0.0985
 0
VERTEX
 8
PARTS
 10
 18.4723
 20
 16.8885
 30
0.0
 42
  0.0985
 0
VERTEX
 8
PARTS
 10
 18.4788
 20
 16.8788
 30
0.0
 42
  0.0985
 0
VERTEX
 8
PARTS
 10
 18.4885
 20
 16.8723
 30
0.0
 42
  0.0985
 0
VERTEX
 8
PARTS
 10
 18.5000
 20
 16.8700
 30
0.0
 42
  0.0985
 0
VERTEX
 8
PARTS
 10
 18.5115
 20
 16.8723
 30
0.0
 42
  0.0985
 0
VERTEX
 8
PARTS
 10
 18.5212
 20
 16.8788
 30
0.0
 42
  0.0985
 0
VERTEX
 8
PARTS
 10
 18.5277
 20
 16.8885
 30
0.0
 42
  0.0985
 0
SEQEND
 8
PARTS
 0
POLYLINE
 8
PARTS
 66
1
 10
0.0
 20
0.0
 30
0.0
 0
VERTEX
 8
PARTS
 10
 18.4000
 20
 16.9000
 30
0.0
 0
VERTEX
 8
PARTS
 10
 18.4700
 20
 16.9000
 30
0.0
 0
SEQEND
 8
PARTS
 0
POLYLINE
 8
PARTS
 66
1
 70
1
 10
0.0
 20
0.0
 30
0.0
 0
VERTEX
 8
PARTS
 10
 18.6000
 20
 16.9000
 30
0.0
 42
  0.0985
 0
VERTEX
 8
PARTS
 10
 18.5924
 20
 16.9383
 30
0.0
 42
  0.0985
 0
VERTEX
 8
PARTS
 10
 18.5707
 20
 16.9707
 30
0.0
 42
  0.0985
 0
VERTEX
 8
PARTS
 10
 18.5383
 20
 16.9924
 30
0.0
 42
  0.0985
 0
VERTEX
 8
PARTS
 10
 18.5000
 20
 17.0000
 30
0.0
 42
  0.0985
 0
VERTEX
 8
PARTS
 10
 18.4617
 20
 16.9924
 30
0.0
 42
  0.0985
 0
VERTEX
 8
PARTS
 10
 18.4293
 20
 16.9707
 30
0.0
 42
  0.0985
 0
VERTEX
 8
PARTS
 10
 18.4076
 20
 16.9383
 30
0.0
 42
  0.0985
 0
VERTEX
 8
PARTS
 10
 18.4000
 20
 16.9000
 30
0.0
 42
  0.0985
 0
VERTEX
 8
PARTS
 10
 18.4076
 20
 16.8617
 30
0.0
 42
  0.0985
 0
VERTEX
 8
PARTS
 10
 18.4293
 20
 16.8293
 30
0.0
 42
  0.0985
 0
VERTEX
 8
PARTS
 10
 18.4617
 20
 16.8076
 30
0.0
 42
  0.0985
 0
VERTEX
 8
PARTS
 10
 18.5000
 20
 16.8000
 30
0.0
 42
  0.0985
 0
VERTEX
 8
PARTS
 10
 18.5383
 20
 16.8076
 30
0.0
 42
  0.0985
 0
VERTEX
 8
PARTS
 10
 18.5707
 20
 16.8293
 30
0.0
 42
  0.0985
 0
VERTEX
 8
PARTS
 10
 18.5924
 20
 16.8617
 30
0.0
 42
  0.0985
 0
SEQEND
 8
PARTS
 0
TEXT
 8
PARTTEXT
 10
 20.8200
 20
  1.3386
 30
0.0
 40
  0.0514
 1
MH1
 0
TEXT
 8
PARTTEXT
 10
 20.8700
 20
  1.0786
 30
0.0
 40
  0.0514
 1
M HOLE1
 0
POLYLINE
 8
PARTS
 66
1
 70
1
 10
0.0
 20
0.0
 30
0.0
 0
VERTEX
 8
PARTS
 10
 21.0000
 20
  1.2500
 30
0.0
 42
  0.0985
 0
VERTEX
 8
PARTS
 10
 20.9962
 20
  1.2691
 30
0.0
 42
  0.0985
 0
VERTEX
 8
PARTS
 10
 20.9854
 20
  1.2854
 30
0.0
 42
  0.0985
 0
VERTEX
 8
PARTS
 10
 20.9691
 20
  1.2962
 30
0.0
 42
  0.0985
 0
VERTEX
 8
PARTS
 10
 20.9500
 20
  1.3000
 30
0.0
 42
  0.0985
 0
VERTEX
 8
PARTS
 10
 20.9309
 20
  1.2962
 30
0.0
 42
  0.0985
 0
VERTEX
 8
PARTS
 10
 20.9146
 20
  1.2854
 30
0.0
 42
  0.0985
 0
VERTEX
 8
PARTS
 10
 20.9038
 20
  1.2691
 30
0.0
 42
  0.0985
 0
VERTEX
 8
PARTS
 10
 20.9000
 20
  1.2500
 30
0.0
 42
  0.0985
 0
VERTEX
 8
PARTS
 10
 20.9038
 20
  1.2309
 30
0.0
 42
  0.0985
 0
VERTEX
 8
PARTS
 10
 20.9146
 20
  1.2146
 30
0.0
 42
  0.0985
 0
VERTEX
 8
PARTS
 10
 20.9309
 20
  1.2038
 30
0.0
 42
  0.0985
 0
VERTEX
 8
PARTS
 10
 20.9500
 20
  1.2000
 30
0.0
 42
  0.0985
 0
VERTEX
 8
PARTS
 10
 20.9691
 20
  1.2038
 30
0.0
 42
  0.0985
 0
VERTEX
 8
PARTS
 10
 20.9854
 20
  1.2146
 30
0.0
 42
  0.0985
 0
VERTEX
 8
PARTS
 10
 20.9962
 20
  1.2309
 30
0.0
 42
  0.0985
 0
SEQEND
 8
PARTS
 0
TEXT
 8
PARTTEXT
 10
 21.9200
 20
  1.3386
 30
0.0
 40
  0.0514
 1
MH2
 0
TEXT
 8
PARTTEXT
 10
 21.9700
 20
  1.0786
 30
0.0
 40
  0.0514
 1
M HOLE1
 0
POLYLINE
 8
PARTS
 66
1
 70
1
 10
0.0
 20
0.0
 30
0.0
 0
VERTEX
 8
PARTS
 10
 22.1000
 20
  1.2500
 30
0.0
 42
  0.0985
 0
VERTEX
 8
PARTS
 10
 22.0962
 20
  1.2691
 30
0.0
 42
  0.0985
 0
VERTEX
 8
PARTS
 10
 22.0854
 20
  1.2854
 30
0.0
 42
  0.0985
 0
VERTEX
 8
PARTS
 10
 22.0691
 20
  1.2962
 30
0.0
 42
  0.0985
 0
VERTEX
 8
PARTS
 10
 22.0500
 20
  1.3000
 30
0.0
 42
  0.0985
 0
VERTEX
 8
PARTS
 10
 22.0309
 20
  1.2962
 30
0.0
 42
  0.0985
 0
VERTEX
 8
PARTS
 10
 22.0146
 20
  1.2854
 30
0.0
 42
  0.0985
 0
VERTEX
 8
PARTS
 10
 22.0038
 20
  1.2691
 30
0.0
 42
  0.0985
 0
VERTEX
 8
PARTS
 10
 22.0000
 20
  1.2500
 30
0.0
 42
  0.0985
 0
VERTEX
 8
PARTS
 10
 22.0038
 20
  1.2309
 30
0.0
 42
  0.0985
 0
VERTEX
 8
PARTS
 10
 22.0146
 20
  1.2146
 30
0.0
 42
  0.0985
 0
VERTEX
 8
PARTS
 10
 22.0309
 20
  1.2038
 30
0.0
 42
  0.0985
 0
VERTEX
 8
PARTS
 10
 22.0500
 20
  1.2000
 30
0.0
 42
  0.0985
 0
VERTEX
 8
PARTS
 10
 22.0691
 20
  1.2038
 30
0.0
 42
  0.0985
 0
VERTEX
 8
PARTS
 10
 22.0854
 20
  1.2146
 30
0.0
 42
  0.0985
 0
VERTEX
 8
PARTS
 10
 22.0962
 20
  1.2309
 30
0.0
 42
  0.0985
 0
SEQEND
 8
PARTS
 0
TEXT
 8
PARTTEXT
 10
 22.9200
 20
  1.3386
 30
0.0
 40
  0.0514
 1
MH3
 0
TEXT
 8
PARTTEXT
 10
 22.9700
 20
  1.0786
 30
0.0
 40
  0.0514
 1
M HOLE1
 0
POLYLINE
 8
PARTS
 66
1
 70
1
 10
0.0
 20
0.0
 30
0.0
 0
VERTEX
 8
PARTS
 10
 23.1000
 20
  1.2500
 30
0.0
 42
  0.0985
 0
VERTEX
 8
PARTS
 10
 23.0962
 20
  1.2691
 30
0.0
 42
  0.0985
 0
VERTEX
 8
PARTS
 10
 23.0854
 20
  1.2854
 30
0.0
 42
  0.0985
 0
VERTEX
 8
PARTS
 10
 23.0691
 20
  1.2962
 30
0.0
 42
  0.0985
 0
VERTEX
 8
PARTS
 10
 23.0500
 20
  1.3000
 30
0.0
 42
  0.0985
 0
VERTEX
 8
PARTS
 10
 23.0309
 20
  1.2962
 30
0.0
 42
  0.0985
 0
VERTEX
 8
PARTS
 10
 23.0146
 20
  1.2854
 30
0.0
 42
  0.0985
 0
VERTEX
 8
PARTS
 10
 23.0038
 20
  1.2691
 30
0.0
 42
  0.0985
 0
VERTEX
 8
PARTS
 10
 23.0000
 20
  1.2500
 30
0.0
 42
  0.0985
 0
VERTEX
 8
PARTS
 10
 23.0038
 20
  1.2309
 30
0.0
 42
  0.0985
 0
VERTEX
 8
PARTS
 10
 23.0146
 20
  1.2146
 30
0.0
 42
  0.0985
 0
VERTEX
 8
PARTS
 10
 23.0309
 20
  1.2038
 30
0.0
 42
  0.0985
 0
VERTEX
 8
PARTS
 10
 23.0500
 20
  1.2000
 30
0.0
 42
  0.0985
 0
VERTEX
 8
PARTS
 10
 23.0691
 20
  1.2038
 30
0.0
 42
  0.0985
 0
VERTEX
 8
PARTS
 10
 23.0854
 20
  1.2146
 30
0.0
 42
  0.0985
 0
VERTEX
 8
PARTS
 10
 23.0962
 20
  1.2309
 30
0.0
 42
  0.0985
 0
SEQEND
 8
PARTS
 0
TEXT
 8
PARTTEXT
 10
 23.9200
 20
  1.3386
 30
0.0
 40
  0.0514
 1
MH4
 0
TEXT
 8
PARTTEXT
 10
 23.9700
 20
  1.0786
 30
0.0
 40
  0.0514
 1
M HOLE1
 0
POLYLINE
 8
PARTS
 66
1
 70
1
 10
0.0
 20
0.0
 30
0.0
 0
VERTEX
 8
PARTS
 10
 24.1000
 20
  1.2500
 30
0.0
 42
  0.0985
 0
VERTEX
 8
PARTS
 10
 24.0962
 20
  1.2691
 30
0.0
 42
  0.0985
 0
VERTEX
 8
PARTS
 10
 24.0854
 20
  1.2854
 30
0.0
 42
  0.0985
 0
VERTEX
 8
PARTS
 10
 24.0691
 20
  1.2962
 30
0.0
 42
  0.0985
 0
VERTEX
 8
PARTS
 10
 24.0500
 20
  1.3000
 30
0.0
 42
  0.0985
 0
VERTEX
 8
PARTS
 10
 24.0309
 20
  1.2962
 30
0.0
 42
  0.0985
 0
VERTEX
 8
PARTS
 10
 24.0146
 20
  1.2854
 30
0.0
 42
  0.0985
 0
VERTEX
 8
PARTS
 10
 24.0038
 20
  1.2691
 30
0.0
 42
  0.0985
 0
VERTEX
 8
PARTS
 10
 24.0000
 20
  1.2500
 30
0.0
 42
  0.0985
 0
VERTEX
 8
PARTS
 10
 24.0038
 20
  1.2309
 30
0.0
 42
  0.0985
 0
VERTEX
 8
PARTS
 10
 24.0146
 20
  1.2146
 30
0.0
 42
  0.0985
 0
VERTEX
 8
PARTS
 10
 24.0309
 20
  1.2038
 30
0.0
 42
  0.0985
 0
VERTEX
 8
PARTS
 10
 24.0500
 20
  1.2000
 30
0.0
 42
  0.0985
 0
VERTEX
 8
PARTS
 10
 24.0691
 20
  1.2038
 30
0.0
 42
  0.0985
 0
VERTEX
 8
PARTS
 10
 24.0854
 20
  1.2146
 30
0.0
 42
  0.0985
 0
VERTEX
 8
PARTS
 10
 24.0962
 20
  1.2309
 30
0.0
 42
  0.0985
 0
SEQEND
 8
PARTS
 0
TEXT
 8
PARTTEXT
 10
 24.9200
 20
  1.3386
 30
0.0
 40
  0.0514
 1
MH5
 0
TEXT
 8
PARTTEXT
 10
 24.9700
 20
  1.0786
 30
0.0
 40
  0.0514
 1
M HOLE1
 0
POLYLINE
 8
PARTS
 66
1
 70
1
 10
0.0
 20
0.0
 30
0.0
 0
VERTEX
 8
PARTS
 10
 25.1000
 20
  1.2500
 30
0.0
 42
  0.0985
 0
VERTEX
 8
PARTS
 10
 25.0962
 20
  1.2691
 30
0.0
 42
  0.0985
 0
VERTEX
 8
PARTS
 10
 25.0854
 20
  1.2854
 30
0.0
 42
  0.0985
 0
VERTEX
 8
PARTS
 10
 25.0691
 20
  1.2962
 30
0.0
 42
  0.0985
 0
VERTEX
 8
PARTS
 10
 25.0500
 20
  1.3000
 30
0.0
 42
  0.0985
 0
VERTEX
 8
PARTS
 10
 25.0309
 20
  1.2962
 30
0.0
 42
  0.0985
 0
VERTEX
 8
PARTS
 10
 25.0146
 20
  1.2854
 30
0.0
 42
  0.0985
 0
VERTEX
 8
PARTS
 10
 25.0038
 20
  1.2691
 30
0.0
 42
  0.0985
 0
VERTEX
 8
PARTS
 10
 25.0000
 20
  1.2500
 30
0.0
 42
  0.0985
 0
VERTEX
 8
PARTS
 10
 25.0038
 20
  1.2309
 30
0.0
 42
  0.0985
 0
VERTEX
 8
PARTS
 10
 25.0146
 20
  1.2146
 30
0.0
 42
  0.0985
 0
VERTEX
 8
PARTS
 10
 25.0309
 20
  1.2038
 30
0.0
 42
  0.0985
 0
VERTEX
 8
PARTS
 10
 25.0500
 20
  1.2000
 30
0.0
 42
  0.0985
 0
VERTEX
 8
PARTS
 10
 25.0691
 20
  1.2038
 30
0.0
 42
  0.0985
 0
VERTEX
 8
PARTS
 10
 25.0854
 20
  1.2146
 30
0.0
 42
  0.0985
 0
VERTEX
 8
PARTS
 10
 25.0962
 20
  1.2309
 30
0.0
 42
  0.0985
 0
SEQEND
 8
PARTS
 0
TEXT
 8
PARTTEXT
 10
 25.7200
 20
  1.3386
 30
0.0
 40
  0.0514
 1
MH6
 0
TEXT
 8
PARTTEXT
 10
 25.7700
 20
  1.0786
 30
0.0
 40
  0.0514
 1
M HOLE1
 0
POLYLINE
 8
PARTS
 66
1
 70
1
 10
0.0
 20
0.0
 30
0.0
 0
VERTEX
 8
PARTS
 10
 25.9000
 20
  1.2500
 30
0.0
 42
  0.0985
 0
VERTEX
 8
PARTS
 10
 25.8962
 20
  1.2691
 30
0.0
 42
  0.0985
 0
VERTEX
 8
PARTS
 10
 25.8854
 20
  1.2854
 30
0.0
 42
  0.0985
 0
VERTEX
 8
PARTS
 10
 25.8691
 20
  1.2962
 30
0.0
 42
  0.0985
 0
VERTEX
 8
PARTS
 10
 25.8500
 20
  1.3000
 30
0.0
 42
  0.0985
 0
VERTEX
 8
PARTS
 10
 25.8309
 20
  1.2962
 30
0.0
 42
  0.0985
 0
VERTEX
 8
PARTS
 10
 25.8146
 20
  1.2854
 30
0.0
 42
  0.0985
 0
VERTEX
 8
PARTS
 10
 25.8038
 20
  1.2691
 30
0.0
 42
  0.0985
 0
VERTEX
 8
PARTS
 10
 25.8000
 20
  1.2500
 30
0.0
 42
  0.0985
 0
VERTEX
 8
PARTS
 10
 25.8038
 20
  1.2309
 30
0.0
 42
  0.0985
 0
VERTEX
 8
PARTS
 10
 25.8146
 20
  1.2146
 30
0.0
 42
  0.0985
 0
VERTEX
 8
PARTS
 10
 25.8309
 20
  1.2038
 30
0.0
 42
  0.0985
 0
VERTEX
 8
PARTS
 10
 25.8500
 20
  1.2000
 30
0.0
 42
  0.0985
 0
VERTEX
 8
PARTS
 10
 25.8691
 20
  1.2038
 30
0.0
 42
  0.0985
 0
VERTEX
 8
PARTS
 10
 25.8854
 20
  1.2146
 30
0.0
 42
  0.0985
 0
VERTEX
 8
PARTS
 10
 25.8962
 20
  1.2309
 30
0.0
 42
  0.0985
 0
SEQEND
 8
PARTS
 0
TEXT
 8
PARTTEXT
 10
 15.4000
 20
 11.6186
 30
0.0
 40
  0.0514
 1
R28
 0
TEXT
 8
PARTTEXT
 10
 15.4000
 20
 11.5186
 30
0.0
 40
  0.0514
 1
5.6K
 0
LINE
 8
PARTS
 10
 15.3000
 20
 11.3000
 30
0.0
 11
 15.3000
 21
 11.4000
 31
0.0
 0
TEXT
 8
PARTS
 10
 15.3300
 20
 11.2800
 30
0.0
 40
  0.0500
 50
270.0000
 1
1
 0
LINE
 8
PARTS
 10
 15.3000
 20
 11.8000
 30
0.0
 11
 15.3000
 21
 11.7000
 31
0.0
 0
TEXT
 8
PARTS
 10
 15.3300
 20
 11.8000
 30
0.0
 40
  0.0500
 50
270.0000
 1
2
 0
POLYLINE
 8
PARTS
 66
1
 10
0.0
 20
0.0
 30
0.0
 0
VERTEX
 8
PARTS
 10
 15.3000
 20
 11.4000
 30
0.0
 0
VERTEX
 8
PARTS
 10
 15.2700
 20
 11.4300
 30
0.0
 0
SEQEND
 8
PARTS
 0
POLYLINE
 8
PARTS
 66
1
 10
0.0
 20
0.0
 30
0.0
 0
VERTEX
 8
PARTS
 10
 15.2700
 20
 11.4300
 30
0.0
 0
VERTEX
 8
PARTS
 10
 15.3300
 20
 11.4900
 30
0.0
 0
SEQEND
 8
PARTS
 0
POLYLINE
 8
PARTS
 66
1
 10
0.0
 20
0.0
 30
0.0
 0
VERTEX
 8
PARTS
 10
 15.3300
 20
 11.4900
 30
0.0
 0
VERTEX
 8
PARTS
 10
 15.2700
 20
 11.5500
 30
0.0
 0
SEQEND
 8
PARTS
 0
POLYLINE
 8
PARTS
 66
1
 10
0.0
 20
0.0
 30
0.0
 0
VERTEX
 8
PARTS
 10
 15.2700
 20
 11.5500
 30
0.0
 0
VERTEX
 8
PARTS
 10
 15.3300
 20
 11.6100
 30
0.0
 0
SEQEND
 8
PARTS
 0
POLYLINE
 8
PARTS
 66
1
 10
0.0
 20
0.0
 30
0.0
 0
VERTEX
 8
PARTS
 10
 15.3300
 20
 11.6100
 30
0.0
 0
VERTEX
 8
PARTS
 10
 15.2700
 20
 11.6700
 30
0.0
 0
SEQEND
 8
PARTS
 0
POLYLINE
 8
PARTS
 66
1
 10
0.0
 20
0.0
 30
0.0
 0
VERTEX
 8
PARTS
 10
 15.2700
 20
 11.6700
 30
0.0
 0
VERTEX
 8
PARTS
 10
 15.3000
 20
 11.7000
 30
0.0
 0
SEQEND
 8
PARTS
 0
POLYLINE
 8
WIRE
 66
1
 10
0.0
 20
0.0
 30
0.0
 0
VERTEX
 8
WIRE
 10
  5.4000
 20
 16.8000
 30
0.0
 0
VERTEX
 8
WIRE
 10
  5.4000
 20
 16.7000
 30
0.0
 0
SEQEND
 8
WIRE
 0
POLYLINE
 8
WIRE
 66
1
 10
0.0
 20
0.0
 30
0.0
 0
VERTEX
 8
WIRE
 10
  4.6000
 20
 16.4000
 30
0.0
 0
VERTEX
 8
WIRE
 10
  4.6000
 20
 16.3000
 30
0.0
 0
SEQEND
 8
WIRE
 0
POLYLINE
 8
WIRE
 66
1
 10
0.0
 20
0.0
 30
0.0
 0
VERTEX
 8
WIRE
 10
  5.9000
 20
 15.8000
 30
0.0
 0
VERTEX
 8
WIRE
 10
  5.9000
 20
 15.7000
 30
0.0
 0
SEQEND
 8
WIRE
 0
POLYLINE
 8
WIRE
 66
1
 10
0.0
 20
0.0
 30
0.0
 0
VERTEX
 8
WIRE
 10
  4.6000
 20
 17.2000
 30
0.0
 0
VERTEX
 8
WIRE
 10
  4.6000
 20
 17.1000
 30
0.0
 0
SEQEND
 8
WIRE
 0
POLYLINE
 8
WIRE
 66
1
 10
0.0
 20
0.0
 30
0.0
 0
VERTEX
 8
WIRE
 10
  3.7000
 20
 12.5000
 30
0.0
 0
VERTEX
 8
WIRE
 10
  3.6000
 20
 12.5000
 30
0.0
 0
SEQEND
 8
WIRE
 0
POLYLINE
 8
WIRE
 66
1
 10
0.0
 20
0.0
 30
0.0
 0
VERTEX
 8
WIRE
 10
  3.6000
 20
 11.2000
 30
0.0
 0
VERTEX
 8
WIRE
 10
  3.4000
 20
 11.2000
 30
0.0
 0
SEQEND
 8
WIRE
 0
POLYLINE
 8
WIRE
 66
1
 10
0.0
 20
0.0
 30
0.0
 0
VERTEX
 8
WIRE
 10
  5.4000
 20
  6.5000
 30
0.0
 0
VERTEX
 8
WIRE
 10
  5.4000
 20
  6.2000
 30
0.0
 0
SEQEND
 8
WIRE
 0
POLYLINE
 8
WIRE
 66
1
 10
0.0
 20
0.0
 30
0.0
 0
VERTEX
 8
WIRE
 10
  3.5000
 20
  5.8000
 30
0.0
 0
VERTEX
 8
WIRE
 10
  3.5000
 20
  5.7000
 30
0.0
 0
SEQEND
 8
WIRE
 0
POLYLINE
 8
WIRE
 66
1
 10
0.0
 20
0.0
 30
0.0
 0
VERTEX
 8
WIRE
 10
 15.2000
 20
 17.1000
 30
0.0
 0
VERTEX
 8
WIRE
 10
 15.4000
 20
 17.1000
 30
0.0
 0
SEQEND
 8
WIRE
 0
POLYLINE
 8
WIRE
 66
1
 10
0.0
 20
0.0
 30
0.0
 0
VERTEX
 8
WIRE
 10
 12.5000
 20
 10.9000
 30
0.0
 0
VERTEX
 8
WIRE
 10
 12.5000
 20
 10.8000
 30
0.0
 0
SEQEND
 8
WIRE
 0
POLYLINE
 8
WIRE
 66
1
 10
0.0
 20
0.0
 30
0.0
 0
VERTEX
 8
WIRE
 10
 15.5000
 20
  5.7000
 30
0.0
 0
VERTEX
 8
WIRE
 10
 15.7000
 20
  5.7000
 30
0.0
 0
SEQEND
 8
WIRE
 0
POLYLINE
 8
WIRE
 66
1
 10
0.0
 20
0.0
 30
0.0
 0
VERTEX
 8
WIRE
 10
 12.9000
 20
  5.3000
 30
0.0
 0
VERTEX
 8
WIRE
 10
 12.7000
 20
  5.3000
 30
0.0
 0
SEQEND
 8
WIRE
 0
POLYLINE
 8
WIRE
 66
1
 10
0.0
 20
0.0
 30
0.0
 0
VERTEX
 8
WIRE
 10
 27.1000
 20
 18.3000
 30
0.0
 0
VERTEX
 8
WIRE
 10
 27.1000
 20
 17.8000
 30
0.0
 0
SEQEND
 8
WIRE
 0
POLYLINE
 8
WIRE
 66
1
 10
0.0
 20
0.0
 30
0.0
 0
VERTEX
 8
WIRE
 10
 25.7000
 20
 16.7000
 30
0.0
 0
VERTEX
 8
WIRE
 10
 25.9000
 20
 16.7000
 30
0.0
 0
SEQEND
 8
WIRE
 0
POLYLINE
 8
WIRE
 66
1
 10
0.0
 20
0.0
 30
0.0
 0
VERTEX
 8
WIRE
 10
 24.3000
 20
 16.5000
 30
0.0
 0
VERTEX
 8
WIRE
 10
 24.8000
 20
 16.5000
 30
0.0
 0
SEQEND
 8
WIRE
 0
POLYLINE
 8
WIRE
 66
1
 10
0.0
 20
0.0
 30
0.0
 0
VERTEX
 8
WIRE
 10
 23.1000
 20
 10.6000
 30
0.0
 0
VERTEX
 8
WIRE
 10
 22.9000
 20
 10.6000
 30
0.0
 0
SEQEND
 8
WIRE
 0
POLYLINE
 8
WIRE
 66
1
 70
1
 10
0.0
 20
0.0
 30
0.0
 40
  0.0200
 41
  0.0200
 0
VERTEX
 8
WIRE
 10
 22.8900
 20
 10.6000
 30
0.0
 42
1.0
 0
VERTEX
 8
WIRE
 10
 22.9100
 20
 10.6000
 30
0.0
 42
1.0
 0
SEQEND
 8
WIRE
 0
POLYLINE
 8
WIRE
 66
1
 10
0.0
 20
0.0
 30
0.0
 0
VERTEX
 8
WIRE
 10
 20.0000
 20
  3.3000
 30
0.0
 0
VERTEX
 8
WIRE
 10
 23.0000
 20
  3.3000
 30
0.0
 0
SEQEND
 8
WIRE
 0
POLYLINE
 8
WIRE
 66
1
 10
0.0
 20
0.0
 30
0.0
 0
VERTEX
 8
WIRE
 10
 28.0000
 20
  3.7000
 30
0.0
 0
VERTEX
 8
WIRE
 10
 28.0000
 20
  3.6000
 30
0.0
 0
SEQEND
 8
WIRE
 0
POLYLINE
 8
WIRE
 66
1
 70
1
 10
0.0
 20
0.0
 30
0.0
 40
  0.0200
 41
  0.0200
 0
VERTEX
 8
WIRE
 10
 27.9900
 20
  3.6000
 30
0.0
 42
1.0
 0
VERTEX
 8
WIRE
 10
 28.0100
 20
  3.6000
 30
0.0
 42
1.0
 0
SEQEND
 8
WIRE
 0
POLYLINE
 8
WIRE
 66
1
 10
0.0
 20
0.0
 30
0.0
 0
VERTEX
 8
WIRE
 10
  9.3000
 20
 16.7000
 30
0.0
 0
VERTEX
 8
WIRE
 10
  8.3000
 20
 16.7000
 30
0.0
 0
SEQEND
 8
WIRE
 0
POLYLINE
 8
WIRE
 66
1
 10
0.0
 20
0.0
 30
0.0
 0
VERTEX
 8
WIRE
 10
  5.5000
 20
 17.3000
 30
0.0
 0
VERTEX
 8
WIRE
 10
  5.5000
 20
 17.4000
 30
0.0
 0
SEQEND
 8
WIRE
 0
POLYLINE
 8
WIRE
 66
1
 70
1
 10
0.0
 20
0.0
 30
0.0
 40
  0.0200
 41
  0.0200
 0
VERTEX
 8
WIRE
 10
  5.4900
 20
 17.4000
 30
0.0
 42
1.0
 0
VERTEX
 8
WIRE
 10
  5.5100
 20
 17.4000
 30
0.0
 42
1.0
 0
SEQEND
 8
WIRE
 0
POLYLINE
 8
WIRE
 66
1
 10
0.0
 20
0.0
 30
0.0
 0
VERTEX
 8
WIRE
 10
  5.9000
 20
 14.1000
 30
0.0
 0
VERTEX
 8
WIRE
 10
  5.9000
 20
 13.7000
 30
0.0
 0
SEQEND
 8
WIRE
 0
POLYLINE
 8
WIRE
 66
1
 10
0.0
 20
0.0
 30
0.0
 0
VERTEX
 8
WIRE
 10
  7.6000
 20
 10.5000
 30
0.0
 0
VERTEX
 8
WIRE
 10
  6.7000
 20
 10.5000
 30
0.0
 0
SEQEND
 8
WIRE
 0
POLYLINE
 8
WIRE
 66
1
 70
1
 10
0.0
 20
0.0
 30
0.0
 40
  0.0200
 41
  0.0200
 0
VERTEX
 8
WIRE
 10
  6.6900
 20
 10.5000
 30
0.0
 42
1.0
 0
VERTEX
 8
WIRE
 10
  6.7100
 20
 10.5000
 30
0.0
 42
1.0
 0
SEQEND
 8
WIRE
 0
POLYLINE
 8
WIRE
 66
1
 10
0.0
 20
0.0
 30
0.0
 0
VERTEX
 8
WIRE
 10
  8.5000
 20
  7.0000
 30
0.0
 0
VERTEX
 8
WIRE
 10
  8.5000
 20
  6.5000
 30
0.0
 0
SEQEND
 8
WIRE
 0
POLYLINE
 8
WIRE
 66
1
 70
1
 10
0.0
 20
0.0
 30
0.0
 40
  0.0200
 41
  0.0200
 0
VERTEX
 8
WIRE
 10
  8.4900
 20
  6.5000
 30
0.0
 42
1.0
 0
VERTEX
 8
WIRE
 10
  8.5100
 20
  6.5000
 30
0.0
 42
1.0
 0
SEQEND
 8
WIRE
 0
POLYLINE
 8
WIRE
 66
1
 10
0.0
 20
0.0
 30
0.0
 0
VERTEX
 8
WIRE
 10
  6.2000
 20
  5.1000
 30
0.0
 0
VERTEX
 8
WIRE
 10
  6.8000
 20
  5.1000
 30
0.0
 0
SEQEND
 8
WIRE
 0
POLYLINE
 8
WIRE
 66
1
 10
0.0
 20
0.0
 30
0.0
 0
VERTEX
 8
WIRE
 10
 15.7000
 20
 15.2000
 30
0.0
 0
VERTEX
 8
WIRE
 10
 15.7000
 20
 15.0000
 30
0.0
 0
SEQEND
 8
WIRE
 0
POLYLINE
 8
WIRE
 66
1
 10
0.0
 20
0.0
 30
0.0
 0
VERTEX
 8
WIRE
 10
 16.6000
 20
 15.1000
 30
0.0
 0
VERTEX
 8
WIRE
 10
 16.6000
 20
 15.0000
 30
0.0
 0
SEQEND
 8
WIRE
 0
POLYLINE
 8
WIRE
 66
1
 10
0.0
 20
0.0
 30
0.0
 0
VERTEX
 8
WIRE
 10
 12.4000
 20
 16.2000
 30
0.0
 0
VERTEX
 8
WIRE
 10
 12.4000
 20
 16.1000
 30
0.0
 0
SEQEND
 8
WIRE
 0
POLYLINE
 8
WIRE
 66
1
 10
0.0
 20
0.0
 30
0.0
 0
VERTEX
 8
WIRE
 10
 14.4000
 20
 11.6000
 30
0.0
 0
VERTEX
 8
WIRE
 10
 14.4000
 20
 11.3000
 30
0.0
 0
SEQEND
 8
WIRE
 0
POLYLINE
 8
WIRE
 66
1
 10
0.0
 20
0.0
 30
0.0
 0
VERTEX
 8
WIRE
 10
 17.5000
 20
 11.6000
 30
0.0
 0
VERTEX
 8
WIRE
 10
 18.4000
 20
 11.6000
 30
0.0
 0
SEQEND
 8
WIRE
 0
POLYLINE
 8
WIRE
 66
1
 10
0.0
 20
0.0
 30
0.0
 0
VERTEX
 8
WIRE
 10
 14.8000
 20
 11.3000
 30
0.0
 0
VERTEX
 8
WIRE
 10
 14.8000
 20
 11.2000
 30
0.0
 0
SEQEND
 8
WIRE
 0
POLYLINE
 8
WIRE
 66
1
 70
1
 10
0.0
 20
0.0
 30
0.0
 40
  0.0200
 41
  0.0200
 0
VERTEX
 8
WIRE
 10
 14.7900
 20
 11.2000
 30
0.0
 42
1.0
 0
VERTEX
 8
WIRE
 10
 14.8100
 20
 11.2000
 30
0.0
 42
1.0
 0
SEQEND
 8
WIRE
 0
POLYLINE
 8
WIRE
 66
1
 10
0.0
 20
0.0
 30
0.0
 0
VERTEX
 8
WIRE
 10
 15.0000
 20
 13.4000
 30
0.0
 0
VERTEX
 8
WIRE
 10
 15.6000
 20
 13.4000
 30
0.0
 0
SEQEND
 8
WIRE
 0
POLYLINE
 8
WIRE
 66
1
 70
1
 10
0.0
 20
0.0
 30
0.0
 40
  0.0200
 41
  0.0200
 0
VERTEX
 8
WIRE
 10
 15.5900
 20
 13.4000
 30
0.0
 42
1.0
 0
VERTEX
 8
WIRE
 10
 15.6100
 20
 13.4000
 30
0.0
 42
1.0
 0
SEQEND
 8
WIRE
 0
POLYLINE
 8
WIRE
 66
1
 10
0.0
 20
0.0
 30
0.0
 0
VERTEX
 8
WIRE
 10
 23.2000
 20
 17.1000
 30
0.0
 0
VERTEX
 8
WIRE
 10
 23.1000
 20
 17.1000
 30
0.0
 0
SEQEND
 8
WIRE
 0
POLYLINE
 8
WIRE
 66
1
 10
0.0
 20
0.0
 30
0.0
 0
VERTEX
 8
WIRE
 10
 24.3000
 20
 16.6000
 30
0.0
 0
VERTEX
 8
WIRE
 10
 24.3000
 20
 16.5000
 30
0.0
 0
SEQEND
 8
WIRE
 0
POLYLINE
 8
WIRE
 66
1
 10
0.0
 20
0.0
 30
0.0
 0
VERTEX
 8
WIRE
 10
 25.4000
 20
 18.3000
 30
0.0
 0
VERTEX
 8
WIRE
 10
 26.0000
 20
 18.3000
 30
0.0
 0
SEQEND
 8
WIRE
 0
POLYLINE
 8
WIRE
 66
1
 70
1
 10
0.0
 20
0.0
 30
0.0
 40
  0.0200
 41
  0.0200
 0
VERTEX
 8
WIRE
 10
 25.9900
 20
 18.3000
 30
0.0
 42
1.0
 0
VERTEX
 8
WIRE
 10
 26.0100
 20
 18.3000
 30
0.0
 42
1.0
 0
SEQEND
 8
WIRE
 0
POLYLINE
 8
WIRE
 66
1
 10
0.0
 20
0.0
 30
0.0
 0
VERTEX
 8
WIRE
 10
 25.1000
 20
 11.1000
 30
0.0
 0
VERTEX
 8
WIRE
 10
 25.1000
 20
 11.0000
 30
0.0
 0
SEQEND
 8
WIRE
 0
POLYLINE
 8
WIRE
 66
1
 10
0.0
 20
0.0
 30
0.0
 0
VERTEX
 8
WIRE
 10
 25.2000
 20
 11.0000
 30
0.0
 0
VERTEX
 8
WIRE
 10
 25.2000
 20
 10.6000
 30
0.0
 0
SEQEND
 8
WIRE
 0
POLYLINE
 8
WIRE
 66
1
 10
0.0
 20
0.0
 30
0.0
 0
VERTEX
 8
WIRE
 10
 20.6000
 20
  3.4000
 30
0.0
 0
VERTEX
 8
WIRE
 10
 20.6000
 20
  3.9000
 30
0.0
 0
SEQEND
 8
WIRE
 0
POLYLINE
 8
WIRE
 66
1
 10
0.0
 20
0.0
 30
0.0
 0
VERTEX
 8
WIRE
 10
  6.5000
 20
 15.4000
 30
0.0
 0
VERTEX
 8
WIRE
 10
  6.5000
 20
 15.2000
 30
0.0
 0
SEQEND
 8
WIRE
 0
POLYLINE
 8
WIRE
 66
1
 10
0.0
 20
0.0
 30
0.0
 0
VERTEX
 8
WIRE
 10
  1.9000
 20
 17.1000
 30
0.0
 0
VERTEX
 8
WIRE
 10
  1.9000
 20
 16.9000
 30
0.0
 0
SEQEND
 8
WIRE
 0
POLYLINE
 8
WIRE
 66
1
 10
0.0
 20
0.0
 30
0.0
 0
VERTEX
 8
WIRE
 10
  6.2000
 20
 17.8000
 30
0.0
 0
VERTEX
 8
WIRE
 10
  5.5000
 20
 17.8000
 30
0.0
 0
SEQEND
 8
WIRE
 0
POLYLINE
 8
WIRE
 66
1
 70
1
 10
0.0
 20
0.0
 30
0.0
 40
  0.0200
 41
  0.0200
 0
VERTEX
 8
WIRE
 10
  5.4900
 20
 17.8000
 30
0.0
 42
1.0
 0
VERTEX
 8
WIRE
 10
  5.5100
 20
 17.8000
 30
0.0
 42
1.0
 0
SEQEND
 8
WIRE
 0
POLYLINE
 8
WIRE
 66
1
 10
0.0
 20
0.0
 30
0.0
 0
VERTEX
 8
WIRE
 10
  4.1000
 20
 16.3000
 30
0.0
 0
VERTEX
 8
WIRE
 10
  4.6000
 20
 16.3000
 30
0.0
 0
SEQEND
 8
WIRE
 0
POLYLINE
 8
WIRE
 66
1
 70
1
 10
0.0
 20
0.0
 30
0.0
 40
  0.0200
 41
  0.0200
 0
VERTEX
 8
WIRE
 10
  4.5900
 20
 16.3000
 30
0.0
 42
1.0
 0
VERTEX
 8
WIRE
 10
  4.6100
 20
 16.3000
 30
0.0
 42
1.0
 0
SEQEND
 8
WIRE
 0
POLYLINE
 8
WIRE
 66
1
 10
0.0
 20
0.0
 30
0.0
 0
VERTEX
 8
WIRE
 10
  6.7000
 20
 10.2000
 30
0.0
 0
VERTEX
 8
WIRE
 10
  6.7000
 20
 10.0000
 30
0.0
 0
SEQEND
 8
WIRE
 0
POLYLINE
 8
WIRE
 66
1
 10
0.0
 20
0.0
 30
0.0
 0
VERTEX
 8
WIRE
 10
  6.2000
 20
 11.6000
 30
0.0
 0
VERTEX
 8
WIRE
 10
  6.4000
 20
 11.6000
 30
0.0
 0
SEQEND
 8
WIRE
 0
POLYLINE
 8
WIRE
 66
1
 10
0.0
 20
0.0
 30
0.0
 0
VERTEX
 8
WIRE
 10
  4.3000
 20
 11.1000
 30
0.0
 0
VERTEX
 8
WIRE
 10
  4.8000
 20
 11.1000
 30
0.0
 0
SEQEND
 8
WIRE
 0
POLYLINE
 8
WIRE
 66
1
 70
1
 10
0.0
 20
0.0
 30
0.0
 40
  0.0200
 41
  0.0200
 0
VERTEX
 8
WIRE
 10
  4.7900
 20
 11.1000
 30
0.0
 42
1.0
 0
VERTEX
 8
WIRE
 10
  4.8100
 20
 11.1000
 30
0.0
 42
1.0
 0
SEQEND
 8
WIRE
 0
POLYLINE
 8
WIRE
 66
1
 10
0.0
 20
0.0
 30
0.0
 0
VERTEX
 8
WIRE
 10
  3.7000
 20
 12.6000
 30
0.0
 0
VERTEX
 8
WIRE
 10
  3.6000
 20
 12.6000
 30
0.0
 0
SEQEND
 8
WIRE
 0
POLYLINE
 8
WIRE
 66
1
 10
0.0
 20
0.0
 30
0.0
 0
VERTEX
 8
WIRE
 10
  4.8000
 20
 11.9000
 30
0.0
 0
VERTEX
 8
WIRE
 10
  5.3000
 20
 11.9000
 30
0.0
 0
SEQEND
 8
WIRE
 0
POLYLINE
 8
WIRE
 66
1
 10
0.0
 20
0.0
 30
0.0
 0
VERTEX
 8
WIRE
 10
  4.4000
 20
  5.8000
 30
0.0
 0
VERTEX
 8
WIRE
 10
  4.2000
 20
  5.8000
 30
0.0
 0
SEQEND
 8
WIRE
 0
POLYLINE
 8
WIRE
 66
1
 10
0.0
 20
0.0
 30
0.0
 0
VERTEX
 8
WIRE
 10
 17.5000
 20
 16.1000
 30
0.0
 0
VERTEX
 8
WIRE
 10
 17.4000
 20
 16.1000
 30
0.0
 0
SEQEND
 8
WIRE
 0
POLYLINE
 8
WIRE
 66
1
 10
0.0
 20
0.0
 30
0.0
 0
VERTEX
 8
WIRE
 10
 17.4000
 20
 16.9000
 30
0.0
 0
VERTEX
 8
WIRE
 10
 18.3000
 20
 16.9000
 30
0.0
 0
SEQEND
 8
WIRE
 0
POLYLINE
 8
WIRE
 66
1
 10
0.0
 20
0.0
 30
0.0
 0
VERTEX
 8
WIRE
 10
 14.7000
 20
 16.5000
 30
0.0
 0
VERTEX
 8
WIRE
 10
 14.7000
 20
 16.1000
 30
0.0
 0
SEQEND
 8
WIRE
 0
POLYLINE
 8
WIRE
 66
1
 10
0.0
 20
0.0
 30
0.0
 0
VERTEX
 8
WIRE
 10
 12.7000
 20
 10.9000
 30
0.0
 0
VERTEX
 8
WIRE
 10
 12.5000
 20
 10.9000
 30
0.0
 0
SEQEND
 8
WIRE
 0
POLYLINE
 8
WIRE
 66
1
 10
0.0
 20
0.0
 30
0.0
 0
VERTEX
 8
WIRE
 10
 14.7000
 20
 11.2000
 30
0.0
 0
VERTEX
 8
WIRE
 10
 14.8000
 20
 11.2000
 30
0.0
 0
SEQEND
 8
WIRE
 0
POLYLINE
 8
WIRE
 66
1
 10
0.0
 20
0.0
 30
0.0
 0
VERTEX
 8
WIRE
 10
 13.9000
 20
 11.4000
 30
0.0
 0
VERTEX
 8
WIRE
 10
 13.9000
 20
 11.6000
 30
0.0
 0
SEQEND
 8
WIRE
 0
POLYLINE
 8
WIRE
 66
1
 70
1
 10
0.0
 20
0.0
 30
0.0
 40
  0.0200
 41
  0.0200
 0
VERTEX
 8
WIRE
 10
 13.8900
 20
 11.6000
 30
0.0
 42
1.0
 0
VERTEX
 8
WIRE
 10
 13.9100
 20
 11.6000
 30
0.0
 42
1.0
 0
SEQEND
 8
WIRE
 0
POLYLINE
 8
WIRE
 66
1
 10
0.0
 20
0.0
 30
0.0
 0
VERTEX
 8
WIRE
 10
 15.6000
 20
 13.3000
 30
0.0
 0
VERTEX
 8
WIRE
 10
 15.6000
 20
 13.4000
 30
0.0
 0
SEQEND
 8
WIRE
 0
POLYLINE
 8
WIRE
 66
1
 10
0.0
 20
0.0
 30
0.0
 0
VERTEX
 8
WIRE
 10
 18.8000
 20
  5.6000
 30
0.0
 0
VERTEX
 8
WIRE
 10
 17.8000
 20
  5.6000
 30
0.0
 0
SEQEND
 8
WIRE
 0
POLYLINE
 8
WIRE
 66
1
 10
0.0
 20
0.0
 30
0.0
 0
VERTEX
 8
WIRE
 10
 15.2000
 20
  7.8000
 30
0.0
 0
VERTEX
 8
WIRE
 10
 15.8000
 20
  7.8000
 30
0.0
 0
SEQEND
 8
WIRE
 0
POLYLINE
 8
WIRE
 66
1
 70
1
 10
0.0
 20
0.0
 30
0.0
 40
  0.0200
 41
  0.0200
 0
VERTEX
 8
WIRE
 10
 15.7900
 20
  7.8000
 30
0.0
 42
1.0
 0
VERTEX
 8
WIRE
 10
 15.8100
 20
  7.8000
 30
0.0
 42
1.0
 0
SEQEND
 8
WIRE
 0
POLYLINE
 8
WIRE
 66
1
 10
0.0
 20
0.0
 30
0.0
 0
VERTEX
 8
WIRE
 10
 15.8000
 20
  7.8000
 30
0.0
 0
VERTEX
 8
WIRE
 10
 16.4000
 20
  7.8000
 30
0.0
 0
SEQEND
 8
WIRE
 0
POLYLINE
 8
WIRE
 66
1
 10
0.0
 20
0.0
 30
0.0
 0
VERTEX
 8
WIRE
 10
 26.0000
 20
 12.8000
 30
0.0
 0
VERTEX
 8
WIRE
 10
 26.0000
 20
 12.7000
 30
0.0
 0
SEQEND
 8
WIRE
 0
POLYLINE
 8
WIRE
 66
1
 10
0.0
 20
0.0
 30
0.0
 0
VERTEX
 8
WIRE
 10
 23.8000
 20
 10.7000
 30
0.0
 0
VERTEX
 8
WIRE
 10
 23.6000
 20
 10.7000
 30
0.0
 0
SEQEND
 8
WIRE
 0
POLYLINE
 8
WIRE
 66
1
 10
0.0
 20
0.0
 30
0.0
 0
VERTEX
 8
WIRE
 10
 24.8000
 20
  3.3000
 30
0.0
 0
VERTEX
 8
WIRE
 10
 25.6000
 20
  3.3000
 30
0.0
 0
SEQEND
 8
WIRE
 0
POLYLINE
 8
WIRE
 66
1
 10
0.0
 20
0.0
 30
0.0
 0
VERTEX
 8
WIRE
 10
 25.6000
 20
  3.3000
 30
0.0
 0
VERTEX
 8
WIRE
 10
 25.6000
 20
  2.9000
 30
0.0
 0
SEQEND
 8
WIRE
 0
POLYLINE
 8
WIRE
 66
1
 10
0.0
 20
0.0
 30
0.0
 0
VERTEX
 8
WIRE
 10
  5.1000
 20
 17.1000
 30
0.0
 0
VERTEX
 8
WIRE
 10
  5.1000
 20
 16.8000
 30
0.0
 0
SEQEND
 8
WIRE
 0
POLYLINE
 8
WIRE
 66
1
 10
0.0
 20
0.0
 30
0.0
 0
VERTEX
 8
WIRE
 10
  5.4000
 20
 16.7000
 30
0.0
 0
VERTEX
 8
WIRE
 10
  5.5000
 20
 16.7000
 30
0.0
 0
SEQEND
 8
WIRE
 0
POLYLINE
 8
WIRE
 66
1
 10
0.0
 20
0.0
 30
0.0
 0
VERTEX
 8
WIRE
 10
  8.2000
 20
 17.1000
 30
0.0
 0
VERTEX
 8
WIRE
 10
  9.1000
 20
 17.1000
 30
0.0
 0
SEQEND
 8
WIRE
 0
POLYLINE
 8
WIRE
 66
1
 10
0.0
 20
0.0
 30
0.0
 0
VERTEX
 8
WIRE
 10
  6.3000
 20
 18.8000
 30
0.0
 0
VERTEX
 8
WIRE
 10
  6.3000
 20
 18.9000
 30
0.0
 0
SEQEND
 8
WIRE
 0
POLYLINE
 8
WIRE
 66
1
 10
0.0
 20
0.0
 30
0.0
 0
VERTEX
 8
WIRE
 10
  7.4000
 20
 15.7000
 30
0.0
 0
VERTEX
 8
WIRE
 10
  6.5000
 20
 15.7000
 30
0.0
 0
SEQEND
 8
WIRE
 0
POLYLINE
 8
WIRE
 66
1
 70
1
 10
0.0
 20
0.0
 30
0.0
 40
  0.0200
 41
  0.0200
 0
VERTEX
 8
WIRE
 10
  6.4900
 20
 15.7000
 30
0.0
 42
1.0
 0
VERTEX
 8
WIRE
 10
  6.5100
 20
 15.7000
 30
0.0
 42
1.0
 0
SEQEND
 8
WIRE
 0
POLYLINE
 8
WIRE
 66
1
 10
0.0
 20
0.0
 30
0.0
 0
VERTEX
 8
WIRE
 10
  6.2000
 20
 12.1000
 30
0.0
 0
VERTEX
 8
WIRE
 10
  6.4000
 20
 12.1000
 30
0.0
 0
SEQEND
 8
WIRE
 0
POLYLINE
 8
WIRE
 66
1
 10
0.0
 20
0.0
 30
0.0
 0
VERTEX
 8
WIRE
 10
  6.0000
 20
  8.7000
 30
0.0
 0
VERTEX
 8
WIRE
 10
  6.0000
 20
  8.3000
 30
0.0
 0
SEQEND
 8
WIRE
 0
POLYLINE
 8
WIRE
 66
1
 10
0.0
 20
0.0
 30
0.0
 0
VERTEX
 8
WIRE
 10
  6.0000
 20
  8.3000
 30
0.0
 0
VERTEX
 8
WIRE
 10
  6.6000
 20
  8.3000
 30
0.0
 0
SEQEND
 8
WIRE
 0
POLYLINE
 8
WIRE
 66
1
 70
1
 10
0.0
 20
0.0
 30
0.0
 40
  0.0200
 41
  0.0200
 0
VERTEX
 8
WIRE
 10
  6.5900
 20
  8.3000
 30
0.0
 42
1.0
 0
VERTEX
 8
WIRE
 10
  6.6100
 20
  8.3000
 30
0.0
 42
1.0
 0
SEQEND
 8
WIRE
 0
POLYLINE
 8
WIRE
 66
1
 10
0.0
 20
0.0
 30
0.0
 0
VERTEX
 8
WIRE
 10
 15.2000
 20
 16.6000
 30
0.0
 0
VERTEX
 8
WIRE
 10
 15.4000
 20
 16.6000
 30
0.0
 0
SEQEND
 8
WIRE
 0
POLYLINE
 8
WIRE
 66
1
 10
0.0
 20
0.0
 30
0.0
 0
VERTEX
 8
WIRE
 10
 12.7000
 20
 17.5000
 30
0.0
 0
VERTEX
 8
WIRE
 10
 12.6000
 20
 17.5000
 30
0.0
 0
SEQEND
 8
WIRE
 0
POLYLINE
 8
WIRE
 66
1
 10
0.0
 20
0.0
 30
0.0
 0
VERTEX
 8
WIRE
 10
 16.6000
 20
 15.5000
 30
0.0
 0
VERTEX
 8
WIRE
 10
 16.6000
 20
 15.6000
 30
0.0
 0
SEQEND
 8
WIRE
 0
POLYLINE
 8
WIRE
 66
1
 70
1
 10
0.0
 20
0.0
 30
0.0
 40
  0.0200
 41
  0.0200
 0
VERTEX
 8
WIRE
 10
 16.5900
 20
 15.5000
 30
0.0
 42
1.0
 0
VERTEX
 8
WIRE
 10
 16.6100
 20
 15.5000
 30
0.0
 42
1.0
 0
SEQEND
 8
WIRE
 0
POLYLINE
 8
WIRE
 66
1
 10
0.0
 20
0.0
 30
0.0
 0
VERTEX
 8
WIRE
 10
 17.5000
 20
 12.1000
 30
0.0
 0
VERTEX
 8
WIRE
 10
 17.5000
 20
 11.6000
 30
0.0
 0
SEQEND
 8
WIRE
 0
POLYLINE
 8
WIRE
 66
1
 70
1
 10
0.0
 20
0.0
 30
0.0
 40
  0.0200
 41
  0.0200
 0
VERTEX
 8
WIRE
 10
 17.4900
 20
 11.6000
 30
0.0
 42
1.0
 0
VERTEX
 8
WIRE
 10
 17.5100
 20
 11.6000
 30
0.0
 42
1.0
 0
SEQEND
 8
WIRE
 0
POLYLINE
 8
WIRE
 66
1
 10
0.0
 20
0.0
 30
0.0
 0
VERTEX
 8
WIRE
 10
 15.0000
 20
 13.8000
 30
0.0
 0
VERTEX
 8
WIRE
 10
 15.0000
 20
 13.4000
 30
0.0
 0
SEQEND
 8
WIRE
 0
POLYLINE
 8
WIRE
 66
1
 10
0.0
 20
0.0
 30
0.0
 0
VERTEX
 8
WIRE
 10
 12.8000
 20
 12.3000
 30
0.0
 0
VERTEX
 8
WIRE
 10
 12.7000
 20
 12.3000
 30
0.0
 0
SEQEND
 8
WIRE
 0
POLYLINE
 8
WIRE
 66
1
 10
0.0
 20
0.0
 30
0.0
 0
VERTEX
 8
WIRE
 10
 16.7000
 20
 10.2000
 30
0.0
 0
VERTEX
 8
WIRE
 10
 15.8000
 20
 10.2000
 30
0.0
 0
SEQEND
 8
WIRE
 0
POLYLINE
 8
WIRE
 66
1
 70
1
 10
0.0
 20
0.0
 30
0.0
 40
  0.0200
 41
  0.0200
 0
VERTEX
 8
WIRE
 10
 15.7900
 20
 10.2000
 30
0.0
 42
1.0
 0
VERTEX
 8
WIRE
 10
 15.8100
 20
 10.2000
 30
0.0
 42
1.0
 0
SEQEND
 8
WIRE
 0
POLYLINE
 8
WIRE
 66
1
 10
0.0
 20
0.0
 30
0.0
 0
VERTEX
 8
WIRE
 10
 17.8000
 20
  5.6000
 30
0.0
 0
VERTEX
 8
WIRE
 10
 17.8000
 20
  5.2000
 30
0.0
 0
SEQEND
 8
WIRE
 0
POLYLINE
 8
WIRE
 66
1
 10
0.0
 20
0.0
 30
0.0
 0
VERTEX
 8
WIRE
 10
 25.1000
 20
 16.2000
 30
0.0
 0
VERTEX
 8
WIRE
 10
 25.1000
 20
 16.1000
 30
0.0
 0
SEQEND
 8
WIRE
 0
POLYLINE
 8
WIRE
 66
1
 10
0.0
 20
0.0
 30
0.0
 0
VERTEX
 8
WIRE
 10
 25.2000
 20
 16.1000
 30
0.0
 0
VERTEX
 8
WIRE
 10
 25.2000
 20
 15.7000
 30
0.0
 0
SEQEND
 8
WIRE
 0
POLYLINE
 8
WIRE
 66
1
 10
0.0
 20
0.0
 30
0.0
 0
VERTEX
 8
WIRE
 10
 28.0000
 20
 10.6000
 30
0.0
 0
VERTEX
 8
WIRE
 10
 27.9000
 20
 10.6000
 30
0.0
 0
SEQEND
 8
WIRE
 0
POLYLINE
 8
WIRE
 66
1
 10
0.0
 20
0.0
 30
0.0
 0
VERTEX
 8
WIRE
 10
 27.9000
 20
 11.9000
 30
0.0
 0
VERTEX
 8
WIRE
 10
 27.9000
 20
 11.4000
 30
0.0
 0
SEQEND
 8
WIRE
 0
POLYLINE
 8
WIRE
 66
1
 70
1
 10
0.0
 20
0.0
 30
0.0
 40
  0.0200
 41
  0.0200
 0
VERTEX
 8
WIRE
 10
 27.8900
 20
 11.4000
 30
0.0
 42
1.0
 0
VERTEX
 8
WIRE
 10
 27.9100
 20
 11.4000
 30
0.0
 42
1.0
 0
SEQEND
 8
WIRE
 0
POLYLINE
 8
WIRE
 66
1
 10
0.0
 20
0.0
 30
0.0
 0
VERTEX
 8
WIRE
 10
 23.1000
 20
 10.7000
 30
0.0
 0
VERTEX
 8
WIRE
 10
 22.9000
 20
 10.7000
 30
0.0
 0
SEQEND
 8
WIRE
 0
POLYLINE
 8
WIRE
 66
1
 10
0.0
 20
0.0
 30
0.0
 0
VERTEX
 8
WIRE
 10
 25.6000
 20
 10.1000
 30
0.0
 0
VERTEX
 8
WIRE
 10
 25.6000
 20
 10.0000
 30
0.0
 0
SEQEND
 8
WIRE
 0
POLYLINE
 8
WIRE
 66
1
 10
0.0
 20
0.0
 30
0.0
 0
VERTEX
 8
WIRE
 10
  8.2000
 20
 17.6000
 30
0.0
 0
VERTEX
 8
WIRE
 10
  8.2000
 20
 17.1000
 30
0.0
 0
SEQEND
 8
WIRE
 0
POLYLINE
 8
WIRE
 66
1
 70
1
 10
0.0
 20
0.0
 30
0.0
 40
  0.0200
 41
  0.0200
 0
VERTEX
 8
WIRE
 10
  8.1900
 20
 17.1000
 30
0.0
 42
1.0
 0
VERTEX
 8
WIRE
 10
  8.2100
 20
 17.1000
 30
0.0
 42
1.0
 0
SEQEND
 8
WIRE
 0
POLYLINE
 8
WIRE
 66
1
 10
0.0
 20
0.0
 30
0.0
 0
VERTEX
 8
WIRE
 10
  5.5000
 20
 16.3000
 30
0.0
 0
VERTEX
 8
WIRE
 10
  6.2000
 20
 16.3000
 30
0.0
 0
SEQEND
 8
WIRE
 0
POLYLINE
 8
WIRE
 66
1
 10
0.0
 20
0.0
 30
0.0
 0
VERTEX
 8
WIRE
 10
  8.4000
 20
 11.9000
 30
0.0
 0
VERTEX
 8
WIRE
 10
  9.3000
 20
 11.9000
 30
0.0
 0
SEQEND
 8
WIRE
 0
POLYLINE
 8
WIRE
 66
1
 10
0.0
 20
0.0
 30
0.0
 0
VERTEX
 8
WIRE
 10
  7.1000
 20
 13.6000
 30
0.0
 0
VERTEX
 8
WIRE
 10
  7.1000
 20
 13.7000
 30
0.0
 0
SEQEND
 8
WIRE
 0
POLYLINE
 8
WIRE
 66
1
 10
0.0
 20
0.0
 30
0.0
 0
VERTEX
 8
WIRE
 10
  9.5000
 20
 11.5000
 30
0.0
 0
VERTEX
 8
WIRE
 10
  8.5000
 20
 11.5000
 30
0.0
 0
SEQEND
 8
WIRE
 0
POLYLINE
 8
WIRE
 66
1
 10
0.0
 20
0.0
 30
0.0
 0
VERTEX
 8
WIRE
 10
  6.1000
 20
 10.5000
 30
0.0
 0
VERTEX
 8
WIRE
 10
  6.7000
 20
 10.5000
 30
0.0
 0
SEQEND
 8
WIRE
 0
POLYLINE
 8
WIRE
 66
1
 10
0.0
 20
0.0
 30
0.0
 0
VERTEX
 8
WIRE
 10
  4.4000
 20
  5.8000
 30
0.0
 0
VERTEX
 8
WIRE
 10
  4.4000
 20
  5.7000
 30
0.0
 0
SEQEND
 8
WIRE
 0
POLYLINE
 8
WIRE
 66
1
 10
0.0
 20
0.0
 30
0.0
 0
VERTEX
 8
WIRE
 10
  7.7000
 20
  5.1000
 30
0.0
 0
VERTEX
 8
WIRE
 10
  7.7000
 20
  5.2000
 30
0.0
 0
SEQEND
 8
WIRE
 0
POLYLINE
 8
WIRE
 66
1
 70
1
 10
0.0
 20
0.0
 30
0.0
 40
  0.0200
 41
  0.0200
 0
VERTEX
 8
WIRE
 10
  7.6900
 20
  5.1000
 30
0.0
 42
1.0
 0
VERTEX
 8
WIRE
 10
  7.7100
 20
  5.1000
 30
0.0
 42
1.0
 0
SEQEND
 8
WIRE
 0
POLYLINE
 8
WIRE
 66
1
 10
0.0
 20
0.0
 30
0.0
 0
VERTEX
 8
WIRE
 10
 17.4000
 20
 17.4000
 30
0.0
 0
VERTEX
 8
WIRE
 10
 17.4000
 20
 16.9000
 30
0.0
 0
SEQEND
 8
WIRE
 0
POLYLINE
 8
WIRE
 66
1
 70
1
 10
0.0
 20
0.0
 30
0.0
 40
  0.0200
 41
  0.0200
 0
VERTEX
 8
WIRE
 10
 17.3900
 20
 16.9000
 30
0.0
 42
1.0
 0
VERTEX
 8
WIRE
 10
 17.4100
 20
 16.9000
 30
0.0
 42
1.0
 0
SEQEND
 8
WIRE
 0
POLYLINE
 8
WIRE
 66
1
 10
0.0
 20
0.0
 30
0.0
 0
VERTEX
 8
WIRE
 10
 14.9000
 20
 19.1000
 30
0.0
 0
VERTEX
 8
WIRE
 10
 14.9000
 20
 18.7000
 30
0.0
 0
SEQEND
 8
WIRE
 0
POLYLINE
 8
WIRE
 66
1
 10
0.0
 20
0.0
 30
0.0
 0
VERTEX
 8
WIRE
 10
 12.6000
 20
 16.2000
 30
0.0
 0
VERTEX
 8
WIRE
 10
 12.4000
 20
 16.2000
 30
0.0
 0
SEQEND
 8
WIRE
 0
POLYLINE
 8
WIRE
 66
1
 10
0.0
 20
0.0
 30
0.0
 0
VERTEX
 8
WIRE
 10
 14.8000
 20
 10.8000
 30
0.0
 0
VERTEX
 8
WIRE
 10
 15.5000
 20
 10.8000
 30
0.0
 0
SEQEND
 8
WIRE
 0
POLYLINE
 8
WIRE
 66
1
 10
0.0
 20
0.0
 30
0.0
 0
VERTEX
 8
WIRE
 10
 16.9000
 20
  4.2000
 30
0.0
 0
VERTEX
 8
WIRE
 10
 16.9000
 20
  4.1000
 30
0.0
 0
SEQEND
 8
WIRE
 0
POLYLINE
 8
WIRE
 66
1
 10
0.0
 20
0.0
 30
0.0
 0
VERTEX
 8
WIRE
 10
 16.9000
 20
  7.8000
 30
0.0
 0
VERTEX
 8
WIRE
 10
 16.9000
 20
  7.3000
 30
0.0
 0
SEQEND
 8
WIRE
 0
POLYLINE
 8
WIRE
 66
1
 10
0.0
 20
0.0
 30
0.0
 0
VERTEX
 8
WIRE
 10
 17.7000
 20
  6.0000
 30
0.0
 0
VERTEX
 8
WIRE
 10
 18.6000
 20
  6.0000
 30
0.0
 0
SEQEND
 8
WIRE
 0
POLYLINE
 8
WIRE
 66
1
 10
0.0
 20
0.0
 30
0.0
 0
VERTEX
 8
WIRE
 10
 16.4000
 20
  7.7000
 30
0.0
 0
VERTEX
 8
WIRE
 10
 16.4000
 20
  7.8000
 30
0.0
 0
SEQEND
 8
WIRE
 0
POLYLINE
 8
WIRE
 66
1
 10
0.0
 20
0.0
 30
0.0
 0
VERTEX
 8
WIRE
 10
 14.1000
 20
  5.2000
 30
0.0
 0
VERTEX
 8
WIRE
 10
 15.0000
 20
  5.2000
 30
0.0
 0
SEQEND
 8
WIRE
 0
POLYLINE
 8
WIRE
 66
1
 70
1
 10
0.0
 20
0.0
 30
0.0
 40
  0.0200
 41
  0.0200
 0
VERTEX
 8
WIRE
 10
 14.9900
 20
  5.2000
 30
0.0
 42
1.0
 0
VERTEX
 8
WIRE
 10
 15.0100
 20
  5.2000
 30
0.0
 42
1.0
 0
SEQEND
 8
WIRE
 0
POLYLINE
 8
WIRE
 66
1
 10
0.0
 20
0.0
 30
0.0
 0
VERTEX
 8
WIRE
 10
 23.8000
 20
 15.8000
 30
0.0
 0
VERTEX
 8
WIRE
 10
 23.6000
 20
 15.8000
 30
0.0
 0
SEQEND
 8
WIRE
 0
POLYLINE
 8
WIRE
 66
1
 10
0.0
 20
0.0
 30
0.0
 0
VERTEX
 8
WIRE
 10
 24.3000
 20
 15.7000
 30
0.0
 0
VERTEX
 8
WIRE
 10
 25.2000
 20
 15.7000
 30
0.0
 0
SEQEND
 8
WIRE
 0
POLYLINE
 8
WIRE
 66
1
 70
1
 10
0.0
 20
0.0
 30
0.0
 40
  0.0200
 41
  0.0200
 0
VERTEX
 8
WIRE
 10
 25.1900
 20
 15.7000
 30
0.0
 42
1.0
 0
VERTEX
 8
WIRE
 10
 25.2100
 20
 15.7000
 30
0.0
 42
1.0
 0
SEQEND
 8
WIRE
 0
POLYLINE
 8
WIRE
 66
1
 10
0.0
 20
0.0
 30
0.0
 0
VERTEX
 8
WIRE
 10
 23.8000
 20
 10.7000
 30
0.0
 0
VERTEX
 8
WIRE
 10
 23.8000
 20
 10.6000
 30
0.0
 0
SEQEND
 8
WIRE
 0
POLYLINE
 8
WIRE
 66
1
 10
0.0
 20
0.0
 30
0.0
 0
VERTEX
 8
WIRE
 10
 27.1000
 20
 13.2000
 30
0.0
 0
VERTEX
 8
WIRE
 10
 27.1000
 20
 12.7000
 30
0.0
 0
SEQEND
 8
WIRE
 0
POLYLINE
 8
WIRE
 66
1
 10
0.0
 20
0.0
 30
0.0
 0
VERTEX
 8
WIRE
 10
 26.0000
 20
 13.2000
 30
0.0
 0
VERTEX
 8
WIRE
 10
 26.6000
 20
 13.2000
 30
0.0
 0
SEQEND
 8
WIRE
 0
POLYLINE
 8
WIRE
 66
1
 10
0.0
 20
0.0
 30
0.0
 0
VERTEX
 8
WIRE
 10
 25.6000
 20
 10.0000
 30
0.0
 0
VERTEX
 8
WIRE
 10
 26.2000
 20
 10.0000
 30
0.0
 0
SEQEND
 8
WIRE
 0
POLYLINE
 8
WIRE
 66
1
 10
0.0
 20
0.0
 30
0.0
 0
VERTEX
 8
WIRE
 10
 25.6000
 20
  3.9000
 30
0.0
 0
VERTEX
 8
WIRE
 10
 25.6000
 20
  4.1000
 30
0.0
 0
SEQEND
 8
WIRE
 0
POLYLINE
 8
WIRE
 66
1
 10
0.0
 20
0.0
 30
0.0
 0
VERTEX
 8
WIRE
 10
  5.9000
 20
 15.7000
 30
0.0
 0
VERTEX
 8
WIRE
 10
  6.5000
 20
 15.7000
 30
0.0
 0
SEQEND
 8
WIRE
 0
POLYLINE
 8
WIRE
 66
1
 10
0.0
 20
0.0
 30
0.0
 0
VERTEX
 8
WIRE
 10
  5.6000
 20
 11.6000
 30
0.0
 0
VERTEX
 8
WIRE
 10
  5.6000
 20
 11.5000
 30
0.0
 0
SEQEND
 8
WIRE
 0
POLYLINE
 8
WIRE
 66
1
 10
0.0
 20
0.0
 30
0.0
 0
VERTEX
 8
WIRE
 10
  5.7000
 20
 11.6000
 30
0.0
 0
VERTEX
 8
WIRE
 10
  5.7000
 20
 11.5000
 30
0.0
 0
SEQEND
 8
WIRE
 0
POLYLINE
 8
WIRE
 66
1
 70
1
 10
0.0
 20
0.0
 30
0.0
 40
  0.0200
 41
  0.0200
 0
VERTEX
 8
WIRE
 10
  5.6900
 20
 11.5000
 30
0.0
 42
1.0
 0
VERTEX
 8
WIRE
 10
  5.7100
 20
 11.5000
 30
0.0
 42
1.0
 0
SEQEND
 8
WIRE
 0
POLYLINE
 8
WIRE
 66
1
 10
0.0
 20
0.0
 30
0.0
 0
VERTEX
 8
WIRE
 10
  5.7000
 20
 11.5000
 30
0.0
 0
VERTEX
 8
WIRE
 10
  5.7000
 20
 11.1000
 30
0.0
 0
SEQEND
 8
WIRE
 0
POLYLINE
 8
WIRE
 66
1
 10
0.0
 20
0.0
 30
0.0
 0
VERTEX
 8
WIRE
 10
 13.4000
 20
 10.9000
 30
0.0
 0
VERTEX
 8
WIRE
 10
 13.2000
 20
 10.9000
 30
0.0
 0
SEQEND
 8
WIRE
 0
POLYLINE
 8
WIRE
 66
1
 10
0.0
 20
0.0
 30
0.0
 0
VERTEX
 8
WIRE
 10
 14.6000
 20
  6.0000
 30
0.0
 0
VERTEX
 8
WIRE
 10
 14.6000
 20
  5.7000
 30
0.0
 0
SEQEND
 8
WIRE
 0
POLYLINE
 8
WIRE
 66
1
 10
0.0
 20
0.0
 30
0.0
 0
VERTEX
 8
WIRE
 10
 27.9000
 20
 17.0000
 30
0.0
 0
VERTEX
 8
WIRE
 10
 27.9000
 20
 16.5000
 30
0.0
 0
SEQEND
 8
WIRE
 0
POLYLINE
 8
WIRE
 66
1
 70
1
 10
0.0
 20
0.0
 30
0.0
 40
  0.0200
 41
  0.0200
 0
VERTEX
 8
WIRE
 10
 27.8900
 20
 16.5000
 30
0.0
 42
1.0
 0
VERTEX
 8
WIRE
 10
 27.9100
 20
 16.5000
 30
0.0
 42
1.0
 0
SEQEND
 8
WIRE
 0
POLYLINE
 8
WIRE
 66
1
 10
0.0
 20
0.0
 30
0.0
 0
VERTEX
 8
WIRE
 10
 23.1000
 20
 15.7000
 30
0.0
 0
VERTEX
 8
WIRE
 10
 22.9000
 20
 15.7000
 30
0.0
 0
SEQEND
 8
WIRE
 0
POLYLINE
 8
WIRE
 66
1
 70
1
 10
0.0
 20
0.0
 30
0.0
 40
  0.0200
 41
  0.0200
 0
VERTEX
 8
WIRE
 10
 22.8900
 20
 15.7000
 30
0.0
 42
1.0
 0
VERTEX
 8
WIRE
 10
 22.9100
 20
 15.7000
 30
0.0
 42
1.0
 0
SEQEND
 8
WIRE
 0
POLYLINE
 8
WIRE
 66
1
 10
0.0
 20
0.0
 30
0.0
 0
VERTEX
 8
WIRE
 10
 25.6000
 20
 15.2000
 30
0.0
 0
VERTEX
 8
WIRE
 10
 25.6000
 20
 15.1000
 30
0.0
 0
SEQEND
 8
WIRE
 0
POLYLINE
 8
WIRE
 66
1
 10
0.0
 20
0.0
 30
0.0
 0
VERTEX
 8
WIRE
 10
 29.0000
 20
 11.0000
 30
0.0
 0
VERTEX
 8
WIRE
 10
 28.0000
 20
 11.0000
 30
0.0
 0
SEQEND
 8
WIRE
 0
POLYLINE
 8
WIRE
 66
1
 10
0.0
 20
0.0
 30
0.0
 0
VERTEX
 8
WIRE
 10
  4.1000
 20
 16.9000
 30
0.0
 0
VERTEX
 8
WIRE
 10
  4.1000
 20
 16.4000
 30
0.0
 0
SEQEND
 8
WIRE
 0
POLYLINE
 8
WIRE
 66
1
 70
1
 10
0.0
 20
0.0
 30
0.0
 40
  0.0200
 41
  0.0200
 0
VERTEX
 8
WIRE
 10
  4.0900
 20
 16.4000
 30
0.0
 42
1.0
 0
VERTEX
 8
WIRE
 10
  4.1100
 20
 16.4000
 30
0.0
 42
1.0
 0
SEQEND
 8
WIRE
 0
POLYLINE
 8
WIRE
 66
1
 10
0.0
 20
0.0
 30
0.0
 0
VERTEX
 8
WIRE
 10
  8.5000
 20
 11.1000
 30
0.0
 0
VERTEX
 8
WIRE
 10
  8.4000
 20
 11.1000
 30
0.0
 0
SEQEND
 8
WIRE
 0
POLYLINE
 8
WIRE
 66
1
 10
0.0
 20
0.0
 30
0.0
 0
VERTEX
 8
WIRE
 10
  4.3000
 20
 11.7000
 30
0.0
 0
VERTEX
 8
WIRE
 10
  4.3000
 20
 11.2000
 30
0.0
 0
SEQEND
 8
WIRE
 0
POLYLINE
 8
WIRE
 66
1
 70
1
 10
0.0
 20
0.0
 30
0.0
 40
  0.0200
 41
  0.0200
 0
VERTEX
 8
WIRE
 10
  4.2900
 20
 11.2000
 30
0.0
 42
1.0
 0
VERTEX
 8
WIRE
 10
  4.3100
 20
 11.2000
 30
0.0
 42
1.0
 0
SEQEND
 8
WIRE
 0
POLYLINE
 8
WIRE
 66
1
 10
0.0
 20
0.0
 30
0.0
 0
VERTEX
 8
WIRE
 10
  7.6000
 20
 13.7000
 30
0.0
 0
VERTEX
 8
WIRE
 10
  7.6000
 20
 13.2000
 30
0.0
 0
SEQEND
 8
WIRE
 0
POLYLINE
 8
WIRE
 66
1
 10
0.0
 20
0.0
 30
0.0
 0
VERTEX
 8
WIRE
 10
  3.8000
 20
  7.1000
 30
0.0
 0
VERTEX
 8
WIRE
 10
  3.7000
 20
  7.1000
 30
0.0
 0
SEQEND
 8
WIRE
 0
POLYLINE
 8
WIRE
 66
1
 10
0.0
 20
0.0
 30
0.0
 0
VERTEX
 8
WIRE
 10
  8.5000
 20
  6.5000
 30
0.0
 0
VERTEX
 8
WIRE
 10
  9.4000
 20
  6.5000
 30
0.0
 0
SEQEND
 8
WIRE
 0
POLYLINE
 8
WIRE
 66
1
 10
0.0
 20
0.0
 30
0.0
 0
VERTEX
 8
WIRE
 10
  7.2000
 20
  8.2000
 30
0.0
 0
VERTEX
 8
WIRE
 10
  7.2000
 20
  8.3000
 30
0.0
 0
SEQEND
 8
WIRE
 0
POLYLINE
 8
WIRE
 66
1
 10
0.0
 20
0.0
 30
0.0
 0
VERTEX
 8
WIRE
 10
  4.4000
 20
  5.7000
 30
0.0
 0
VERTEX
 8
WIRE
 10
  4.9000
 20
  5.7000
 30
0.0
 0
SEQEND
 8
WIRE
 0
POLYLINE
 8
WIRE
 66
1
 70
1
 10
0.0
 20
0.0
 30
0.0
 40
  0.0200
 41
  0.0200
 0
VERTEX
 8
WIRE
 10
  4.8900
 20
  5.7000
 30
0.0
 42
1.0
 0
VERTEX
 8
WIRE
 10
  4.9100
 20
  5.7000
 30
0.0
 42
1.0
 0
SEQEND
 8
WIRE
 0
POLYLINE
 8
WIRE
 66
1
 10
0.0
 20
0.0
 30
0.0
 0
VERTEX
 8
WIRE
 10
  5.8000
 20
  6.1000
 30
0.0
 0
VERTEX
 8
WIRE
 10
  5.8000
 20
  5.7000
 30
0.0
 0
SEQEND
 8
WIRE
 0
POLYLINE
 8
WIRE
 66
1
 10
0.0
 20
0.0
 30
0.0
 0
VERTEX
 8
WIRE
 10
  4.9000
 20
  6.6000
 30
0.0
 0
VERTEX
 8
WIRE
 10
  4.9000
 20
  6.5000
 30
0.0
 0
SEQEND
 8
WIRE
 0
POLYLINE
 8
WIRE
 66
1
 10
0.0
 20
0.0
 30
0.0
 0
VERTEX
 8
WIRE
 10
  9.6000
 20
  6.1000
 30
0.0
 0
VERTEX
 8
WIRE
 10
  8.6000
 20
  6.1000
 30
0.0
 0
SEQEND
 8
WIRE
 0
POLYLINE
 8
WIRE
 66
1
 10
0.0
 20
0.0
 30
0.0
 0
VERTEX
 8
WIRE
 10
 13.3000
 20
 16.2000
 30
0.0
 0
VERTEX
 8
WIRE
 10
 13.3000
 20
 16.1000
 30
0.0
 0
SEQEND
 8
WIRE
 0
POLYLINE
 8
WIRE
 66
1
 10
0.0
 20
0.0
 30
0.0
 0
VERTEX
 8
WIRE
 10
 12.6000
 20
 16.1000
 30
0.0
 0
VERTEX
 8
WIRE
 10
 12.4000
 20
 16.1000
 30
0.0
 0
SEQEND
 8
WIRE
 0
POLYLINE
 8
WIRE
 66
1
 70
1
 10
0.0
 20
0.0
 30
0.0
 40
  0.0200
 41
  0.0200
 0
VERTEX
 8
WIRE
 10
 12.3900
 20
 16.1000
 30
0.0
 42
1.0
 0
VERTEX
 8
WIRE
 10
 12.4100
 20
 16.1000
 30
0.0
 42
1.0
 0
SEQEND
 8
WIRE
 0
POLYLINE
 8
WIRE
 66
1
 10
0.0
 20
0.0
 30
0.0
 0
VERTEX
 8
WIRE
 10
 15.1000
 20
 15.5000
 30
0.0
 0
VERTEX
 8
WIRE
 10
 15.7000
 20
 15.5000
 30
0.0
 0
SEQEND
 8
WIRE
 0
POLYLINE
 8
WIRE
 66
1
 10
0.0
 20
0.0
 30
0.0
 0
VERTEX
 8
WIRE
 10
 16.7000
 20
  9.8000
 30
0.0
 0
VERTEX
 8
WIRE
 10
 16.7000
 20
  9.7000
 30
0.0
 0
SEQEND
 8
WIRE
 0
POLYLINE
 8
WIRE
 66
1
 10
0.0
 20
0.0
 30
0.0
 0
VERTEX
 8
WIRE
 10
 16.2000
 20
 13.3000
 30
0.0
 0
VERTEX
 8
WIRE
 10
 16.2000
 20
 13.4000
 30
0.0
 0
SEQEND
 8
WIRE
 0
POLYLINE
 8
WIRE
 66
1
 10
0.0
 20
0.0
 30
0.0
 0
VERTEX
 8
WIRE
 10
 13.9000
 20
 10.8000
 30
0.0
 0
VERTEX
 8
WIRE
 10
 14.8000
 20
 10.8000
 30
0.0
 0
SEQEND
 8
WIRE
 0
POLYLINE
 8
WIRE
 66
1
 70
1
 10
0.0
 20
0.0
 30
0.0
 40
  0.0200
 41
  0.0200
 0
VERTEX
 8
WIRE
 10
 14.7900
 20
 10.8000
 30
0.0
 42
1.0
 0
VERTEX
 8
WIRE
 10
 14.8100
 20
 10.8000
 30
0.0
 42
1.0
 0
SEQEND
 8
WIRE
 0
POLYLINE
 8
WIRE
 66
1
 10
0.0
 20
0.0
 30
0.0
 0
VERTEX
 8
WIRE
 10
 17.6000
 20
 11.2000
 30
0.0
 0
VERTEX
 8
WIRE
 10
 17.6000
 20
 10.8000
 30
0.0
 0
SEQEND
 8
WIRE
 0
POLYLINE
 8
WIRE
 66
1
 10
0.0
 20
0.0
 30
0.0
 0
VERTEX
 8
WIRE
 10
 13.6000
 20
  5.8000
 30
0.0
 0
VERTEX
 8
WIRE
 10
 13.6000
 20
  5.3000
 30
0.0
 0
SEQEND
 8
WIRE
 0
POLYLINE
 8
WIRE
 66
1
 70
1
 10
0.0
 20
0.0
 30
0.0
 40
  0.0200
 41
  0.0200
 0
VERTEX
 8
WIRE
 10
 13.5900
 20
  5.3000
 30
0.0
 42
1.0
 0
VERTEX
 8
WIRE
 10
 13.6100
 20
  5.3000
 30
0.0
 42
1.0
 0
SEQEND
 8
WIRE
 0
POLYLINE
 8
WIRE
 66
1
 10
0.0
 20
0.0
 30
0.0
 0
VERTEX
 8
WIRE
 10
 15.2000
 20
  8.2000
 30
0.0
 0
VERTEX
 8
WIRE
 10
 15.2000
 20
  7.8000
 30
0.0
 0
SEQEND
 8
WIRE
 0
POLYLINE
 8
WIRE
 66
1
 10
0.0
 20
0.0
 30
0.0
 0
VERTEX
 8
WIRE
 10
 14.1000
 20
  5.3000
 30
0.0
 0
VERTEX
 8
WIRE
 10
 14.1000
 20
  5.2000
 30
0.0
 0
SEQEND
 8
WIRE
 0
POLYLINE
 8
WIRE
 66
1
 10
0.0
 20
0.0
 30
0.0
 0
VERTEX
 8
WIRE
 10
 14.1000
 20
  6.0000
 30
0.0
 0
VERTEX
 8
WIRE
 10
 14.6000
 20
  6.0000
 30
0.0
 0
SEQEND
 8
WIRE
 0
POLYLINE
 8
WIRE
 66
1
 10
0.0
 20
0.0
 30
0.0
 0
VERTEX
 8
WIRE
 10
 26.0000
 20
 17.9000
 30
0.0
 0
VERTEX
 8
WIRE
 10
 26.0000
 20
 17.8000
 30
0.0
 0
SEQEND
 8
WIRE
 0
POLYLINE
 8
WIRE
 66
1
 10
0.0
 20
0.0
 30
0.0
 0
VERTEX
 8
WIRE
 10
 23.8000
 20
 15.8000
 30
0.0
 0
VERTEX
 8
WIRE
 10
 23.8000
 20
 15.7000
 30
0.0
 0
SEQEND
 8
WIRE
 0
POLYLINE
 8
WIRE
 66
1
 10
0.0
 20
0.0
 30
0.0
 0
VERTEX
 8
WIRE
 10
 28.0000
 20
 16.1000
 30
0.0
 0
VERTEX
 8
WIRE
 10
 28.0000
 20
 15.7000
 30
0.0
 0
SEQEND
 8
WIRE
 0
POLYLINE
 8
WIRE
 66
1
 10
0.0
 20
0.0
 30
0.0
 0
VERTEX
 8
WIRE
 10
 26.0000
 20
 18.3000
 30
0.0
 0
VERTEX
 8
WIRE
 10
 26.6000
 20
 18.3000
 30
0.0
 0
SEQEND
 8
WIRE
 0
POLYLINE
 8
WIRE
 66
1
 10
0.0
 20
0.0
 30
0.0
 0
VERTEX
 8
WIRE
 10
 25.6000
 20
 15.1000
 30
0.0
 0
VERTEX
 8
WIRE
 10
 26.2000
 20
 15.1000
 30
0.0
 0
SEQEND
 8
WIRE
 0
POLYLINE
 8
WIRE
 66
1
 10
0.0
 20
0.0
 30
0.0
 0
VERTEX
 8
WIRE
 10
 27.1000
 20
  9.6000
 30
0.0
 0
VERTEX
 8
WIRE
 10
 27.1000
 20
  9.5000
 30
0.0
 0
SEQEND
 8
WIRE
 0
POLYLINE
 8
WIRE
 66
1
 10
0.0
 20
0.0
 30
0.0
 0
VERTEX
 8
WIRE
 10
 23.6000
 20
 10.6000
 30
0.0
 0
VERTEX
 8
WIRE
 10
 23.8000
 20
 10.6000
 30
0.0
 0
SEQEND
 8
WIRE
 0
POLYLINE
 8
WIRE
 66
1
 70
1
 10
0.0
 20
0.0
 30
0.0
 40
  0.0200
 41
  0.0200
 0
VERTEX
 8
WIRE
 10
 23.7900
 20
 10.6000
 30
0.0
 42
1.0
 0
VERTEX
 8
WIRE
 10
 23.8100
 20
 10.6000
 30
0.0
 42
1.0
 0
SEQEND
 8
WIRE
 0
POLYLINE
 8
WIRE
 66
1
 10
0.0
 20
0.0
 30
0.0
 0
VERTEX
 8
WIRE
 10
 26.6000
 20
 13.2000
 30
0.0
 0
VERTEX
 8
WIRE
 10
 27.1000
 20
 13.2000
 30
0.0
 0
SEQEND
 8
WIRE
 0
POLYLINE
 8
WIRE
 66
1
 70
1
 10
0.0
 20
0.0
 30
0.0
 40
  0.0200
 41
  0.0200
 0
VERTEX
 8
WIRE
 10
 26.5900
 20
 13.2000
 30
0.0
 42
1.0
 0
VERTEX
 8
WIRE
 10
 26.6100
 20
 13.2000
 30
0.0
 42
1.0
 0
SEQEND
 8
WIRE
 0
POLYLINE
 8
WIRE
 66
1
 10
0.0
 20
0.0
 30
0.0
 0
VERTEX
 8
WIRE
 10
 28.0000
 20
 11.0000
 30
0.0
 0
VERTEX
 8
WIRE
 10
 28.0000
 20
 10.6000
 30
0.0
 0
SEQEND
 8
WIRE
 0
POLYLINE
 8
WIRE
 66
1
 10
0.0
 20
0.0
 30
0.0
 0
VERTEX
 8
WIRE
 10
 20.0000
 20
  3.4000
 30
0.0
 0
VERTEX
 8
WIRE
 10
 20.6000
 20
  3.4000
 30
0.0
 0
SEQEND
 8
WIRE
 0
POLYLINE
 8
WIRE
 66
1
 10
0.0
 20
0.0
 30
0.0
 0
VERTEX
 8
WIRE
 10
 20.6000
 20
  3.9000
 30
0.0
 0
VERTEX
 8
WIRE
 10
 23.0000
 20
  3.9000
 30
0.0
 0
SEQEND
 8
WIRE
 0
POLYLINE
 8
WIRE
 66
1
 10
0.0
 20
0.0
 30
0.0
 0
VERTEX
 8
WIRE
 10
  8.3000
 20
 16.3000
 30
0.0
 0
VERTEX
 8
WIRE
 10
  8.2000
 20
 16.3000
 30
0.0
 0
SEQEND
 8
WIRE
 0
POLYLINE
 8
WIRE
 66
1
 10
0.0
 20
0.0
 30
0.0
 0
VERTEX
 8
WIRE
 10
  6.9000
 20
 18.9000
 30
0.0
 0
VERTEX
 8
WIRE
 10
  7.4000
 20
 18.9000
 30
0.0
 0
SEQEND
 8
WIRE
 0
POLYLINE
 8
WIRE
 66
1
 70
1
 10
0.0
 20
0.0
 30
0.0
 40
  0.0200
 41
  0.0200
 0
VERTEX
 8
WIRE
 10
  6.8900
 20
 18.9000
 30
0.0
 42
1.0
 0
VERTEX
 8
WIRE
 10
  6.9100
 20
 18.9000
 30
0.0
 42
1.0
 0
SEQEND
 8
WIRE
 0
POLYLINE
 8
WIRE
 66
1
 10
0.0
 20
0.0
 30
0.0
 0
VERTEX
 8
WIRE
 10
  5.7000
 20
 18.9000
 30
0.0
 0
VERTEX
 8
WIRE
 10
  6.3000
 20
 18.9000
 30
0.0
 0
SEQEND
 8
WIRE
 0
POLYLINE
 8
WIRE
 66
1
 70
1
 10
0.0
 20
0.0
 30
0.0
 40
  0.0200
 41
  0.0200
 0
VERTEX
 8
WIRE
 10
  6.2900
 20
 18.9000
 30
0.0
 42
1.0
 0
VERTEX
 8
WIRE
 10
  6.3100
 20
 18.9000
 30
0.0
 42
1.0
 0
SEQEND
 8
WIRE
 0
POLYLINE
 8
WIRE
 66
1
 10
0.0
 20
0.0
 30
0.0
 0
VERTEX
 8
WIRE
 10
  4.1000
 20
 16.4000
 30
0.0
 0
VERTEX
 8
WIRE
 10
  3.9000
 20
 16.4000
 30
0.0
 0
SEQEND
 8
WIRE
 0
POLYLINE
 8
WIRE
 66
1
 10
0.0
 20
0.0
 30
0.0
 0
VERTEX
 8
WIRE
 10
  4.1000
 20
 11.1000
 30
0.0
 0
VERTEX
 8
WIRE
 10
  4.3000
 20
 11.1000
 30
0.0
 0
SEQEND
 8
WIRE
 0
POLYLINE
 8
WIRE
 66
1
 70
1
 10
0.0
 20
0.0
 30
0.0
 40
  0.0200
 41
  0.0200
 0
VERTEX
 8
WIRE
 10
  4.2900
 20
 11.1000
 30
0.0
 42
1.0
 0
VERTEX
 8
WIRE
 10
  4.3100
 20
 11.1000
 30
0.0
 42
1.0
 0
SEQEND
 8
WIRE
 0
POLYLINE
 8
WIRE
 66
1
 10
0.0
 20
0.0
 30
0.0
 0
VERTEX
 8
WIRE
 10
  4.3000
 20
 11.2000
 30
0.0
 0
VERTEX
 8
WIRE
 10
  4.3000
 20
 11.1000
 30
0.0
 0
SEQEND
 8
WIRE
 0
POLYLINE
 8
WIRE
 66
1
 10
0.0
 20
0.0
 30
0.0
 0
VERTEX
 8
WIRE
 10
  7.7000
 20
  8.3000
 30
0.0
 0
VERTEX
 8
WIRE
 10
  7.7000
 20
  7.8000
 30
0.0
 0
SEQEND
 8
WIRE
 0
POLYLINE
 8
WIRE
 66
1
 10
0.0
 20
0.0
 30
0.0
 0
VERTEX
 8
WIRE
 10
  3.7000
 20
  5.8000
 30
0.0
 0
VERTEX
 8
WIRE
 10
  3.5000
 20
  5.8000
 30
0.0
 0
SEQEND
 8
WIRE
 0
POLYLINE
 8
WIRE
 66
1
 10
0.0
 20
0.0
 30
0.0
 0
VERTEX
 8
WIRE
 10
  5.7000
 20
  6.2000
 30
0.0
 0
VERTEX
 8
WIRE
 10
  5.7000
 20
  6.1000
 30
0.0
 0
SEQEND
 8
WIRE
 0
POLYLINE
 8
WIRE
 66
1
 10
0.0
 20
0.0
 30
0.0
 0
VERTEX
 8
WIRE
 10
 13.1000
 20
 16.1000
 30
0.0
 0
VERTEX
 8
WIRE
 10
 13.3000
 20
 16.1000
 30
0.0
 0
SEQEND
 8
WIRE
 0
POLYLINE
 8
WIRE
 66
1
 70
1
 10
0.0
 20
0.0
 30
0.0
 40
  0.0200
 41
  0.0200
 0
VERTEX
 8
WIRE
 10
 13.2900
 20
 16.1000
 30
0.0
 42
1.0
 0
VERTEX
 8
WIRE
 10
 13.3100
 20
 16.1000
 30
0.0
 42
1.0
 0
SEQEND
 8
WIRE
 0
POLYLINE
 8
WIRE
 66
1
 10
0.0
 20
0.0
 30
0.0
 0
VERTEX
 8
WIRE
 10
 13.8000
 20
 16.1000
 30
0.0
 0
VERTEX
 8
WIRE
 10
 14.7000
 20
 16.1000
 30
0.0
 0
SEQEND
 8
WIRE
 0
POLYLINE
 8
WIRE
 66
1
 70
1
 10
0.0
 20
0.0
 30
0.0
 40
  0.0200
 41
  0.0200
 0
VERTEX
 8
WIRE
 10
 14.6900
 20
 16.1000
 30
0.0
 42
1.0
 0
VERTEX
 8
WIRE
 10
 14.7100
 20
 16.1000
 30
0.0
 42
1.0
 0
SEQEND
 8
WIRE
 0
POLYLINE
 8
WIRE
 66
1
 10
0.0
 20
0.0
 30
0.0
 0
VERTEX
 8
WIRE
 10
 18.5000
 20
 16.5000
 30
0.0
 0
VERTEX
 8
WIRE
 10
 17.5000
 20
 16.5000
 30
0.0
 0
SEQEND
 8
WIRE
 0
POLYLINE
 8
WIRE
 66
1
 10
0.0
 20
0.0
 30
0.0
 0
VERTEX
 8
WIRE
 10
 17.6000
 20
 10.8000
 30
0.0
 0
VERTEX
 8
WIRE
 10
 17.5000
 20
 10.8000
 30
0.0
 0
SEQEND
 8
WIRE
 0
POLYLINE
 8
WIRE
 66
1
 10
0.0
 20
0.0
 30
0.0
 0
VERTEX
 8
WIRE
 10
 12.8000
 20
 12.2000
 30
0.0
 0
VERTEX
 8
WIRE
 10
 12.7000
 20
 12.2000
 30
0.0
 0
SEQEND
 8
WIRE
 0
POLYLINE
 8
WIRE
 66
1
 10
0.0
 20
0.0
 30
0.0
 0
VERTEX
 8
WIRE
 10
 13.2000
 20
 10.8000
 30
0.0
 0
VERTEX
 8
WIRE
 10
 13.4000
 20
 10.8000
 30
0.0
 0
SEQEND
 8
WIRE
 0
POLYLINE
 8
WIRE
 66
1
 70
1
 10
0.0
 20
0.0
 30
0.0
 40
  0.0200
 41
  0.0200
 0
VERTEX
 8
WIRE
 10
 13.3900
 20
 10.8000
 30
0.0
 42
1.0
 0
VERTEX
 8
WIRE
 10
 13.4100
 20
 10.8000
 30
0.0
 42
1.0
 0
SEQEND
 8
WIRE
 0
POLYLINE
 8
WIRE
 66
1
 10
0.0
 20
0.0
 30
0.0
 0
VERTEX
 8
WIRE
 10
 14.7000
 20
 11.3000
 30
0.0
 0
VERTEX
 8
WIRE
 10
 14.7000
 20
 11.2000
 30
0.0
 0
SEQEND
 8
WIRE
 0
POLYLINE
 8
WIRE
 66
1
 10
0.0
 20
0.0
 30
0.0
 0
VERTEX
 8
WIRE
 10
 14.8000
 20
 11.2000
 30
0.0
 0
VERTEX
 8
WIRE
 10
 14.8000
 20
 10.8000
 30
0.0
 0
SEQEND
 8
WIRE
 0
POLYLINE
 8
WIRE
 66
1
 10
0.0
 20
0.0
 30
0.0
 0
VERTEX
 8
WIRE
 10
 13.9000
 20
 11.7000
 30
0.0
 0
VERTEX
 8
WIRE
 10
 13.9000
 20
 11.6000
 30
0.0
 0
SEQEND
 8
WIRE
 0
POLYLINE
 8
WIRE
 66
1
 10
0.0
 20
0.0
 30
0.0
 0
VERTEX
 8
WIRE
 10
 13.6000
 20
  5.3000
 30
0.0
 0
VERTEX
 8
WIRE
 10
 13.6000
 20
  5.2000
 30
0.0
 0
SEQEND
 8
WIRE
 0
POLYLINE
 8
WIRE
 66
1
 10
0.0
 20
0.0
 30
0.0
 0
VERTEX
 8
WIRE
 10
 17.7000
 20
  6.5000
 30
0.0
 0
VERTEX
 8
WIRE
 10
 17.7000
 20
  6.0000
 30
0.0
 0
SEQEND
 8
WIRE
 0
POLYLINE
 8
WIRE
 66
1
 70
1
 10
0.0
 20
0.0
 30
0.0
 40
  0.0200
 41
  0.0200
 0
VERTEX
 8
WIRE
 10
 17.6900
 20
  6.0000
 30
0.0
 42
1.0
 0
VERTEX
 8
WIRE
 10
 17.7100
 20
  6.0000
 30
0.0
 42
1.0
 0
SEQEND
 8
WIRE
 0
POLYLINE
 8
WIRE
 66
1
 10
0.0
 20
0.0
 30
0.0
 0
VERTEX
 8
WIRE
 10
 15.4000
 20
  4.6000
 30
0.0
 0
VERTEX
 8
WIRE
 10
 16.0000
 20
  4.6000
 30
0.0
 0
SEQEND
 8
WIRE
 0
POLYLINE
 8
WIRE
 66
1
 10
0.0
 20
0.0
 30
0.0
 0
VERTEX
 8
WIRE
 10
 25.7000
 20
 16.2000
 30
0.0
 0
VERTEX
 8
WIRE
 10
 25.9000
 20
 16.2000
 30
0.0
 0
SEQEND
 8
WIRE
 0
POLYLINE
 8
WIRE
 66
1
 10
0.0
 20
0.0
 30
0.0
 0
VERTEX
 8
WIRE
 10
 28.0000
 20
 15.7000
 30
0.0
 0
VERTEX
 8
WIRE
 10
 27.9000
 20
 15.7000
 30
0.0
 0
SEQEND
 8
WIRE
 0
POLYLINE
 8
WIRE
 66
1
 10
0.0
 20
0.0
 30
0.0
 0
VERTEX
 8
WIRE
 10
 23.1000
 20
 15.8000
 30
0.0
 0
VERTEX
 8
WIRE
 10
 22.9000
 20
 15.8000
 30
0.0
 0
SEQEND
 8
WIRE
 0
POLYLINE
 8
WIRE
 66
1
 10
0.0
 20
0.0
 30
0.0
 0
VERTEX
 8
WIRE
 10
 29.0000
 20
 16.1000
 30
0.0
 0
VERTEX
 8
WIRE
 10
 28.0000
 20
 16.1000
 30
0.0
 0
SEQEND
 8
WIRE
 0
POLYLINE
 8
WIRE
 66
1
 10
0.0
 20
0.0
 30
0.0
 0
VERTEX
 8
WIRE
 10
 26.6000
 20
 13.1000
 30
0.0
 0
VERTEX
 8
WIRE
 10
 26.6000
 20
 13.2000
 30
0.0
 0
SEQEND
 8
WIRE
 0
POLYLINE
 8
WIRE
 66
1
 10
0.0
 20
0.0
 30
0.0
 0
VERTEX
 8
WIRE
 10
 23.8000
 20
 10.6000
 30
0.0
 0
VERTEX
 8
WIRE
 10
 24.3000
 20
 10.6000
 30
0.0
 0
SEQEND
 8
WIRE
 0
POLYLINE
 8
WIRE
 66
1
 70
1
 10
0.0
 20
0.0
 30
0.0
 40
  0.0200
 41
  0.0200
 0
VERTEX
 8
WIRE
 10
 24.2900
 20
 10.6000
 30
0.0
 42
1.0
 0
VERTEX
 8
WIRE
 10
 24.3100
 20
 10.6000
 30
0.0
 42
1.0
 0
SEQEND
 8
WIRE
 0
POLYLINE
 8
WIRE
 66
1
 10
0.0
 20
0.0
 30
0.0
 0
VERTEX
 8
WIRE
 10
  5.5000
 20
 17.8000
 30
0.0
 0
VERTEX
 8
WIRE
 10
  4.6000
 20
 17.8000
 30
0.0
 0
SEQEND
 8
WIRE
 0
POLYLINE
 8
WIRE
 66
1
 70
1
 10
0.0
 20
0.0
 30
0.0
 40
  0.0200
 41
  0.0200
 0
VERTEX
 8
WIRE
 10
  4.5900
 20
 17.8000
 30
0.0
 42
1.0
 0
VERTEX
 8
WIRE
 10
  4.6100
 20
 17.8000
 30
0.0
 42
1.0
 0
SEQEND
 8
WIRE
 0
POLYLINE
 8
WIRE
 66
1
 10
0.0
 20
0.0
 30
0.0
 0
VERTEX
 8
WIRE
 10
  4.1000
 20
 17.9000
 30
0.0
 0
VERTEX
 8
WIRE
 10
  4.0000
 20
 17.9000
 30
0.0
 0
SEQEND
 8
WIRE
 0
POLYLINE
 8
WIRE
 66
1
 10
0.0
 20
0.0
 30
0.0
 0
VERTEX
 8
WIRE
 10
  5.4000
 20
 17.4000
 30
0.0
 0
VERTEX
 8
WIRE
 10
  5.5000
 20
 17.4000
 30
0.0
 0
SEQEND
 8
WIRE
 0
POLYLINE
 8
WIRE
 66
1
 10
0.0
 20
0.0
 30
0.0
 0
VERTEX
 8
WIRE
 10
  4.1000
 20
 16.4000
 30
0.0
 0
VERTEX
 8
WIRE
 10
  4.1000
 20
 16.3000
 30
0.0
 0
SEQEND
 8
WIRE
 0
POLYLINE
 8
WIRE
 66
1
 10
0.0
 20
0.0
 30
0.0
 0
VERTEX
 8
WIRE
 10
  4.8000
 20
 11.1000
 30
0.0
 0
VERTEX
 8
WIRE
 10
  5.7000
 20
 11.1000
 30
0.0
 0
SEQEND
 8
WIRE
 0
POLYLINE
 8
WIRE
 66
1
 70
1
 10
0.0
 20
0.0
 30
0.0
 40
  0.0200
 41
  0.0200
 0
VERTEX
 8
WIRE
 10
  5.6900
 20
 11.1000
 30
0.0
 42
1.0
 0
VERTEX
 8
WIRE
 10
  5.7100
 20
 11.1000
 30
0.0
 42
1.0
 0
SEQEND
 8
WIRE
 0
POLYLINE
 8
WIRE
 66
1
 10
0.0
 20
0.0
 30
0.0
 0
VERTEX
 8
WIRE
 10
  5.7000
 20
 11.1000
 30
0.0
 0
VERTEX
 8
WIRE
 10
  6.4000
 20
 11.1000
 30
0.0
 0
SEQEND
 8
WIRE
 0
POLYLINE
 8
WIRE
 66
1
 10
0.0
 20
0.0
 30
0.0
 0
VERTEX
 8
WIRE
 10
  7.6000
 20
 10.5000
 30
0.0
 0
VERTEX
 8
WIRE
 10
  7.6000
 20
 10.6000
 30
0.0
 0
SEQEND
 8
WIRE
 0
POLYLINE
 8
WIRE
 66
1
 70
1
 10
0.0
 20
0.0
 30
0.0
 40
  0.0200
 41
  0.0200
 0
VERTEX
 8
WIRE
 10
  7.5900
 20
 10.5000
 30
0.0
 42
1.0
 0
VERTEX
 8
WIRE
 10
  7.6100
 20
 10.5000
 30
0.0
 42
1.0
 0
SEQEND
 8
WIRE
 0
POLYLINE
 8
WIRE
 66
1
 10
0.0
 20
0.0
 30
0.0
 0
VERTEX
 8
WIRE
 10
  3.6000
 20
 12.5000
 30
0.0
 0
VERTEX
 8
WIRE
 10
  3.6000
 20
 12.6000
 30
0.0
 0
SEQEND
 8
WIRE
 0
POLYLINE
 8
WIRE
 66
1
 70
1
 10
0.0
 20
0.0
 30
0.0
 40
  0.0200
 41
  0.0200
 0
VERTEX
 8
WIRE
 10
  3.5900
 20
 12.6000
 30
0.0
 42
1.0
 0
VERTEX
 8
WIRE
 10
  3.6100
 20
 12.6000
 30
0.0
 42
1.0
 0
SEQEND
 8
WIRE
 0
POLYLINE
 8
WIRE
 66
1
 10
0.0
 20
0.0
 30
0.0
 0
VERTEX
 8
WIRE
 10
  6.5000
 20
 13.7000
 30
0.0
 0
VERTEX
 8
WIRE
 10
  7.1000
 20
 13.7000
 30
0.0
 0
SEQEND
 8
WIRE
 0
POLYLINE
 8
WIRE
 66
1
 10
0.0
 20
0.0
 30
0.0
 0
VERTEX
 8
WIRE
 10
  4.2000
 20
  5.7000
 30
0.0
 0
VERTEX
 8
WIRE
 10
  4.4000
 20
  5.7000
 30
0.0
 0
SEQEND
 8
WIRE
 0
POLYLINE
 8
WIRE
 66
1
 70
1
 10
0.0
 20
0.0
 30
0.0
 40
  0.0200
 41
  0.0200
 0
VERTEX
 8
WIRE
 10
  4.3900
 20
  5.7000
 30
0.0
 42
1.0
 0
VERTEX
 8
WIRE
 10
  4.4100
 20
  5.7000
 30
0.0
 42
1.0
 0
SEQEND
 8
WIRE
 0
POLYLINE
 8
WIRE
 66
1
 10
0.0
 20
0.0
 30
0.0
 0
VERTEX
 8
WIRE
 10
  6.2000
 20
  5.2000
 30
0.0
 0
VERTEX
 8
WIRE
 10
  6.2000
 20
  5.1000
 30
0.0
 0
SEQEND
 8
WIRE
 0
POLYLINE
 8
WIRE
 66
1
 10
0.0
 20
0.0
 30
0.0
 0
VERTEX
 8
WIRE
 10
 16.1000
 20
 18.6000
 30
0.0
 0
VERTEX
 8
WIRE
 10
 16.1000
 20
 18.7000
 30
0.0
 0
SEQEND
 8
WIRE
 0
POLYLINE
 8
WIRE
 66
1
 10
0.0
 20
0.0
 30
0.0
 0
VERTEX
 8
WIRE
 10
 14.6000
 20
 16.6000
 30
0.0
 0
VERTEX
 8
WIRE
 10
 14.6000
 20
 16.5000
 30
0.0
 0
SEQEND
 8
WIRE
 0
POLYLINE
 8
WIRE
 66
1
 10
0.0
 20
0.0
 30
0.0
 0
VERTEX
 8
WIRE
 10
 13.3000
 20
 16.1000
 30
0.0
 0
VERTEX
 8
WIRE
 10
 13.8000
 20
 16.1000
 30
0.0
 0
SEQEND
 8
WIRE
 0
POLYLINE
 8
WIRE
 66
1
 70
1
 10
0.0
 20
0.0
 30
0.0
 40
  0.0200
 41
  0.0200
 0
VERTEX
 8
WIRE
 10
 13.7900
 20
 16.1000
 30
0.0
 42
1.0
 0
VERTEX
 8
WIRE
 10
 13.8100
 20
 16.1000
 30
0.0
 42
1.0
 0
SEQEND
 8
WIRE
 0
POLYLINE
 8
WIRE
 66
1
 10
0.0
 20
0.0
 30
0.0
 0
VERTEX
 8
WIRE
 10
 13.8000
 20
 16.9000
 30
0.0
 0
VERTEX
 8
WIRE
 10
 14.3000
 20
 16.9000
 30
0.0
 0
SEQEND
 8
WIRE
 0
POLYLINE
 8
WIRE
 66
1
 10
0.0
 20
0.0
 30
0.0
 0
VERTEX
 8
WIRE
 10
 13.8000
 20
 17.0000
 30
0.0
 0
VERTEX
 8
WIRE
 10
 13.8000
 20
 16.9000
 30
0.0
 0
SEQEND
 8
WIRE
 0
POLYLINE
 8
WIRE
 66
1
 10
0.0
 20
0.0
 30
0.0
 0
VERTEX
 8
WIRE
 10
 13.4000
 20
 11.4000
 30
0.0
 0
VERTEX
 8
WIRE
 10
 13.4000
 20
 10.9000
 30
0.0
 0
SEQEND
 8
WIRE
 0
POLYLINE
 8
WIRE
 66
1
 70
1
 10
0.0
 20
0.0
 30
0.0
 40
  0.0200
 41
  0.0200
 0
VERTEX
 8
WIRE
 10
 13.3900
 20
 10.9000
 30
0.0
 42
1.0
 0
VERTEX
 8
WIRE
 10
 13.4100
 20
 10.9000
 30
0.0
 42
1.0
 0
SEQEND
 8
WIRE
 0
POLYLINE
 8
WIRE
 66
1
 10
0.0
 20
0.0
 30
0.0
 0
VERTEX
 8
WIRE
 10
 13.4000
 20
 10.8000
 30
0.0
 0
VERTEX
 8
WIRE
 10
 13.9000
 20
 10.8000
 30
0.0
 0
SEQEND
 8
WIRE
 0
POLYLINE
 8
WIRE
 66
1
 70
1
 10
0.0
 20
0.0
 30
0.0
 40
  0.0200
 41
  0.0200
 0
VERTEX
 8
WIRE
 10
 13.8900
 20
 10.8000
 30
0.0
 42
1.0
 0
VERTEX
 8
WIRE
 10
 13.9100
 20
 10.8000
 30
0.0
 42
1.0
 0
SEQEND
 8
WIRE
 0
POLYLINE
 8
WIRE
 66
1
 10
0.0
 20
0.0
 30
0.0
 0
VERTEX
 8
WIRE
 10
 12.7000
 20
  5.3000
 30
0.0
 0
VERTEX
 8
WIRE
 10
 12.7000
 20
  5.2000
 30
0.0
 0
SEQEND
 8
WIRE
 0
POLYLINE
 8
WIRE
 66
1
 10
0.0
 20
0.0
 30
0.0
 0
VERTEX
 8
WIRE
 10
 15.0000
 20
  5.7000
 30
0.0
 0
VERTEX
 8
WIRE
 10
 15.0000
 20
  5.6000
 30
0.0
 0
SEQEND
 8
WIRE
 0
POLYLINE
 8
WIRE
 66
1
 70
1
 10
0.0
 20
0.0
 30
0.0
 40
  0.0200
 41
  0.0200
 0
VERTEX
 8
WIRE
 10
 14.9900
 20
  5.6000
 30
0.0
 42
1.0
 0
VERTEX
 8
WIRE
 10
 15.0100
 20
  5.6000
 30
0.0
 42
1.0
 0
SEQEND
 8
WIRE
 0
POLYLINE
 8
WIRE
 66
1
 10
0.0
 20
0.0
 30
0.0
 0
VERTEX
 8
WIRE
 10
 23.6000
 20
 15.7000
 30
0.0
 0
VERTEX
 8
WIRE
 10
 23.8000
 20
 15.7000
 30
0.0
 0
SEQEND
 8
WIRE
 0
POLYLINE
 8
WIRE
 66
1
 70
1
 10
0.0
 20
0.0
 30
0.0
 40
  0.0200
 41
  0.0200
 0
VERTEX
 8
WIRE
 10
 23.7900
 20
 15.7000
 30
0.0
 42
1.0
 0
VERTEX
 8
WIRE
 10
 23.8100
 20
 15.7000
 30
0.0
 42
1.0
 0
SEQEND
 8
WIRE
 0
POLYLINE
 8
WIRE
 66
1
 10
0.0
 20
0.0
 30
0.0
 0
VERTEX
 8
WIRE
 10
 26.6000
 20
 18.3000
 30
0.0
 0
VERTEX
 8
WIRE
 10
 27.1000
 20
 18.3000
 30
0.0
 0
SEQEND
 8
WIRE
 0
POLYLINE
 8
WIRE
 66
1
 70
1
 10
0.0
 20
0.0
 30
0.0
 40
  0.0200
 41
  0.0200
 0
VERTEX
 8
WIRE
 10
 26.5900
 20
 18.3000
 30
0.0
 42
1.0
 0
VERTEX
 8
WIRE
 10
 26.6100
 20
 18.3000
 30
0.0
 42
1.0
 0
SEQEND
 8
WIRE
 0
POLYLINE
 8
WIRE
 66
1
 10
0.0
 20
0.0
 30
0.0
 0
VERTEX
 8
WIRE
 10
 23.8000
 20
 15.7000
 30
0.0
 0
VERTEX
 8
WIRE
 10
 24.3000
 20
 15.7000
 30
0.0
 0
SEQEND
 8
WIRE
 0
POLYLINE
 8
WIRE
 66
1
 70
1
 10
0.0
 20
0.0
 30
0.0
 40
  0.0200
 41
  0.0200
 0
VERTEX
 8
WIRE
 10
 24.2900
 20
 15.7000
 30
0.0
 42
1.0
 0
VERTEX
 8
WIRE
 10
 24.3100
 20
 15.7000
 30
0.0
 42
1.0
 0
SEQEND
 8
WIRE
 0
POLYLINE
 8
WIRE
 66
1
 10
0.0
 20
0.0
 30
0.0
 0
VERTEX
 8
WIRE
 10
 25.2000
 20
 16.2000
 30
0.0
 0
VERTEX
 8
WIRE
 10
 25.2000
 20
 16.1000
 30
0.0
 0
SEQEND
 8
WIRE
 0
POLYLINE
 8
WIRE
 66
1
 70
1
 10
0.0
 20
0.0
 30
0.0
 40
  0.0200
 41
  0.0200
 0
VERTEX
 8
WIRE
 10
 25.1900
 20
 16.1000
 30
0.0
 42
1.0
 0
VERTEX
 8
WIRE
 10
 25.2100
 20
 16.1000
 30
0.0
 42
1.0
 0
SEQEND
 8
WIRE
 0
POLYLINE
 8
WIRE
 66
1
 10
0.0
 20
0.0
 30
0.0
 0
VERTEX
 8
WIRE
 10
 24.8000
 20
 11.4000
 30
0.0
 0
VERTEX
 8
WIRE
 10
 24.8000
 20
 11.1000
 30
0.0
 0
SEQEND
 8
WIRE
 0
POLYLINE
 8
WIRE
 66
1
 10
0.0
 20
0.0
 30
0.0
 0
VERTEX
 8
WIRE
 10
 25.2000
 20
 11.1000
 30
0.0
 0
VERTEX
 8
WIRE
 10
 25.2000
 20
 11.0000
 30
0.0
 0
SEQEND
 8
WIRE
 0
POLYLINE
 8
WIRE
 66
1
 70
1
 10
0.0
 20
0.0
 30
0.0
 40
  0.0200
 41
  0.0200
 0
VERTEX
 8
WIRE
 10
 25.1900
 20
 11.0000
 30
0.0
 42
1.0
 0
VERTEX
 8
WIRE
 10
 25.2100
 20
 11.0000
 30
0.0
 42
1.0
 0
SEQEND
 8
WIRE
 0
POLYLINE
 8
WIRE
 66
1
 10
0.0
 20
0.0
 30
0.0
 0
VERTEX
 8
WIRE
 10
 28.0000
 20
  3.2000
 30
0.0
 0
VERTEX
 8
WIRE
 10
 28.0000
 20
  2.9000
 30
0.0
 0
SEQEND
 8
WIRE
 0
POLYLINE
 8
WIRE
 66
1
 10
0.0
 20
0.0
 30
0.0
 0
VERTEX
 8
WIRE
 10
  6.0000
 20
 16.8000
 30
0.0
 0
VERTEX
 8
WIRE
 10
  6.2000
 20
 16.8000
 30
0.0
 0
SEQEND
 8
WIRE
 0
POLYLINE
 8
WIRE
 66
1
 10
0.0
 20
0.0
 30
0.0
 0
VERTEX
 8
WIRE
 10
  4.6000
 20
 17.8000
 30
0.0
 0
VERTEX
 8
WIRE
 10
  4.1000
 20
 17.8000
 30
0.0
 0
SEQEND
 8
WIRE
 0
POLYLINE
 8
WIRE
 66
1
 10
0.0
 20
0.0
 30
0.0
 0
VERTEX
 8
WIRE
 10
  5.5000
 20
 17.4000
 30
0.0
 0
VERTEX
 8
WIRE
 10
  5.5000
 20
 17.8000
 30
0.0
 0
SEQEND
 8
WIRE
 0
POLYLINE
 8
WIRE
 66
1
 10
0.0
 20
0.0
 30
0.0
 0
VERTEX
 8
WIRE
 10
  3.2000
 20
 16.4000
 30
0.0
 0
VERTEX
 8
WIRE
 10
  3.2000
 20
 16.3000
 30
0.0
 0
SEQEND
 8
WIRE
 0
POLYLINE
 8
WIRE
 66
1
 10
0.0
 20
0.0
 30
0.0
 0
VERTEX
 8
WIRE
 10
  4.6000
 20
 16.9000
 30
0.0
 0
VERTEX
 8
WIRE
 10
  4.6000
 20
 17.1000
 30
0.0
 0
SEQEND
 8
WIRE
 0
POLYLINE
 8
WIRE
 66
1
 70
1
 10
0.0
 20
0.0
 30
0.0
 40
  0.0200
 41
  0.0200
 0
VERTEX
 8
WIRE
 10
  4.5900
 20
 17.1000
 30
0.0
 42
1.0
 0
VERTEX
 8
WIRE
 10
  4.6100
 20
 17.1000
 30
0.0
 42
1.0
 0
SEQEND
 8
WIRE
 0
POLYLINE
 8
WIRE
 66
1
 10
0.0
 20
0.0
 30
0.0
 0
VERTEX
 8
WIRE
 10
  5.7000
 20
 19.3000
 30
0.0
 0
VERTEX
 8
WIRE
 10
  5.7000
 20
 18.9000
 30
0.0
 0
SEQEND
 8
WIRE
 0
POLYLINE
 8
WIRE
 66
1
 10
0.0
 20
0.0
 30
0.0
 0
VERTEX
 8
WIRE
 10
  7.6000
 20
 10.1000
 30
0.0
 0
VERTEX
 8
WIRE
 10
  7.6000
 20
 10.0000
 30
0.0
 0
SEQEND
 8
WIRE
 0
POLYLINE
 8
WIRE
 66
1
 10
0.0
 20
0.0
 30
0.0
 0
VERTEX
 8
WIRE
 10
  7.6000
 20
 10.4000
 30
0.0
 0
VERTEX
 8
WIRE
 10
  7.6000
 20
 10.5000
 30
0.0
 0
SEQEND
 8
WIRE
 0
POLYLINE
 8
WIRE
 66
1
 10
0.0
 20
0.0
 30
0.0
 0
VERTEX
 8
WIRE
 10
  6.8000
 20
  4.8000
 30
0.0
 0
VERTEX
 8
WIRE
 10
  6.8000
 20
  4.6000
 30
0.0
 0
SEQEND
 8
WIRE
 0
POLYLINE
 8
WIRE
 66
1
 10
0.0
 20
0.0
 30
0.0
 0
VERTEX
 8
WIRE
 10
  7.2000
 20
  7.9000
 30
0.0
 0
VERTEX
 8
WIRE
 10
  7.2000
 20
  7.8000
 30
0.0
 0
SEQEND
 8
WIRE
 0
POLYLINE
 8
WIRE
 66
1
 10
0.0
 20
0.0
 30
0.0
 0
VERTEX
 8
WIRE
 10
  3.7000
 20
  5.7000
 30
0.0
 0
VERTEX
 8
WIRE
 10
  3.5000
 20
  5.7000
 30
0.0
 0
SEQEND
 8
WIRE
 0
POLYLINE
 8
WIRE
 66
1
 70
1
 10
0.0
 20
0.0
 30
0.0
 40
  0.0200
 41
  0.0200
 0
VERTEX
 8
WIRE
 10
  3.4900
 20
  5.7000
 30
0.0
 42
1.0
 0
VERTEX
 8
WIRE
 10
  3.5100
 20
  5.7000
 30
0.0
 42
1.0
 0
SEQEND
 8
WIRE
 0
POLYLINE
 8
WIRE
 66
1
 10
0.0
 20
0.0
 30
0.0
 0
VERTEX
 8
WIRE
 10
  6.6000
 20
  8.2000
 30
0.0
 0
VERTEX
 8
WIRE
 10
  6.6000
 20
  8.3000
 30
0.0
 0
SEQEND
 8
WIRE
 0
POLYLINE
 8
WIRE
 66
1
 10
0.0
 20
0.0
 30
0.0
 0
VERTEX
 8
WIRE
 10
 16.7000
 20
 10.2000
 30
0.0
 0
VERTEX
 8
WIRE
 10
 16.7000
 20
 10.3000
 30
0.0
 0
SEQEND
 8
WIRE
 0
POLYLINE
 8
WIRE
 66
1
 70
1
 10
0.0
 20
0.0
 30
0.0
 40
  0.0200
 41
  0.0200
 0
VERTEX
 8
WIRE
 10
 16.6900
 20
 10.2000
 30
0.0
 42
1.0
 0
VERTEX
 8
WIRE
 10
 16.7100
 20
 10.2000
 30
0.0
 42
1.0
 0
SEQEND
 8
WIRE
 0
POLYLINE
 8
WIRE
 66
1
 10
0.0
 20
0.0
 30
0.0
 0
VERTEX
 8
WIRE
 10
 15.2000
 20
 10.3000
 30
0.0
 0
VERTEX
 8
WIRE
 10
 15.2000
 20
 10.2000
 30
0.0
 0
SEQEND
 8
WIRE
 0
POLYLINE
 8
WIRE
 66
1
 10
0.0
 20
0.0
 30
0.0
 0
VERTEX
 8
WIRE
 10
 13.6000
 20
  5.2000
 30
0.0
 0
VERTEX
 8
WIRE
 10
 14.1000
 20
  5.2000
 30
0.0
 0
SEQEND
 8
WIRE
 0
POLYLINE
 8
WIRE
 66
1
 70
1
 10
0.0
 20
0.0
 30
0.0
 40
  0.0200
 41
  0.0200
 0
VERTEX
 8
WIRE
 10
 14.0900
 20
  5.2000
 30
0.0
 42
1.0
 0
VERTEX
 8
WIRE
 10
 14.1100
 20
  5.2000
 30
0.0
 42
1.0
 0
SEQEND
 8
WIRE
 0
POLYLINE
 8
WIRE
 66
1
 10
0.0
 20
0.0
 30
0.0
 0
VERTEX
 8
WIRE
 10
 23.8000
 20
 11.2000
 30
0.0
 0
VERTEX
 8
WIRE
 10
 23.8000
 20
 10.7000
 30
0.0
 0
SEQEND
 8
WIRE
 0
POLYLINE
 8
WIRE
 66
1
 70
1
 10
0.0
 20
0.0
 30
0.0
 40
  0.0200
 41
  0.0200
 0
VERTEX
 8
WIRE
 10
 23.7900
 20
 10.7000
 30
0.0
 42
1.0
 0
VERTEX
 8
WIRE
 10
 23.8100
 20
 10.7000
 30
0.0
 42
1.0
 0
SEQEND
 8
WIRE
 0
POLYLINE
 8
WIRE
 66
1
 10
0.0
 20
0.0
 30
0.0
 0
VERTEX
 8
WIRE
 10
 24.3000
 20
 10.7000
 30
0.0
 0
VERTEX
 8
WIRE
 10
 24.3000
 20
 10.6000
 30
0.0
 0
SEQEND
 8
WIRE
 0
POLYLINE
 8
WIRE
 66
1
 10
0.0
 20
0.0
 30
0.0
 0
VERTEX
 8
WIRE
 10
 24.8000
 20
  3.9000
 30
0.0
 0
VERTEX
 8
WIRE
 10
 25.6000
 20
  3.9000
 30
0.0
 0
SEQEND
 8
WIRE
 0
POLYLINE
 8
WIRE
 66
1
 10
0.0
 20
0.0
 30
0.0
 0
VERTEX
 8
WIRE
 10
 28.0000
 20
  3.6000
 30
0.0
 0
VERTEX
 8
WIRE
 10
 26.6000
 20
  3.6000
 30
0.0
 0
SEQEND
 8
WIRE
 0
POLYLINE
 8
WIRE
 66
1
 10
0.0
 20
0.0
 30
0.0
 0
VERTEX
 8
WIRE
 10
  7.4000
 20
 15.3000
 30
0.0
 0
VERTEX
 8
WIRE
 10
  7.4000
 20
 15.2000
 30
0.0
 0
SEQEND
 8
WIRE
 0
POLYLINE
 8
WIRE
 66
1
 10
0.0
 20
0.0
 30
0.0
 0
VERTEX
 8
WIRE
 10
  1.5000
 20
 17.1000
 30
0.0
 0
VERTEX
 8
WIRE
 10
  1.9000
 20
 17.1000
 30
0.0
 0
SEQEND
 8
WIRE
 0
POLYLINE
 8
WIRE
 66
1
 10
0.0
 20
0.0
 30
0.0
 0
VERTEX
 8
WIRE
 10
  8.3000
 20
 16.7000
 30
0.0
 0
VERTEX
 8
WIRE
 10
  8.3000
 20
 16.3000
 30
0.0
 0
SEQEND
 8
WIRE
 0
POLYLINE
 8
WIRE
 66
1
 10
0.0
 20
0.0
 30
0.0
 0
VERTEX
 8
WIRE
 10
  5.5000
 20
 16.8000
 30
0.0
 0
VERTEX
 8
WIRE
 10
  5.5000
 20
 16.7000
 30
0.0
 0
SEQEND
 8
WIRE
 0
POLYLINE
 8
WIRE
 66
1
 70
1
 10
0.0
 20
0.0
 30
0.0
 40
  0.0200
 41
  0.0200
 0
VERTEX
 8
WIRE
 10
  5.4900
 20
 16.7000
 30
0.0
 42
1.0
 0
VERTEX
 8
WIRE
 10
  5.5100
 20
 16.7000
 30
0.0
 42
1.0
 0
SEQEND
 8
WIRE
 0
POLYLINE
 8
WIRE
 66
1
 10
0.0
 20
0.0
 30
0.0
 0
VERTEX
 8
WIRE
 10
  3.4000
 20
 16.4000
 30
0.0
 0
VERTEX
 8
WIRE
 10
  3.2000
 20
 16.4000
 30
0.0
 0
SEQEND
 8
WIRE
 0
POLYLINE
 8
WIRE
 66
1
 10
0.0
 20
0.0
 30
0.0
 0
VERTEX
 8
WIRE
 10
  5.3000
 20
 11.9000
 30
0.0
 0
VERTEX
 8
WIRE
 10
  5.3000
 20
 11.6000
 30
0.0
 0
SEQEND
 8
WIRE
 0
POLYLINE
 8
WIRE
 66
1
 10
0.0
 20
0.0
 30
0.0
 0
VERTEX
 8
WIRE
 10
  6.6000
 20
  8.3000
 30
0.0
 0
VERTEX
 8
WIRE
 10
  7.2000
 20
  8.3000
 30
0.0
 0
SEQEND
 8
WIRE
 0
POLYLINE
 8
WIRE
 66
1
 10
0.0
 20
0.0
 30
0.0
 0
VERTEX
 8
WIRE
 10
 13.3000
 20
 16.7000
 30
0.0
 0
VERTEX
 8
WIRE
 10
 13.3000
 20
 16.2000
 30
0.0
 0
SEQEND
 8
WIRE
 0
POLYLINE
 8
WIRE
 66
1
 70
1
 10
0.0
 20
0.0
 30
0.0
 40
  0.0200
 41
  0.0200
 0
VERTEX
 8
WIRE
 10
 13.2900
 20
 16.2000
 30
0.0
 42
1.0
 0
VERTEX
 8
WIRE
 10
 13.3100
 20
 16.2000
 30
0.0
 42
1.0
 0
SEQEND
 8
WIRE
 0
POLYLINE
 8
WIRE
 66
1
 10
0.0
 20
0.0
 30
0.0
 0
VERTEX
 8
WIRE
 10
 13.3000
 20
 16.2000
 30
0.0
 0
VERTEX
 8
WIRE
 10
 13.1000
 20
 16.2000
 30
0.0
 0
SEQEND
 8
WIRE
 0
POLYLINE
 8
WIRE
 66
1
 10
0.0
 20
0.0
 30
0.0
 0
VERTEX
 8
WIRE
 10
 15.1000
 20
 15.6000
 30
0.0
 0
VERTEX
 8
WIRE
 10
 15.1000
 20
 15.5000
 30
0.0
 0
SEQEND
 8
WIRE
 0
POLYLINE
 8
WIRE
 66
1
 10
0.0
 20
0.0
 30
0.0
 0
VERTEX
 8
WIRE
 10
 13.4000
 20
 10.9000
 30
0.0
 0
VERTEX
 8
WIRE
 10
 13.4000
 20
 10.8000
 30
0.0
 0
SEQEND
 8
WIRE
 0
POLYLINE
 8
WIRE
 66
1
 10
0.0
 20
0.0
 30
0.0
 0
VERTEX
 8
WIRE
 10
 12.7000
 20
 10.8000
 30
0.0
 0
VERTEX
 8
WIRE
 10
 12.5000
 20
 10.8000
 30
0.0
 0
SEQEND
 8
WIRE
 0
POLYLINE
 8
WIRE
 66
1
 70
1
 10
0.0
 20
0.0
 30
0.0
 40
  0.0200
 41
  0.0200
 0
VERTEX
 8
WIRE
 10
 12.4900
 20
 10.8000
 30
0.0
 42
1.0
 0
VERTEX
 8
WIRE
 10
 12.5100
 20
 10.8000
 30
0.0
 42
1.0
 0
SEQEND
 8
WIRE
 0
POLYLINE
 8
WIRE
 66
1
 10
0.0
 20
0.0
 30
0.0
 0
VERTEX
 8
WIRE
 10
 15.6000
 20
 13.4000
 30
0.0
 0
VERTEX
 8
WIRE
 10
 16.2000
 20
 13.4000
 30
0.0
 0
SEQEND
 8
WIRE
 0
POLYLINE
 8
WIRE
 66
1
 10
0.0
 20
0.0
 30
0.0
 0
VERTEX
 8
WIRE
 10
 13.4000
 20
  5.2000
 30
0.0
 0
VERTEX
 8
WIRE
 10
 13.6000
 20
  5.2000
 30
0.0
 0
SEQEND
 8
WIRE
 0
POLYLINE
 8
WIRE
 66
1
 70
1
 10
0.0
 20
0.0
 30
0.0
 40
  0.0200
 41
  0.0200
 0
VERTEX
 8
WIRE
 10
 13.5900
 20
  5.2000
 30
0.0
 42
1.0
 0
VERTEX
 8
WIRE
 10
 13.6100
 20
  5.2000
 30
0.0
 42
1.0
 0
SEQEND
 8
WIRE
 0
POLYLINE
 8
WIRE
 66
1
 10
0.0
 20
0.0
 30
0.0
 0
VERTEX
 8
WIRE
 10
 13.6000
 20
  5.3000
 30
0.0
 0
VERTEX
 8
WIRE
 10
 13.4000
 20
  5.3000
 30
0.0
 0
SEQEND
 8
WIRE
 0
POLYLINE
 8
WIRE
 66
1
 10
0.0
 20
0.0
 30
0.0
 0
VERTEX
 8
WIRE
 10
 14.1000
 20
  5.8000
 30
0.0
 0
VERTEX
 8
WIRE
 10
 14.1000
 20
  6.0000
 30
0.0
 0
SEQEND
 8
WIRE
 0
POLYLINE
 8
WIRE
 66
1
 70
1
 10
0.0
 20
0.0
 30
0.0
 40
  0.0200
 41
  0.0200
 0
VERTEX
 8
WIRE
 10
 14.0900
 20
  6.0000
 30
0.0
 42
1.0
 0
VERTEX
 8
WIRE
 10
 14.1100
 20
  6.0000
 30
0.0
 42
1.0
 0
SEQEND
 8
WIRE
 0
POLYLINE
 8
WIRE
 66
1
 10
0.0
 20
0.0
 30
0.0
 0
VERTEX
 8
WIRE
 10
 26.6000
 20
 12.8000
 30
0.0
 0
VERTEX
 8
WIRE
 10
 26.6000
 20
 12.7000
 30
0.0
 0
SEQEND
 8
WIRE
 0
POLYLINE
 8
WIRE
 66
1
 10
0.0
 20
0.0
 30
0.0
 0
VERTEX
 8
WIRE
 10
 28.0000
 20
  3.5000
 30
0.0
 0
VERTEX
 8
WIRE
 10
 28.0000
 20
  3.6000
 30
0.0
 0
SEQEND
 8
WIRE
 0
POLYLINE
 8
WIRE
 66
1
 10
0.0
 20
0.0
 30
0.0
 0
VERTEX
 8
WIRE
 10
  4.6000
 20
 17.7000
 30
0.0
 0
VERTEX
 8
WIRE
 10
  4.6000
 20
 17.8000
 30
0.0
 0
SEQEND
 8
WIRE
 0
POLYLINE
 8
WIRE
 66
1
 10
0.0
 20
0.0
 30
0.0
 0
VERTEX
 8
WIRE
 10
  5.4000
 20
 17.3000
 30
0.0
 0
VERTEX
 8
WIRE
 10
  5.4000
 20
 17.4000
 30
0.0
 0
SEQEND
 8
WIRE
 0
POLYLINE
 8
WIRE
 66
1
 10
0.0
 20
0.0
 30
0.0
 0
VERTEX
 8
WIRE
 10
  8.4000
 20
 12.4000
 30
0.0
 0
VERTEX
 8
WIRE
 10
  8.4000
 20
 11.9000
 30
0.0
 0
SEQEND
 8
WIRE
 0
POLYLINE
 8
WIRE
 66
1
 70
1
 10
0.0
 20
0.0
 30
0.0
 40
  0.0200
 41
  0.0200
 0
VERTEX
 8
WIRE
 10
  8.3900
 20
 11.9000
 30
0.0
 42
1.0
 0
VERTEX
 8
WIRE
 10
  8.4100
 20
 11.9000
 30
0.0
 42
1.0
 0
SEQEND
 8
WIRE
 0
POLYLINE
 8
WIRE
 66
1
 10
0.0
 20
0.0
 30
0.0
 0
VERTEX
 8
WIRE
 10
  4.8000
 20
 12.0000
 30
0.0
 0
VERTEX
 8
WIRE
 10
  4.8000
 20
 11.9000
 30
0.0
 0
SEQEND
 8
WIRE
 0
POLYLINE
 8
WIRE
 66
1
 10
0.0
 20
0.0
 30
0.0
 0
VERTEX
 8
WIRE
 10
  7.2000
 20
  8.3000
 30
0.0
 0
VERTEX
 8
WIRE
 10
  7.7000
 20
  8.3000
 30
0.0
 0
SEQEND
 8
WIRE
 0
POLYLINE
 8
WIRE
 66
1
 70
1
 10
0.0
 20
0.0
 30
0.0
 40
  0.0200
 41
  0.0200
 0
VERTEX
 8
WIRE
 10
  7.1900
 20
  8.3000
 30
0.0
 42
1.0
 0
VERTEX
 8
WIRE
 10
  7.2100
 20
  8.3000
 30
0.0
 42
1.0
 0
SEQEND
 8
WIRE
 0
POLYLINE
 8
WIRE
 66
1
 10
0.0
 20
0.0
 30
0.0
 0
VERTEX
 8
WIRE
 10
 17.5000
 20
 16.5000
 30
0.0
 0
VERTEX
 8
WIRE
 10
 17.5000
 20
 16.1000
 30
0.0
 0
SEQEND
 8
WIRE
 0
POLYLINE
 8
WIRE
 66
1
 10
0.0
 20
0.0
 30
0.0
 0
VERTEX
 8
WIRE
 10
 18.6000
 20
 11.2000
 30
0.0
 0
VERTEX
 8
WIRE
 10
 17.6000
 20
 11.2000
 30
0.0
 0
SEQEND
 8
WIRE
 0
POLYLINE
 8
WIRE
 66
1
 10
0.0
 20
0.0
 30
0.0
 0
VERTEX
 8
WIRE
 10
 15.2000
 20
 10.2000
 30
0.0
 0
VERTEX
 8
WIRE
 10
 15.8000
 20
 10.2000
 30
0.0
 0
SEQEND
 8
WIRE
 0
POLYLINE
 8
WIRE
 66
1
 10
0.0
 20
0.0
 30
0.0
 0
VERTEX
 8
WIRE
 10
 17.8000
 20
  5.2000
 30
0.0
 0
VERTEX
 8
WIRE
 10
 17.7000
 20
  5.2000
 30
0.0
 0
SEQEND
 8
WIRE
 0
POLYLINE
 8
WIRE
 66
1
 10
0.0
 20
0.0
 30
0.0
 0
VERTEX
 8
WIRE
 10
 13.0000
 20
  6.6000
 30
0.0
 0
VERTEX
 8
WIRE
 10
 12.9000
 20
  6.6000
 30
0.0
 0
SEQEND
 8
WIRE
 0
POLYLINE
 8
WIRE
 66
1
 10
0.0
 20
0.0
 30
0.0
 0
VERTEX
 8
WIRE
 10
 15.0000
 20
  5.2000
 30
0.0
 0
VERTEX
 8
WIRE
 10
 15.7000
 20
  5.2000
 30
0.0
 0
SEQEND
 8
WIRE
 0
POLYLINE
 8
WIRE
 66
1
 10
0.0
 20
0.0
 30
0.0
 0
VERTEX
 8
WIRE
 10
 16.9000
 20
  4.6000
 30
0.0
 0
VERTEX
 8
WIRE
 10
 16.9000
 20
  4.7000
 30
0.0
 0
SEQEND
 8
WIRE
 0
POLYLINE
 8
WIRE
 66
1
 70
1
 10
0.0
 20
0.0
 30
0.0
 40
  0.0200
 41
  0.0200
 0
VERTEX
 8
WIRE
 10
 16.8900
 20
  4.6000
 30
0.0
 42
1.0
 0
VERTEX
 8
WIRE
 10
 16.9100
 20
  4.6000
 30
0.0
 42
1.0
 0
SEQEND
 8
WIRE
 0
POLYLINE
 8
WIRE
 66
1
 10
0.0
 20
0.0
 30
0.0
 0
VERTEX
 8
WIRE
 10
 13.0000
 20
  6.7000
 30
0.0
 0
VERTEX
 8
WIRE
 10
 12.9000
 20
  6.7000
 30
0.0
 0
SEQEND
 8
WIRE
 0
POLYLINE
 8
WIRE
 66
1
 10
0.0
 20
0.0
 30
0.0
 0
VERTEX
 8
WIRE
 10
 14.1000
 20
  6.1000
 30
0.0
 0
VERTEX
 8
WIRE
 10
 14.1000
 20
  6.0000
 30
0.0
 0
SEQEND
 8
WIRE
 0
POLYLINE
 8
WIRE
 66
1
 10
0.0
 20
0.0
 30
0.0
 0
VERTEX
 8
WIRE
 10
 16.9000
 20
  4.6000
 30
0.0
 0
VERTEX
 8
WIRE
 10
 16.0000
 20
  4.6000
 30
0.0
 0
SEQEND
 8
WIRE
 0
POLYLINE
 8
WIRE
 66
1
 70
1
 10
0.0
 20
0.0
 30
0.0
 40
  0.0200
 41
  0.0200
 0
VERTEX
 8
WIRE
 10
 15.9900
 20
  4.6000
 30
0.0
 42
1.0
 0
VERTEX
 8
WIRE
 10
 16.0100
 20
  4.6000
 30
0.0
 42
1.0
 0
SEQEND
 8
WIRE
 0
POLYLINE
 8
WIRE
 66
1
 10
0.0
 20
0.0
 30
0.0
 0
VERTEX
 8
WIRE
 10
 26.6000
 20
 18.2000
 30
0.0
 0
VERTEX
 8
WIRE
 10
 26.6000
 20
 18.3000
 30
0.0
 0
SEQEND
 8
WIRE
 0
POLYLINE
 8
WIRE
 66
1
 10
0.0
 20
0.0
 30
0.0
 0
VERTEX
 8
WIRE
 10
 24.3000
 20
 15.8000
 30
0.0
 0
VERTEX
 8
WIRE
 10
 24.3000
 20
 15.7000
 30
0.0
 0
SEQEND
 8
WIRE
 0
POLYLINE
 8
WIRE
 66
1
 10
0.0
 20
0.0
 30
0.0
 0
VERTEX
 8
WIRE
 10
 25.2000
 20
 15.7000
 30
0.0
 0
VERTEX
 8
WIRE
 10
 25.9000
 20
 15.7000
 30
0.0
 0
SEQEND
 8
WIRE
 0
POLYLINE
 8
WIRE
 66
1
 10
0.0
 20
0.0
 30
0.0
 0
VERTEX
 8
WIRE
 10
 25.7000
 20
 11.1000
 30
0.0
 0
VERTEX
 8
WIRE
 10
 25.9000
 20
 11.1000
 30
0.0
 0
SEQEND
 8
WIRE
 0
POLYLINE
 8
WIRE
 66
1
 10
0.0
 20
0.0
 30
0.0
 0
VERTEX
 8
WIRE
 10
 22.9000
 20
 10.7000
 30
0.0
 0
VERTEX
 8
WIRE
 10
 22.9000
 20
 10.6000
 30
0.0
 0
SEQEND
 8
WIRE
 0
POLYLINE
 8
WIRE
 66
1
 10
0.0
 20
0.0
 30
0.0
 0
VERTEX
 8
WIRE
 10
 25.2000
 20
 10.6000
 30
0.0
 0
VERTEX
 8
WIRE
 10
 25.9000
 20
 10.6000
 30
0.0
 0
SEQEND
 8
WIRE
 0
POLYLINE
 8
WIRE
 66
1
 10
0.0
 20
0.0
 30
0.0
 0
VERTEX
 8
WIRE
 10
 23.1000
 20
 12.0000
 30
0.0
 0
VERTEX
 8
WIRE
 10
 23.1000
 20
 12.1000
 30
0.0
 0
SEQEND
 8
WIRE
 0
POLYLINE
 8
WIRE
 66
1
 70
1
 10
0.0
 20
0.0
 30
0.0
 40
  0.0200
 41
  0.0200
 0
VERTEX
 8
WIRE
 10
 23.0900
 20
 12.1000
 30
0.0
 42
1.0
 0
VERTEX
 8
WIRE
 10
 23.1100
 20
 12.1000
 30
0.0
 42
1.0
 0
SEQEND
 8
WIRE
 0
POLYLINE
 8
WIRE
 66
1
 10
0.0
 20
0.0
 30
0.0
 0
VERTEX
 8
WIRE
 10
 26.6000
 20
  3.6000
 30
0.0
 0
VERTEX
 8
WIRE
 10
 26.6000
 20
  3.1000
 30
0.0
 0
SEQEND
 8
WIRE
 0
POLYLINE
 8
WIRE
 66
1
 10
0.0
 20
0.0
 30
0.0
 0
VERTEX
 8
WIRE
 10
  6.9000
 20
 18.8000
 30
0.0
 0
VERTEX
 8
WIRE
 10
  6.9000
 20
 18.9000
 30
0.0
 0
SEQEND
 8
WIRE
 0
POLYLINE
 8
WIRE
 66
1
 10
0.0
 20
0.0
 30
0.0
 0
VERTEX
 8
WIRE
 10
  6.0000
 20
 17.3000
 30
0.0
 0
VERTEX
 8
WIRE
 10
  6.2000
 20
 17.3000
 30
0.0
 0
SEQEND
 8
WIRE
 0
POLYLINE
 8
WIRE
 66
1
 10
0.0
 20
0.0
 30
0.0
 0
VERTEX
 8
WIRE
 10
  6.3000
 20
 18.9000
 30
0.0
 0
VERTEX
 8
WIRE
 10
  6.9000
 20
 18.9000
 30
0.0
 0
SEQEND
 8
WIRE
 0
POLYLINE
 8
WIRE
 66
1
 10
0.0
 20
0.0
 30
0.0
 0
VERTEX
 8
WIRE
 10
  3.5000
 20
 17.9000
 30
0.0
 0
VERTEX
 8
WIRE
 10
  3.4000
 20
 17.9000
 30
0.0
 0
SEQEND
 8
WIRE
 0
POLYLINE
 8
WIRE
 66
1
 10
0.0
 20
0.0
 30
0.0
 0
VERTEX
 8
WIRE
 10
  4.8000
 20
 11.7000
 30
0.0
 0
VERTEX
 8
WIRE
 10
  4.8000
 20
 11.9000
 30
0.0
 0
SEQEND
 8
WIRE
 0
POLYLINE
 8
WIRE
 66
1
 70
1
 10
0.0
 20
0.0
 30
0.0
 40
  0.0200
 41
  0.0200
 0
VERTEX
 8
WIRE
 10
  4.7900
 20
 11.9000
 30
0.0
 42
1.0
 0
VERTEX
 8
WIRE
 10
  4.8100
 20
 11.9000
 30
0.0
 42
1.0
 0
SEQEND
 8
WIRE
 0
POLYLINE
 8
WIRE
 66
1
 10
0.0
 20
0.0
 30
0.0
 0
VERTEX
 8
WIRE
 10
  6.5000
 20
 13.6000
 30
0.0
 0
VERTEX
 8
WIRE
 10
  6.5000
 20
 13.7000
 30
0.0
 0
SEQEND
 8
WIRE
 0
POLYLINE
 8
WIRE
 66
1
 10
0.0
 20
0.0
 30
0.0
 0
VERTEX
 8
WIRE
 10
  6.1000
 20
 10.6000
 30
0.0
 0
VERTEX
 8
WIRE
 10
  6.1000
 20
 10.5000
 30
0.0
 0
SEQEND
 8
WIRE
 0
POLYLINE
 8
WIRE
 66
1
 10
0.0
 20
0.0
 30
0.0
 0
VERTEX
 8
WIRE
 10
  5.8000
 20
  6.2000
 30
0.0
 0
VERTEX
 8
WIRE
 10
  5.8000
 20
  6.1000
 30
0.0
 0
SEQEND
 8
WIRE
 0
POLYLINE
 8
WIRE
 66
1
 70
1
 10
0.0
 20
0.0
 30
0.0
 40
  0.0200
 41
  0.0200
 0
VERTEX
 8
WIRE
 10
  5.7900
 20
  6.1000
 30
0.0
 42
1.0
 0
VERTEX
 8
WIRE
 10
  5.8100
 20
  6.1000
 30
0.0
 42
1.0
 0
SEQEND
 8
WIRE
 0
POLYLINE
 8
WIRE
 66
1
 10
0.0
 20
0.0
 30
0.0
 0
VERTEX
 8
WIRE
 10
  7.7000
 20
  5.0000
 30
0.0
 0
VERTEX
 8
WIRE
 10
  7.7000
 20
  5.1000
 30
0.0
 0
SEQEND
 8
WIRE
 0
POLYLINE
 8
WIRE
 66
1
 10
0.0
 20
0.0
 30
0.0
 0
VERTEX
 8
WIRE
 10
  8.6000
 20
  6.1000
 30
0.0
 0
VERTEX
 8
WIRE
 10
  8.6000
 20
  5.7000
 30
0.0
 0
SEQEND
 8
WIRE
 0
POLYLINE
 8
WIRE
 66
1
 10
0.0
 20
0.0
 30
0.0
 0
VERTEX
 8
WIRE
 10
 16.1000
 20
 18.3000
 30
0.0
 0
VERTEX
 8
WIRE
 10
 16.1000
 20
 18.2000
 30
0.0
 0
SEQEND
 8
WIRE
 0
POLYLINE
 8
WIRE
 66
1
 10
0.0
 20
0.0
 30
0.0
 0
VERTEX
 8
WIRE
 10
 14.7000
 20
 16.6000
 30
0.0
 0
VERTEX
 8
WIRE
 10
 14.7000
 20
 16.5000
 30
0.0
 0
SEQEND
 8
WIRE
 0
POLYLINE
 8
WIRE
 66
1
 70
1
 10
0.0
 20
0.0
 30
0.0
 40
  0.0200
 41
  0.0200
 0
VERTEX
 8
WIRE
 10
 14.6900
 20
 16.5000
 30
0.0
 42
1.0
 0
VERTEX
 8
WIRE
 10
 14.7100
 20
 16.5000
 30
0.0
 42
1.0
 0
SEQEND
 8
WIRE
 0
POLYLINE
 8
WIRE
 66
1
 10
0.0
 20
0.0
 30
0.0
 0
VERTEX
 8
WIRE
 10
 15.8000
 20
  9.9000
 30
0.0
 0
VERTEX
 8
WIRE
 10
 15.8000
 20
  9.7000
 30
0.0
 0
SEQEND
 8
WIRE
 0
POLYLINE
 8
WIRE
 66
1
 10
0.0
 20
0.0
 30
0.0
 0
VERTEX
 8
WIRE
 10
 15.6000
 20
 13.0000
 30
0.0
 0
VERTEX
 8
WIRE
 10
 15.6000
 20
 12.9000
 30
0.0
 0
SEQEND
 8
WIRE
 0
POLYLINE
 8
WIRE
 66
1
 10
0.0
 20
0.0
 30
0.0
 0
VERTEX
 8
WIRE
 10
 16.7000
 20
 13.4000
 30
0.0
 0
VERTEX
 8
WIRE
 10
 16.7000
 20
 12.9000
 30
0.0
 0
SEQEND
 8
WIRE
 0
POLYLINE
 8
WIRE
 66
1
 10
0.0
 20
0.0
 30
0.0
 0
VERTEX
 8
WIRE
 10
 16.2000
 20
 13.4000
 30
0.0
 0
VERTEX
 8
WIRE
 10
 16.7000
 20
 13.4000
 30
0.0
 0
SEQEND
 8
WIRE
 0
POLYLINE
 8
WIRE
 66
1
 70
1
 10
0.0
 20
0.0
 30
0.0
 40
  0.0200
 41
  0.0200
 0
VERTEX
 8
WIRE
 10
 16.1900
 20
 13.4000
 30
0.0
 42
1.0
 0
VERTEX
 8
WIRE
 10
 16.2100
 20
 13.4000
 30
0.0
 42
1.0
 0
SEQEND
 8
WIRE
 0
POLYLINE
 8
WIRE
 66
1
 10
0.0
 20
0.0
 30
0.0
 0
VERTEX
 8
WIRE
 10
 12.7000
 20
 12.2000
 30
0.0
 0
VERTEX
 8
WIRE
 10
 12.7000
 20
 12.3000
 30
0.0
 0
SEQEND
 8
WIRE
 0
POLYLINE
 8
WIRE
 66
1
 70
1
 10
0.0
 20
0.0
 30
0.0
 40
  0.0200
 41
  0.0200
 0
VERTEX
 8
WIRE
 10
 12.6900
 20
 12.3000
 30
0.0
 42
1.0
 0
VERTEX
 8
WIRE
 10
 12.7100
 20
 12.3000
 30
0.0
 42
1.0
 0
SEQEND
 8
WIRE
 0
POLYLINE
 8
WIRE
 66
1
 10
0.0
 20
0.0
 30
0.0
 0
VERTEX
 8
WIRE
 10
 15.5000
 20
  6.2000
 30
0.0
 0
VERTEX
 8
WIRE
 10
 15.7000
 20
  6.2000
 30
0.0
 0
SEQEND
 8
WIRE
 0
POLYLINE
 8
WIRE
 66
1
 10
0.0
 20
0.0
 30
0.0
 0
VERTEX
 8
WIRE
 10
 15.4000
 20
  4.7000
 30
0.0
 0
VERTEX
 8
WIRE
 10
 15.4000
 20
  4.6000
 30
0.0
 0
SEQEND
 8
WIRE
 0
POLYLINE
 8
WIRE
 66
1
 10
0.0
 20
0.0
 30
0.0
 0
VERTEX
 8
WIRE
 10
 24.8000
 20
 16.5000
 30
0.0
 0
VERTEX
 8
WIRE
 10
 24.8000
 20
 16.2000
 30
0.0
 0
SEQEND
 8
WIRE
 0
POLYLINE
 8
WIRE
 66
1
 10
0.0
 20
0.0
 30
0.0
 0
VERTEX
 8
WIRE
 10
 26.6000
 20
 17.9000
 30
0.0
 0
VERTEX
 8
WIRE
 10
 26.6000
 20
 17.8000
 30
0.0
 0
SEQEND
 8
WIRE
 0
POLYLINE
 8
WIRE
 66
1
 10
0.0
 20
0.0
 30
0.0
 0
VERTEX
 8
WIRE
 10
 26.2000
 20
  9.7000
 30
0.0
 0
VERTEX
 8
WIRE
 10
 26.2000
 20
  9.5000
 30
0.0
 0
SEQEND
 8
WIRE
 0
POLYLINE
 8
WIRE
 66
1
 10
0.0
 20
0.0
 30
0.0
 0
VERTEX
 8
WIRE
 10
 27.9000
 20
 11.4000
 30
0.0
 0
VERTEX
 8
WIRE
 10
 28.8000
 20
 11.4000
 30
0.0
 0
SEQEND
 8
WIRE
 0
POLYLINE
 8
WIRE
 66
1
 10
0.0
 20
0.0
 30
0.0
 0
VERTEX
 8
WIRE
 10
 24.3000
 20
 11.4000
 30
0.0
 0
VERTEX
 8
WIRE
 10
 24.8000
 20
 11.4000
 30
0.0
 0
SEQEND
 8
WIRE
 0
POLYLINE
 8
WIRE
 66
1
 10
0.0
 20
0.0
 30
0.0
 0
VERTEX
 8
WIRE
 10
 26.0000
 20
 13.1000
 30
0.0
 0
VERTEX
 8
WIRE
 10
 26.0000
 20
 13.2000
 30
0.0
 0
SEQEND
 8
WIRE
 0
POLYLINE
 8
WIRE
 66
1
 10
0.0
 20
0.0
 30
0.0
 0
VERTEX
 8
WIRE
 10
 24.8000
 20
  3.6000
 30
0.0
 0
VERTEX
 8
WIRE
 10
 26.6000
 20
  3.6000
 30
0.0
 0
SEQEND
 8
WIRE
 0
POLYLINE
 8
WIRE
 66
1
 70
1
 10
0.0
 20
0.0
 30
0.0
 40
  0.0200
 41
  0.0200
 0
VERTEX
 8
WIRE
 10
 26.5900
 20
  3.6000
 30
0.0
 42
1.0
 0
VERTEX
 8
WIRE
 10
 26.6100
 20
  3.6000
 30
0.0
 42
1.0
 0
SEQEND
 8
WIRE
 0
POLYLINE
 8
WIRE
 66
1
 10
0.0
 20
0.0
 30
0.0
 0
VERTEX
 8
WIRE
 10
  4.6000
 20
 16.3000
 30
0.0
 0
VERTEX
 8
WIRE
 10
  5.5000
 20
 16.3000
 30
0.0
 0
SEQEND
 8
WIRE
 0
POLYLINE
 8
WIRE
 66
1
 70
1
 10
0.0
 20
0.0
 30
0.0
 40
  0.0200
 41
  0.0200
 0
VERTEX
 8
WIRE
 10
  5.4900
 20
 16.3000
 30
0.0
 42
1.0
 0
VERTEX
 8
WIRE
 10
  5.5100
 20
 16.3000
 30
0.0
 42
1.0
 0
SEQEND
 8
WIRE
 0
POLYLINE
 8
WIRE
 66
1
 10
0.0
 20
0.0
 30
0.0
 0
VERTEX
 8
WIRE
 10
  7.4000
 20
 15.6000
 30
0.0
 0
VERTEX
 8
WIRE
 10
  7.4000
 20
 15.7000
 30
0.0
 0
SEQEND
 8
WIRE
 0
POLYLINE
 8
WIRE
 66
1
 10
0.0
 20
0.0
 30
0.0
 0
VERTEX
 8
WIRE
 10
  7.4000
 20
 15.7000
 30
0.0
 0
VERTEX
 8
WIRE
 10
  7.4000
 20
 15.8000
 30
0.0
 0
SEQEND
 8
WIRE
 0
POLYLINE
 8
WIRE
 66
1
 70
1
 10
0.0
 20
0.0
 30
0.0
 40
  0.0200
 41
  0.0200
 0
VERTEX
 8
WIRE
 10
  7.3900
 20
 15.7000
 30
0.0
 42
1.0
 0
VERTEX
 8
WIRE
 10
  7.4100
 20
 15.7000
 30
0.0
 42
1.0
 0
SEQEND
 8
WIRE
 0
POLYLINE
 8
WIRE
 66
1
 10
0.0
 20
0.0
 30
0.0
 0
VERTEX
 8
WIRE
 10
  7.1000
 20
 13.3000
 30
0.0
 0
VERTEX
 8
WIRE
 10
  7.1000
 20
 13.2000
 30
0.0
 0
SEQEND
 8
WIRE
 0
POLYLINE
 8
WIRE
 66
1
 10
0.0
 20
0.0
 30
0.0
 0
VERTEX
 8
WIRE
 10
  4.8000
 20
 11.2000
 30
0.0
 0
VERTEX
 8
WIRE
 10
  4.8000
 20
 11.1000
 30
0.0
 0
SEQEND
 8
WIRE
 0
POLYLINE
 8
WIRE
 66
1
 10
0.0
 20
0.0
 30
0.0
 0
VERTEX
 8
WIRE
 10
  7.7000
 20
  4.7000
 30
0.0
 0
VERTEX
 8
WIRE
 10
  7.7000
 20
  4.6000
 30
0.0
 0
SEQEND
 8
WIRE
 0
POLYLINE
 8
WIRE
 66
1
 10
0.0
 20
0.0
 30
0.0
 0
VERTEX
 8
WIRE
 10
  8.6000
 20
  5.7000
 30
0.0
 0
VERTEX
 8
WIRE
 10
  8.5000
 20
  5.7000
 30
0.0
 0
SEQEND
 8
WIRE
 0
POLYLINE
 8
WIRE
 66
1
 10
0.0
 20
0.0
 30
0.0
 0
VERTEX
 8
WIRE
 10
  4.4000
 20
  6.3000
 30
0.0
 0
VERTEX
 8
WIRE
 10
  4.4000
 20
  5.8000
 30
0.0
 0
SEQEND
 8
WIRE
 0
POLYLINE
 8
WIRE
 66
1
 70
1
 10
0.0
 20
0.0
 30
0.0
 40
  0.0200
 41
  0.0200
 0
VERTEX
 8
WIRE
 10
  4.3900
 20
  5.8000
 30
0.0
 42
1.0
 0
VERTEX
 8
WIRE
 10
  4.4100
 20
  5.8000
 30
0.0
 42
1.0
 0
SEQEND
 8
WIRE
 0
POLYLINE
 8
WIRE
 66
1
 10
0.0
 20
0.0
 30
0.0
 0
VERTEX
 8
WIRE
 10
  5.7000
 20
  6.1000
 30
0.0
 0
VERTEX
 8
WIRE
 10
  5.8000
 20
  6.1000
 30
0.0
 0
SEQEND
 8
WIRE
 0
POLYLINE
 8
WIRE
 66
1
 10
0.0
 20
0.0
 30
0.0
 0
VERTEX
 8
WIRE
 10
 15.3000
 20
 18.3000
 30
0.0
 0
VERTEX
 8
WIRE
 10
 15.3000
 20
 18.1000
 30
0.0
 0
SEQEND
 8
WIRE
 0
POLYLINE
 8
WIRE
 66
1
 10
0.0
 20
0.0
 30
0.0
 0
VERTEX
 8
WIRE
 10
 16.6000
 20
 18.7000
 30
0.0
 0
VERTEX
 8
WIRE
 10
 16.6000
 20
 18.2000
 30
0.0
 0
SEQEND
 8
WIRE
 0
POLYLINE
 8
WIRE
 66
1
 10
0.0
 20
0.0
 30
0.0
 0
VERTEX
 8
WIRE
 10
 12.6000
 20
 17.5000
 30
0.0
 0
VERTEX
 8
WIRE
 10
 12.6000
 20
 17.6000
 30
0.0
 0
SEQEND
 8
WIRE
 0
POLYLINE
 8
WIRE
 66
1
 70
1
 10
0.0
 20
0.0
 30
0.0
 40
  0.0200
 41
  0.0200
 0
VERTEX
 8
WIRE
 10
 12.5900
 20
 17.6000
 30
0.0
 42
1.0
 0
VERTEX
 8
WIRE
 10
 12.6100
 20
 17.6000
 30
0.0
 42
1.0
 0
SEQEND
 8
WIRE
 0
POLYLINE
 8
WIRE
 66
1
 10
0.0
 20
0.0
 30
0.0
 0
VERTEX
 8
WIRE
 10
 13.9000
 20
 11.6000
 30
0.0
 0
VERTEX
 8
WIRE
 10
 14.4000
 20
 11.6000
 30
0.0
 0
SEQEND
 8
WIRE
 0
POLYLINE
 8
WIRE
 66
1
 10
0.0
 20
0.0
 30
0.0
 0
VERTEX
 8
WIRE
 10
 16.4000
 20
  7.4000
 30
0.0
 0
VERTEX
 8
WIRE
 10
 16.4000
 20
  7.3000
 30
0.0
 0
SEQEND
 8
WIRE
 0
POLYLINE
 8
WIRE
 66
1
 10
0.0
 20
0.0
 30
0.0
 0
VERTEX
 8
WIRE
 10
 26.2000
 20
 14.8000
 30
0.0
 0
VERTEX
 8
WIRE
 10
 26.2000
 20
 14.6000
 30
0.0
 0
SEQEND
 8
WIRE
 0
POLYLINE
 8
WIRE
 66
1
 10
0.0
 20
0.0
 30
0.0
 0
VERTEX
 8
WIRE
 10
 23.8000
 20
 16.3000
 30
0.0
 0
VERTEX
 8
WIRE
 10
 23.8000
 20
 15.8000
 30
0.0
 0
SEQEND
 8
WIRE
 0
POLYLINE
 8
WIRE
 66
1
 70
1
 10
0.0
 20
0.0
 30
0.0
 40
  0.0200
 41
  0.0200
 0
VERTEX
 8
WIRE
 10
 23.7900
 20
 15.8000
 30
0.0
 42
1.0
 0
VERTEX
 8
WIRE
 10
 23.8100
 20
 15.8000
 30
0.0
 42
1.0
 0
SEQEND
 8
WIRE
 0
POLYLINE
 8
WIRE
 66
1
 10
0.0
 20
0.0
 30
0.0
 0
VERTEX
 8
WIRE
 10
 22.9000
 20
 15.8000
 30
0.0
 0
VERTEX
 8
WIRE
 10
 22.9000
 20
 15.7000
 30
0.0
 0
SEQEND
 8
WIRE
 0
POLYLINE
 8
WIRE
 66
1
 10
0.0
 20
0.0
 30
0.0
 0
VERTEX
 8
WIRE
 10
 23.1000
 20
 17.1000
 30
0.0
 0
VERTEX
 8
WIRE
 10
 23.1000
 20
 17.2000
 30
0.0
 0
SEQEND
 8
WIRE
 0
POLYLINE
 8
WIRE
 66
1
 70
1
 10
0.0
 20
0.0
 30
0.0
 40
  0.0200
 41
  0.0200
 0
VERTEX
 8
WIRE
 10
 23.0900
 20
 17.2000
 30
0.0
 42
1.0
 0
VERTEX
 8
WIRE
 10
 23.1100
 20
 17.2000
 30
0.0
 42
1.0
 0
SEQEND
 8
WIRE
 0
POLYLINE
 8
WIRE
 66
1
 10
0.0
 20
0.0
 30
0.0
 0
VERTEX
 8
WIRE
 10
 24.3000
 20
 10.6000
 30
0.0
 0
VERTEX
 8
WIRE
 10
 25.2000
 20
 10.6000
 30
0.0
 0
SEQEND
 8
WIRE
 0
POLYLINE
 8
WIRE
 66
1
 70
1
 10
0.0
 20
0.0
 30
0.0
 40
  0.0200
 41
  0.0200
 0
VERTEX
 8
WIRE
 10
 25.1900
 20
 10.6000
 30
0.0
 42
1.0
 0
VERTEX
 8
WIRE
 10
 25.2100
 20
 10.6000
 30
0.0
 42
1.0
 0
SEQEND
 8
WIRE
 0
POLYLINE
 8
WIRE
 66
1
 10
0.0
 20
0.0
 30
0.0
 0
VERTEX
 8
WIRE
 10
 25.1000
 20
 11.0000
 30
0.0
 0
VERTEX
 8
WIRE
 10
 25.2000
 20
 11.0000
 30
0.0
 0
SEQEND
 8
WIRE
 0
POLYLINE
 8
WIRE
 66
1
 10
0.0
 20
0.0
 30
0.0
 0
VERTEX
 8
WIRE
 10
 27.1000
 20
  9.9000
 30
0.0
 0
VERTEX
 8
WIRE
 10
 27.1000
 20
 10.0000
 30
0.0
 0
SEQEND
 8
WIRE
 0
POLYLINE
 8
WIRE
 66
1
 10
0.0
 20
0.0
 30
0.0
 0
VERTEX
 8
WIRE
 10
 24.3000
 20
 11.2000
 30
0.0
 0
VERTEX
 8
WIRE
 10
 24.3000
 20
 11.4000
 30
0.0
 0
SEQEND
 8
WIRE
 0
POLYLINE
 8
WIRE
 66
1
 70
1
 10
0.0
 20
0.0
 30
0.0
 40
  0.0200
 41
  0.0200
 0
VERTEX
 8
WIRE
 10
 24.2900
 20
 11.4000
 30
0.0
 42
1.0
 0
VERTEX
 8
WIRE
 10
 24.3100
 20
 11.4000
 30
0.0
 42
1.0
 0
SEQEND
 8
WIRE
 0
POLYLINE
 8
WIRE
 66
1
 10
0.0
 20
0.0
 30
0.0
 0
VERTEX
 8
WIRE
 10
  6.3000
 20
 18.5000
 30
0.0
 0
VERTEX
 8
WIRE
 10
  6.3000
 20
 18.4000
 30
0.0
 0
SEQEND
 8
WIRE
 0
POLYLINE
 8
WIRE
 66
1
 10
0.0
 20
0.0
 30
0.0
 0
VERTEX
 8
WIRE
 10
  3.9000
 20
 16.3000
 30
0.0
 0
VERTEX
 8
WIRE
 10
  4.1000
 20
 16.3000
 30
0.0
 0
SEQEND
 8
WIRE
 0
POLYLINE
 8
WIRE
 66
1
 70
1
 10
0.0
 20
0.0
 30
0.0
 40
  0.0200
 41
  0.0200
 0
VERTEX
 8
WIRE
 10
  4.0900
 20
 16.3000
 30
0.0
 42
1.0
 0
VERTEX
 8
WIRE
 10
  4.1100
 20
 16.3000
 30
0.0
 42
1.0
 0
SEQEND
 8
WIRE
 0
POLYLINE
 8
WIRE
 66
1
 10
0.0
 20
0.0
 30
0.0
 0
VERTEX
 8
WIRE
 10
  6.9000
 20
 18.5000
 30
0.0
 0
VERTEX
 8
WIRE
 10
  6.9000
 20
 18.4000
 30
0.0
 0
SEQEND
 8
WIRE
 0
POLYLINE
 8
WIRE
 66
1
 10
0.0
 20
0.0
 30
0.0
 0
VERTEX
 8
WIRE
 10
  5.9000
 20
 13.7000
 30
0.0
 0
VERTEX
 8
WIRE
 10
  6.5000
 20
 13.7000
 30
0.0
 0
SEQEND
 8
WIRE
 0
POLYLINE
 8
WIRE
 66
1
 70
1
 10
0.0
 20
0.0
 30
0.0
 40
  0.0200
 41
  0.0200
 0
VERTEX
 8
WIRE
 10
  6.4900
 20
 13.7000
 30
0.0
 42
1.0
 0
VERTEX
 8
WIRE
 10
  6.5100
 20
 13.7000
 30
0.0
 42
1.0
 0
SEQEND
 8
WIRE
 0
POLYLINE
 8
WIRE
 66
1
 10
0.0
 20
0.0
 30
0.0
 0
VERTEX
 8
WIRE
 10
  6.3000
 20
  6.2000
 30
0.0
 0
VERTEX
 8
WIRE
 10
  6.5000
 20
  6.2000
 30
0.0
 0
SEQEND
 8
WIRE
 0
POLYLINE
 8
WIRE
 66
1
 10
0.0
 20
0.0
 30
0.0
 0
VERTEX
 8
WIRE
 10
  4.9000
 20
  5.8000
 30
0.0
 0
VERTEX
 8
WIRE
 10
  4.9000
 20
  5.7000
 30
0.0
 0
SEQEND
 8
WIRE
 0
POLYLINE
 8
WIRE
 66
1
 10
0.0
 20
0.0
 30
0.0
 0
VERTEX
 8
WIRE
 10
  4.9000
 20
  6.3000
 30
0.0
 0
VERTEX
 8
WIRE
 10
  4.9000
 20
  6.5000
 30
0.0
 0
SEQEND
 8
WIRE
 0
POLYLINE
 8
WIRE
 66
1
 70
1
 10
0.0
 20
0.0
 30
0.0
 40
  0.0200
 41
  0.0200
 0
VERTEX
 8
WIRE
 10
  4.8900
 20
  6.5000
 30
0.0
 42
1.0
 0
VERTEX
 8
WIRE
 10
  4.9100
 20
  6.5000
 30
0.0
 42
1.0
 0
SEQEND
 8
WIRE
 0
POLYLINE
 8
WIRE
 66
1
 10
0.0
 20
0.0
 30
0.0
 0
VERTEX
 8
WIRE
 10
 14.3000
 20
 16.9000
 30
0.0
 0
VERTEX
 8
WIRE
 10
 14.3000
 20
 16.6000
 30
0.0
 0
SEQEND
 8
WIRE
 0
POLYLINE
 8
WIRE
 66
1
 10
0.0
 20
0.0
 30
0.0
 0
VERTEX
 8
WIRE
 10
 16.1000
 20
 18.7000
 30
0.0
 0
VERTEX
 8
WIRE
 10
 16.6000
 20
 18.7000
 30
0.0
 0
SEQEND
 8
WIRE
 0
POLYLINE
 8
WIRE
 66
1
 70
1
 10
0.0
 20
0.0
 30
0.0
 40
  0.0200
 41
  0.0200
 0
VERTEX
 8
WIRE
 10
 16.0900
 20
 18.7000
 30
0.0
 42
1.0
 0
VERTEX
 8
WIRE
 10
 16.1100
 20
 18.7000
 30
0.0
 42
1.0
 0
SEQEND
 8
WIRE
 0
POLYLINE
 8
WIRE
 66
1
 10
0.0
 20
0.0
 30
0.0
 0
VERTEX
 8
WIRE
 10
 15.3000
 20
 18.6000
 30
0.0
 0
VERTEX
 8
WIRE
 10
 15.3000
 20
 18.7000
 30
0.0
 0
SEQEND
 8
WIRE
 0
POLYLINE
 8
WIRE
 66
1
 10
0.0
 20
0.0
 30
0.0
 0
VERTEX
 8
WIRE
 10
 16.7000
 20
 10.1000
 30
0.0
 0
VERTEX
 8
WIRE
 10
 16.7000
 20
 10.2000
 30
0.0
 0
SEQEND
 8
WIRE
 0
POLYLINE
 8
WIRE
 66
1
 10
0.0
 20
0.0
 30
0.0
 0
VERTEX
 8
WIRE
 10
 12.9000
 20
  6.6000
 30
0.0
 0
VERTEX
 8
WIRE
 10
 12.9000
 20
  6.7000
 30
0.0
 0
SEQEND
 8
WIRE
 0
POLYLINE
 8
WIRE
 66
1
 70
1
 10
0.0
 20
0.0
 30
0.0
 40
  0.0200
 41
  0.0200
 0
VERTEX
 8
WIRE
 10
 12.8900
 20
  6.7000
 30
0.0
 42
1.0
 0
VERTEX
 8
WIRE
 10
 12.9100
 20
  6.7000
 30
0.0
 42
1.0
 0
SEQEND
 8
WIRE
 0
POLYLINE
 8
WIRE
 66
1
 10
0.0
 20
0.0
 30
0.0
 0
VERTEX
 8
WIRE
 10
 27.9000
 20
 16.5000
 30
0.0
 0
VERTEX
 8
WIRE
 10
 28.8000
 20
 16.5000
 30
0.0
 0
SEQEND
 8
WIRE
 0
POLYLINE
 8
WIRE
 66
1
 10
0.0
 20
0.0
 30
0.0
 0
VERTEX
 8
WIRE
 10
 26.0000
 20
 18.2000
 30
0.0
 0
VERTEX
 8
WIRE
 10
 26.0000
 20
 18.3000
 30
0.0
 0
SEQEND
 8
WIRE
 0
POLYLINE
 8
WIRE
 66
1
 10
0.0
 20
0.0
 30
0.0
 0
VERTEX
 8
WIRE
 10
 23.2000
 20
 12.0000
 30
0.0
 0
VERTEX
 8
WIRE
 10
 23.1000
 20
 12.0000
 30
0.0
 0
SEQEND
 8
WIRE
 0
POLYLINE
 8
WIRE
 66
1
 10
0.0
 20
0.0
 30
0.0
 0
VERTEX
 8
WIRE
 10
 25.4000
 20
 13.6000
 30
0.0
 0
VERTEX
 8
WIRE
 10
 25.4000
 20
 13.2000
 30
0.0
 0
SEQEND
 8
WIRE
 0
POLYLINE
 8
WIRE
 66
1
 10
0.0
 20
0.0
 30
0.0
 0
VERTEX
 8
WIRE
 10
 23.2000
 20
 12.1000
 30
0.0
 0
VERTEX
 8
WIRE
 10
 23.1000
 20
 12.1000
 30
0.0
 0
SEQEND
 8
WIRE
 0
POLYLINE
 8
WIRE
 66
1
 10
0.0
 20
0.0
 30
0.0
 0
VERTEX
 8
WIRE
 10
 24.3000
 20
 11.5000
 30
0.0
 0
VERTEX
 8
WIRE
 10
 24.3000
 20
 11.4000
 30
0.0
 0
SEQEND
 8
WIRE
 0
POLYLINE
 8
WIRE
 66
1
 10
0.0
 20
0.0
 30
0.0
 0
VERTEX
 8
WIRE
 10
 27.1000
 20
 10.0000
 30
0.0
 0
VERTEX
 8
WIRE
 10
 26.2000
 20
 10.0000
 30
0.0
 0
SEQEND
 8
WIRE
 0
POLYLINE
 8
WIRE
 66
1
 70
1
 10
0.0
 20
0.0
 30
0.0
 40
  0.0200
 41
  0.0200
 0
VERTEX
 8
WIRE
 10
 26.1900
 20
 10.0000
 30
0.0
 42
1.0
 0
VERTEX
 8
WIRE
 10
 26.2100
 20
 10.0000
 30
0.0
 42
1.0
 0
SEQEND
 8
WIRE
 0
POLYLINE
 8
WIRE
 66
1
 10
0.0
 20
0.0
 30
0.0
 0
VERTEX
 8
WIRE
 10
  5.5000
 20
 16.7000
 30
0.0
 0
VERTEX
 8
WIRE
 10
  5.5000
 20
 16.3000
 30
0.0
 0
SEQEND
 8
WIRE
 0
POLYLINE
 8
WIRE
 66
1
 10
0.0
 20
0.0
 30
0.0
 0
VERTEX
 8
WIRE
 10
  4.6000
 20
 17.1000
 30
0.0
 0
VERTEX
 8
WIRE
 10
  5.1000
 20
 17.1000
 30
0.0
 0
SEQEND
 8
WIRE
 0
POLYLINE
 8
WIRE
 66
1
 10
0.0
 20
0.0
 30
0.0
 0
VERTEX
 8
WIRE
 10
  7.1000
 20
 13.7000
 30
0.0
 0
VERTEX
 8
WIRE
 10
  7.6000
 20
 13.7000
 30
0.0
 0
SEQEND
 8
WIRE
 0
POLYLINE
 8
WIRE
 66
1
 70
1
 10
0.0
 20
0.0
 30
0.0
 40
  0.0200
 41
  0.0200
 0
VERTEX
 8
WIRE
 10
  7.0900
 20
 13.7000
 30
0.0
 42
1.0
 0
VERTEX
 8
WIRE
 10
  7.1100
 20
 13.7000
 30
0.0
 42
1.0
 0
SEQEND
 8
WIRE
 0
POLYLINE
 8
WIRE
 66
1
 10
0.0
 20
0.0
 30
0.0
 0
VERTEX
 8
WIRE
 10
  3.6000
 20
 11.1000
 30
0.0
 0
VERTEX
 8
WIRE
 10
  3.4000
 20
 11.1000
 30
0.0
 0
SEQEND
 8
WIRE
 0
POLYLINE
 8
WIRE
 66
1
 70
1
 10
0.0
 20
0.0
 30
0.0
 40
  0.0200
 41
  0.0200
 0
VERTEX
 8
WIRE
 10
  3.3900
 20
 11.1000
 30
0.0
 42
1.0
 0
VERTEX
 8
WIRE
 10
  3.4100
 20
 11.1000
 30
0.0
 42
1.0
 0
SEQEND
 8
WIRE
 0
POLYLINE
 8
WIRE
 66
1
 10
0.0
 20
0.0
 30
0.0
 0
VERTEX
 8
WIRE
 10
  3.4000
 20
 11.2000
 30
0.0
 0
VERTEX
 8
WIRE
 10
  3.4000
 20
 11.1000
 30
0.0
 0
SEQEND
 8
WIRE
 0
POLYLINE
 8
WIRE
 66
1
 10
0.0
 20
0.0
 30
0.0
 0
VERTEX
 8
WIRE
 10
  4.9000
 20
  5.7000
 30
0.0
 0
VERTEX
 8
WIRE
 10
  5.8000
 20
  5.7000
 30
0.0
 0
SEQEND
 8
WIRE
 0
POLYLINE
 8
WIRE
 66
1
 70
1
 10
0.0
 20
0.0
 30
0.0
 40
  0.0200
 41
  0.0200
 0
VERTEX
 8
WIRE
 10
  5.7900
 20
  5.7000
 30
0.0
 42
1.0
 0
VERTEX
 8
WIRE
 10
  5.8100
 20
  5.7000
 30
0.0
 42
1.0
 0
SEQEND
 8
WIRE
 0
POLYLINE
 8
WIRE
 66
1
 10
0.0
 20
0.0
 30
0.0
 0
VERTEX
 8
WIRE
 10
  5.8000
 20
  5.7000
 30
0.0
 0
VERTEX
 8
WIRE
 10
  6.5000
 20
  5.7000
 30
0.0
 0
SEQEND
 8
WIRE
 0
POLYLINE
 8
WIRE
 66
1
 10
0.0
 20
0.0
 30
0.0
 0
VERTEX
 8
WIRE
 10
  3.7000
 20
  7.1000
 30
0.0
 0
VERTEX
 8
WIRE
 10
  3.7000
 20
  7.2000
 30
0.0
 0
SEQEND
 8
WIRE
 0
POLYLINE
 8
WIRE
 66
1
 70
1
 10
0.0
 20
0.0
 30
0.0
 40
  0.0200
 41
  0.0200
 0
VERTEX
 8
WIRE
 10
  3.6900
 20
  7.2000
 30
0.0
 42
1.0
 0
VERTEX
 8
WIRE
 10
  3.7100
 20
  7.2000
 30
0.0
 42
1.0
 0
SEQEND
 8
WIRE
 0
POLYLINE
 8
WIRE
 66
1
 10
0.0
 20
0.0
 30
0.0
 0
VERTEX
 8
WIRE
 10
  4.9000
 20
  6.5000
 30
0.0
 0
VERTEX
 8
WIRE
 10
  5.4000
 20
  6.5000
 30
0.0
 0
SEQEND
 8
WIRE
 0
POLYLINE
 8
WIRE
 66
1
 10
0.0
 20
0.0
 30
0.0
 0
VERTEX
 8
WIRE
 10
  7.7000
 20
  5.1000
 30
0.0
 0
VERTEX
 8
WIRE
 10
  6.8000
 20
  5.1000
 30
0.0
 0
SEQEND
 8
WIRE
 0
POLYLINE
 8
WIRE
 66
1
 70
1
 10
0.0
 20
0.0
 30
0.0
 40
  0.0200
 41
  0.0200
 0
VERTEX
 8
WIRE
 10
  6.7900
 20
  5.1000
 30
0.0
 42
1.0
 0
VERTEX
 8
WIRE
 10
  6.8100
 20
  5.1000
 30
0.0
 42
1.0
 0
SEQEND
 8
WIRE
 0
POLYLINE
 8
WIRE
 66
1
 10
0.0
 20
0.0
 30
0.0
 0
VERTEX
 8
WIRE
 10
 14.7000
 20
 16.1000
 30
0.0
 0
VERTEX
 8
WIRE
 10
 15.4000
 20
 16.1000
 30
0.0
 0
SEQEND
 8
WIRE
 0
POLYLINE
 8
WIRE
 66
1
 10
0.0
 20
0.0
 30
0.0
 0
VERTEX
 8
WIRE
 10
 14.6000
 20
 16.5000
 30
0.0
 0
VERTEX
 8
WIRE
 10
 14.7000
 20
 16.5000
 30
0.0
 0
SEQEND
 8
WIRE
 0
POLYLINE
 8
WIRE
 66
1
 10
0.0
 20
0.0
 30
0.0
 0
VERTEX
 8
WIRE
 10
 16.6000
 20
 15.4000
 30
0.0
 0
VERTEX
 8
WIRE
 10
 16.6000
 20
 15.5000
 30
0.0
 0
SEQEND
 8
WIRE
 0
POLYLINE
 8
WIRE
 66
1
 10
0.0
 20
0.0
 30
0.0
 0
VERTEX
 8
WIRE
 10
 13.8000
 20
 16.7000
 30
0.0
 0
VERTEX
 8
WIRE
 10
 13.8000
 20
 16.9000
 30
0.0
 0
SEQEND
 8
WIRE
 0
POLYLINE
 8
WIRE
 66
1
 70
1
 10
0.0
 20
0.0
 30
0.0
 40
  0.0200
 41
  0.0200
 0
VERTEX
 8
WIRE
 10
 13.7900
 20
 16.9000
 30
0.0
 42
1.0
 0
VERTEX
 8
WIRE
 10
 13.8100
 20
 16.9000
 30
0.0
 42
1.0
 0
SEQEND
 8
WIRE
 0
POLYLINE
 8
WIRE
 66
1
 10
0.0
 20
0.0
 30
0.0
 0
VERTEX
 8
WIRE
 10
 16.6000
 20
 15.5000
 30
0.0
 0
VERTEX
 8
WIRE
 10
 15.7000
 20
 15.5000
 30
0.0
 0
SEQEND
 8
WIRE
 0
POLYLINE
 8
WIRE
 66
1
 70
1
 10
0.0
 20
0.0
 30
0.0
 40
  0.0200
 41
  0.0200
 0
VERTEX
 8
WIRE
 10
 15.6900
 20
 15.5000
 30
0.0
 42
1.0
 0
VERTEX
 8
WIRE
 10
 15.7100
 20
 15.5000
 30
0.0
 42
1.0
 0
SEQEND
 8
WIRE
 0
POLYLINE
 8
WIRE
 66
1
 10
0.0
 20
0.0
 30
0.0
 0
VERTEX
 8
WIRE
 10
 13.9000
 20
 10.9000
 30
0.0
 0
VERTEX
 8
WIRE
 10
 13.9000
 20
 10.8000
 30
0.0
 0
SEQEND
 8
WIRE
 0
POLYLINE
 8
WIRE
 66
1
 10
0.0
 20
0.0
 30
0.0
 0
VERTEX
 8
WIRE
 10
 16.4000
 20
  7.8000
 30
0.0
 0
VERTEX
 8
WIRE
 10
 16.9000
 20
  7.8000
 30
0.0
 0
SEQEND
 8
WIRE
 0
POLYLINE
 8
WIRE
 66
1
 70
1
 10
0.0
 20
0.0
 30
0.0
 40
  0.0200
 41
  0.0200
 0
VERTEX
 8
WIRE
 10
 16.3900
 20
  7.8000
 30
0.0
 42
1.0
 0
VERTEX
 8
WIRE
 10
 16.4100
 20
  7.8000
 30
0.0
 42
1.0
 0
SEQEND
 8
WIRE
 0
POLYLINE
 8
WIRE
 66
1
 10
0.0
 20
0.0
 30
0.0
 0
VERTEX
 8
WIRE
 10
 12.9000
 20
  5.2000
 30
0.0
 0
VERTEX
 8
WIRE
 10
 12.7000
 20
  5.2000
 30
0.0
 0
SEQEND
 8
WIRE
 0
POLYLINE
 8
WIRE
 66
1
 70
1
 10
0.0
 20
0.0
 30
0.0
 40
  0.0200
 41
  0.0200
 0
VERTEX
 8
WIRE
 10
 12.6900
 20
  5.2000
 30
0.0
 42
1.0
 0
VERTEX
 8
WIRE
 10
 12.7100
 20
  5.2000
 30
0.0
 42
1.0
 0
SEQEND
 8
WIRE
 0
POLYLINE
 8
WIRE
 66
1
 10
0.0
 20
0.0
 30
0.0
 0
VERTEX
 8
WIRE
 10
 14.9000
 20
  5.7000
 30
0.0
 0
VERTEX
 8
WIRE
 10
 14.9000
 20
  5.6000
 30
0.0
 0
SEQEND
 8
WIRE
 0
POLYLINE
 8
WIRE
 66
1
 10
0.0
 20
0.0
 30
0.0
 0
VERTEX
 8
WIRE
 10
 15.0000
 20
  5.6000
 30
0.0
 0
VERTEX
 8
WIRE
 10
 15.0000
 20
  5.2000
 30
0.0
 0
SEQEND
 8
WIRE
 0
POLYLINE
 8
WIRE
 66
1
 10
0.0
 20
0.0
 30
0.0
 0
VERTEX
 8
WIRE
 10
 15.8000
 20
  7.7000
 30
0.0
 0
VERTEX
 8
WIRE
 10
 15.8000
 20
  7.8000
 30
0.0
 0
SEQEND
 8
WIRE
 0
POLYLINE
 8
WIRE
 66
1
 10
0.0
 20
0.0
 30
0.0
 0
VERTEX
 8
WIRE
 10
 27.1000
 20
 14.7000
 30
0.0
 0
VERTEX
 8
WIRE
 10
 27.1000
 20
 14.6000
 30
0.0
 0
SEQEND
 8
WIRE
 0
POLYLINE
 8
WIRE
 66
1
 10
0.0
 20
0.0
 30
0.0
 0
VERTEX
 8
WIRE
 10
 25.1000
 20
 16.1000
 30
0.0
 0
VERTEX
 8
WIRE
 10
 25.2000
 20
 16.1000
 30
0.0
 0
SEQEND
 8
WIRE
 0
POLYLINE
 8
WIRE
 66
1
 10
0.0
 20
0.0
 30
0.0
 0
VERTEX
 8
WIRE
 10
 27.1000
 20
 15.1000
 30
0.0
 0
VERTEX
 8
WIRE
 10
 27.1000
 20
 15.2000
 30
0.0
 0
SEQEND
 8
WIRE
 0
POLYLINE
 8
WIRE
 66
1
 70
1
 10
0.0
 20
0.0
 30
0.0
 40
  0.0200
 41
  0.0200
 0
VERTEX
 8
WIRE
 10
 27.0900
 20
 15.1000
 30
0.0
 42
1.0
 0
VERTEX
 8
WIRE
 10
 27.1100
 20
 15.1000
 30
0.0
 42
1.0
 0
SEQEND
 8
WIRE
 0
POLYLINE
 8
WIRE
 66
1
 10
0.0
 20
0.0
 30
0.0
 0
VERTEX
 8
WIRE
 10
 27.1000
 20
 15.0000
 30
0.0
 0
VERTEX
 8
WIRE
 10
 27.1000
 20
 15.1000
 30
0.0
 0
SEQEND
 8
WIRE
 0
POLYLINE
 8
WIRE
 66
1
 10
0.0
 20
0.0
 30
0.0
 0
VERTEX
 8
WIRE
 10
 24.3000
 20
 16.3000
 30
0.0
 0
VERTEX
 8
WIRE
 10
 24.3000
 20
 16.5000
 30
0.0
 0
SEQEND
 8
WIRE
 0
POLYLINE
 8
WIRE
 66
1
 70
1
 10
0.0
 20
0.0
 30
0.0
 40
  0.0200
 41
  0.0200
 0
VERTEX
 8
WIRE
 10
 24.2900
 20
 16.5000
 30
0.0
 42
1.0
 0
VERTEX
 8
WIRE
 10
 24.3100
 20
 16.5000
 30
0.0
 42
1.0
 0
SEQEND
 8
WIRE
 0
POLYLINE
 8
WIRE
 66
1
 10
0.0
 20
0.0
 30
0.0
 0
VERTEX
 8
WIRE
 10
 27.1000
 20
 10.0000
 30
0.0
 0
VERTEX
 8
WIRE
 10
 27.1000
 20
 10.1000
 30
0.0
 0
SEQEND
 8
WIRE
 0
POLYLINE
 8
WIRE
 66
1
 70
1
 10
0.0
 20
0.0
 30
0.0
 40
  0.0200
 41
  0.0200
 0
VERTEX
 8
WIRE
 10
 27.0900
 20
 10.0000
 30
0.0
 42
1.0
 0
VERTEX
 8
WIRE
 10
 27.1100
 20
 10.0000
 30
0.0
 42
1.0
 0
SEQEND
 8
WIRE
 0
POLYLINE
 8
WIRE
 66
1
 10
0.0
 20
0.0
 30
0.0
 0
VERTEX
 8
WIRE
 10
 25.7000
 20
 11.6000
 30
0.0
 0
VERTEX
 8
WIRE
 10
 25.9000
 20
 11.6000
 30
0.0
 0
SEQEND
 8
WIRE
 0
POLYLINE
 8
WIRE
 66
1
 10
0.0
 20
0.0
 30
0.0
 0
VERTEX
 8
WIRE
 10
  7.4000
 20
 18.9000
 30
0.0
 0
VERTEX
 8
WIRE
 10
  7.4000
 20
 18.4000
 30
0.0
 0
SEQEND
 8
WIRE
 0
POLYLINE
 8
WIRE
 66
1
 10
0.0
 20
0.0
 30
0.0
 0
VERTEX
 8
WIRE
 10
  3.4000
 20
 16.3000
 30
0.0
 0
VERTEX
 8
WIRE
 10
  3.2000
 20
 16.3000
 30
0.0
 0
SEQEND
 8
WIRE
 0
POLYLINE
 8
WIRE
 66
1
 70
1
 10
0.0
 20
0.0
 30
0.0
 40
  0.0200
 41
  0.0200
 0
VERTEX
 8
WIRE
 10
  3.1900
 20
 16.3000
 30
0.0
 42
1.0
 0
VERTEX
 8
WIRE
 10
  3.2100
 20
 16.3000
 30
0.0
 42
1.0
 0
SEQEND
 8
WIRE
 0
POLYLINE
 8
WIRE
 66
1
 10
0.0
 20
0.0
 30
0.0
 0
VERTEX
 8
WIRE
 10
  6.5000
 20
 13.3000
 30
0.0
 0
VERTEX
 8
WIRE
 10
  6.5000
 20
 13.2000
 30
0.0
 0
SEQEND
 8
WIRE
 0
POLYLINE
 8
WIRE
 66
1
 10
0.0
 20
0.0
 30
0.0
 0
VERTEX
 8
WIRE
 10
  4.3000
 20
 11.2000
 30
0.0
 0
VERTEX
 8
WIRE
 10
  4.1000
 20
 11.2000
 30
0.0
 0
SEQEND
 8
WIRE
 0
POLYLINE
 8
WIRE
 66
1
 10
0.0
 20
0.0
 30
0.0
 0
VERTEX
 8
WIRE
 10
  5.6000
 20
 11.5000
 30
0.0
 0
VERTEX
 8
WIRE
 10
  5.7000
 20
 11.5000
 30
0.0
 0
SEQEND
 8
WIRE
 0
POLYLINE
 8
WIRE
 66
1
 10
0.0
 20
0.0
 30
0.0
 0
VERTEX
 8
WIRE
 10
  8.5000
 20
 11.5000
 30
0.0
 0
VERTEX
 8
WIRE
 10
  8.5000
 20
 11.1000
 30
0.0
 0
SEQEND
 8
WIRE
 0
POLYLINE
 8
WIRE
 66
1
 10
0.0
 20
0.0
 30
0.0
 0
VERTEX
 8
WIRE
 10
  6.6000
 20
  7.9000
 30
0.0
 0
VERTEX
 8
WIRE
 10
  6.6000
 20
  7.8000
 30
0.0
 0
SEQEND
 8
WIRE
 0
POLYLINE
 8
WIRE
 66
1
 10
0.0
 20
0.0
 30
0.0
 0
VERTEX
 8
WIRE
 10
  3.8000
 20
  7.2000
 30
0.0
 0
VERTEX
 8
WIRE
 10
  3.7000
 20
  7.2000
 30
0.0
 0
SEQEND
 8
WIRE
 0
POLYLINE
 8
WIRE
 66
1
 10
0.0
 20
0.0
 30
0.0
 0
VERTEX
 8
WIRE
 10
  6.3000
 20
  6.7000
 30
0.0
 0
VERTEX
 8
WIRE
 10
  6.5000
 20
  6.7000
 30
0.0
 0
SEQEND
 8
WIRE
 0
POLYLINE
 8
WIRE
 66
1
 10
0.0
 20
0.0
 30
0.0
 0
VERTEX
 8
WIRE
 10
 13.8000
 20
 16.2000
 30
0.0
 0
VERTEX
 8
WIRE
 10
 13.8000
 20
 16.1000
 30
0.0
 0
SEQEND
 8
WIRE
 0
POLYLINE
 8
WIRE
 66
1
 10
0.0
 20
0.0
 30
0.0
 0
VERTEX
 8
WIRE
 10
 12.7000
 20
 17.6000
 30
0.0
 0
VERTEX
 8
WIRE
 10
 12.6000
 20
 17.6000
 30
0.0
 0
SEQEND
 8
WIRE
 0
POLYLINE
 8
WIRE
 66
1
 10
0.0
 20
0.0
 30
0.0
 0
VERTEX
 8
WIRE
 10
 16.2000
 20
 13.0000
 30
0.0
 0
VERTEX
 8
WIRE
 10
 16.2000
 20
 12.9000
 30
0.0
 0
SEQEND
 8
WIRE
 0
POLYLINE
 8
WIRE
 66
1
 10
0.0
 20
0.0
 30
0.0
 0
VERTEX
 8
WIRE
 10
 16.0000
 20
  4.3000
 30
0.0
 0
VERTEX
 8
WIRE
 10
 16.0000
 20
  4.1000
 30
0.0
 0
SEQEND
 8
WIRE
 0
POLYLINE
 8
WIRE
 66
1
 10
0.0
 20
0.0
 30
0.0
 0
VERTEX
 8
WIRE
 10
 15.8000
 20
  7.4000
 30
0.0
 0
VERTEX
 8
WIRE
 10
 15.8000
 20
  7.3000
 30
0.0
 0
SEQEND
 8
WIRE
 0
POLYLINE
 8
WIRE
 66
1
 10
0.0
 20
0.0
 30
0.0
 0
VERTEX
 8
WIRE
 10
 14.9000
 20
  5.6000
 30
0.0
 0
VERTEX
 8
WIRE
 10
 15.0000
 20
  5.6000
 30
0.0
 0
SEQEND
 8
WIRE
 0
POLYLINE
 8
WIRE
 66
1
 10
0.0
 20
0.0
 30
0.0
 0
VERTEX
 8
WIRE
 10
 16.9000
 20
  4.5000
 30
0.0
 0
VERTEX
 8
WIRE
 10
 16.9000
 20
  4.6000
 30
0.0
 0
SEQEND
 8
WIRE
 0
POLYLINE
 8
WIRE
 66
1
 10
0.0
 20
0.0
 30
0.0
 0
VERTEX
 8
WIRE
 10
 25.4000
 20
 18.7000
 30
0.0
 0
VERTEX
 8
WIRE
 10
 25.4000
 20
 18.3000
 30
0.0
 0
SEQEND
 8
WIRE
 0
POLYLINE
 8
WIRE
 66
1
 10
0.0
 20
0.0
 30
0.0
 0
VERTEX
 8
WIRE
 10
 23.2000
 20
 17.2000
 30
0.0
 0
VERTEX
 8
WIRE
 10
 23.1000
 20
 17.2000
 30
0.0
 0
SEQEND
 8
WIRE
 0
POLYLINE
 8
WIRE
 66
1
 10
0.0
 20
0.0
 30
0.0
 0
VERTEX
 8
WIRE
 10
 27.1000
 20
 15.1000
 30
0.0
 0
VERTEX
 8
WIRE
 10
 26.2000
 20
 15.1000
 30
0.0
 0
SEQEND
 8
WIRE
 0
POLYLINE
 8
WIRE
 66
1
 70
1
 10
0.0
 20
0.0
 30
0.0
 40
  0.0200
 41
  0.0200
 0
VERTEX
 8
WIRE
 10
 26.1900
 20
 15.1000
 30
0.0
 42
1.0
 0
VERTEX
 8
WIRE
 10
 26.2100
 20
 15.1000
 30
0.0
 42
1.0
 0
SEQEND
 8
WIRE
 0
POLYLINE
 8
WIRE
 66
1
 10
0.0
 20
0.0
 30
0.0
 0
VERTEX
 8
WIRE
 10
 25.4000
 20
 13.2000
 30
0.0
 0
VERTEX
 8
WIRE
 10
 26.0000
 20
 13.2000
 30
0.0
 0
SEQEND
 8
WIRE
 0
POLYLINE
 8
WIRE
 66
1
 70
1
 10
0.0
 20
0.0
 30
0.0
 40
  0.0200
 41
  0.0200
 0
VERTEX
 8
WIRE
 10
 25.9900
 20
 13.2000
 30
0.0
 42
1.0
 0
VERTEX
 8
WIRE
 10
 26.0100
 20
 13.2000
 30
0.0
 42
1.0
 0
SEQEND
 8
WIRE
 0
POLYLINE
 8
WIRE
 66
1
 10
0.0
 20
0.0
 30
0.0
 0
VERTEX
 8
WIRE
 10
 28.0000
 20
  4.0000
 30
0.0
 0
VERTEX
 8
WIRE
 10
 28.0000
 20
  4.2000
 30
0.0
 0
SEQEND
 8
WIRE
 0
POLYLINE
 8
WIRE
 66
1
 10
0.0
 20
0.0
 30
0.0
 0
VERTEX
 8
WIRE
 10
  1.5000
 20
 17.2000
 30
0.0
 0
VERTEX
 8
WIRE
 10
  1.9000
 20
 17.2000
 30
0.0
 0
SEQEND
 8
WIRE
 0
POLYLINE
 8
WIRE
 66
1
 10
0.0
 20
0.0
 30
0.0
 0
VERTEX
 8
WIRE
 10
  1.9000
 20
 17.2000
 30
0.0
 0
VERTEX
 8
WIRE
 10
  1.9000
 20
 17.1000
 30
0.0
 0
SEQEND
 8
WIRE
 0
POLYLINE
 8
WIRE
 66
1
 70
1
 10
0.0
 20
0.0
 30
0.0
 40
  0.0200
 41
  0.0200
 0
VERTEX
 8
WIRE
 10
  1.8900
 20
 17.1000
 30
0.0
 42
1.0
 0
VERTEX
 8
WIRE
 10
  1.9100
 20
 17.1000
 30
0.0
 42
1.0
 0
SEQEND
 8
WIRE
 0
POLYLINE
 8
WIRE
 66
1
 10
0.0
 20
0.0
 30
0.0
 0
VERTEX
 8
WIRE
 10
  1.4000
 20
 11.9000
 30
0.0
 0
VERTEX
 8
WIRE
 10
  1.4000
 20
 11.7000
 30
0.0
 0
SEQEND
 8
WIRE
 0
POLYLINE
 8
WIRE
 66
1
 10
0.0
 20
0.0
 30
0.0
 0
VERTEX
 8
WIRE
 10
  1.0000
 20
 11.9000
 30
0.0
 0
VERTEX
 8
WIRE
 10
  1.4000
 20
 11.9000
 30
0.0
 0
SEQEND
 8
WIRE
 0
POLYLINE
 8
WIRE
 66
1
 10
0.0
 20
0.0
 30
0.0
 0
VERTEX
 8
WIRE
 10
  1.0000
 20
 12.0000
 30
0.0
 0
VERTEX
 8
WIRE
 10
  1.4000
 20
 12.0000
 30
0.0
 0
SEQEND
 8
WIRE
 0
POLYLINE
 8
WIRE
 66
1
 10
0.0
 20
0.0
 30
0.0
 0
VERTEX
 8
WIRE
 10
  1.4000
 20
 12.0000
 30
0.0
 0
VERTEX
 8
WIRE
 10
  1.4000
 20
 11.9000
 30
0.0
 0
SEQEND
 8
WIRE
 0
POLYLINE
 8
WIRE
 66
1
 70
1
 10
0.0
 20
0.0
 30
0.0
 40
  0.0200
 41
  0.0200
 0
VERTEX
 8
WIRE
 10
  1.3900
 20
 11.9000
 30
0.0
 42
1.0
 0
VERTEX
 8
WIRE
 10
  1.4100
 20
 11.9000
 30
0.0
 42
1.0
 0
SEQEND
 8
WIRE
 0
POLYLINE
 8
WIRE
 66
1
 10
0.0
 20
0.0
 30
0.0
 0
VERTEX
 8
WIRE
 10
  2.4000
 20
  6.4000
 30
0.0
 0
VERTEX
 8
WIRE
 10
  2.4000
 20
  6.2000
 30
0.0
 0
SEQEND
 8
WIRE
 0
POLYLINE
 8
WIRE
 66
1
 10
0.0
 20
0.0
 30
0.0
 0
VERTEX
 8
WIRE
 10
  2.0000
 20
  6.4000
 30
0.0
 0
VERTEX
 8
WIRE
 10
  2.4000
 20
  6.4000
 30
0.0
 0
SEQEND
 8
WIRE
 0
POLYLINE
 8
WIRE
 66
1
 10
0.0
 20
0.0
 30
0.0
 0
VERTEX
 8
WIRE
 10
  2.0000
 20
  6.5000
 30
0.0
 0
VERTEX
 8
WIRE
 10
  2.4000
 20
  6.5000
 30
0.0
 0
SEQEND
 8
WIRE
 0
POLYLINE
 8
WIRE
 66
1
 10
0.0
 20
0.0
 30
0.0
 0
VERTEX
 8
WIRE
 10
  2.4000
 20
  6.5000
 30
0.0
 0
VERTEX
 8
WIRE
 10
  2.4000
 20
  6.4000
 30
0.0
 0
SEQEND
 8
WIRE
 0
POLYLINE
 8
WIRE
 66
1
 70
1
 10
0.0
 20
0.0
 30
0.0
 40
  0.0200
 41
  0.0200
 0
VERTEX
 8
WIRE
 10
  2.3900
 20
  6.4000
 30
0.0
 42
1.0
 0
VERTEX
 8
WIRE
 10
  2.4100
 20
  6.4000
 30
0.0
 42
1.0
 0
SEQEND
 8
WIRE
 0
POLYLINE
 8
WIRE
 66
1
 10
0.0
 20
0.0
 30
0.0
 0
VERTEX
 8
WIRE
 10
 11.4000
 20
 16.8000
 30
0.0
 0
VERTEX
 8
WIRE
 10
 11.4000
 20
 16.6000
 30
0.0
 0
SEQEND
 8
WIRE
 0
POLYLINE
 8
WIRE
 66
1
 10
0.0
 20
0.0
 30
0.0
 0
VERTEX
 8
WIRE
 10
 11.0000
 20
 16.8000
 30
0.0
 0
VERTEX
 8
WIRE
 10
 11.4000
 20
 16.8000
 30
0.0
 0
SEQEND
 8
WIRE
 0
POLYLINE
 8
WIRE
 66
1
 10
0.0
 20
0.0
 30
0.0
 0
VERTEX
 8
WIRE
 10
 11.0000
 20
 16.9000
 30
0.0
 0
VERTEX
 8
WIRE
 10
 11.4000
 20
 16.9000
 30
0.0
 0
SEQEND
 8
WIRE
 0
POLYLINE
 8
WIRE
 66
1
 10
0.0
 20
0.0
 30
0.0
 0
VERTEX
 8
WIRE
 10
 11.4000
 20
 16.9000
 30
0.0
 0
VERTEX
 8
WIRE
 10
 11.4000
 20
 16.8000
 30
0.0
 0
SEQEND
 8
WIRE
 0
POLYLINE
 8
WIRE
 66
1
 70
1
 10
0.0
 20
0.0
 30
0.0
 40
  0.0200
 41
  0.0200
 0
VERTEX
 8
WIRE
 10
 11.3900
 20
 16.8000
 30
0.0
 42
1.0
 0
VERTEX
 8
WIRE
 10
 11.4100
 20
 16.8000
 30
0.0
 42
1.0
 0
SEQEND
 8
WIRE
 0
POLYLINE
 8
WIRE
 66
1
 10
0.0
 20
0.0
 30
0.0
 0
VERTEX
 8
WIRE
 10
 11.4000
 20
 11.5000
 30
0.0
 0
VERTEX
 8
WIRE
 10
 11.4000
 20
 11.3000
 30
0.0
 0
SEQEND
 8
WIRE
 0
POLYLINE
 8
WIRE
 66
1
 10
0.0
 20
0.0
 30
0.0
 0
VERTEX
 8
WIRE
 10
 11.0000
 20
 11.5000
 30
0.0
 0
VERTEX
 8
WIRE
 10
 11.4000
 20
 11.5000
 30
0.0
 0
SEQEND
 8
WIRE
 0
POLYLINE
 8
WIRE
 66
1
 10
0.0
 20
0.0
 30
0.0
 0
VERTEX
 8
WIRE
 10
 11.0000
 20
 11.6000
 30
0.0
 0
VERTEX
 8
WIRE
 10
 11.4000
 20
 11.6000
 30
0.0
 0
SEQEND
 8
WIRE
 0
POLYLINE
 8
WIRE
 66
1
 10
0.0
 20
0.0
 30
0.0
 0
VERTEX
 8
WIRE
 10
 11.4000
 20
 11.6000
 30
0.0
 0
VERTEX
 8
WIRE
 10
 11.4000
 20
 11.5000
 30
0.0
 0
SEQEND
 8
WIRE
 0
POLYLINE
 8
WIRE
 66
1
 70
1
 10
0.0
 20
0.0
 30
0.0
 40
  0.0200
 41
  0.0200
 0
VERTEX
 8
WIRE
 10
 11.3900
 20
 11.5000
 30
0.0
 42
1.0
 0
VERTEX
 8
WIRE
 10
 11.4100
 20
 11.5000
 30
0.0
 42
1.0
 0
SEQEND
 8
WIRE
 0
POLYLINE
 8
WIRE
 66
1
 10
0.0
 20
0.0
 30
0.0
 0
VERTEX
 8
WIRE
 10
 11.5000
 20
  5.9000
 30
0.0
 0
VERTEX
 8
WIRE
 10
 11.5000
 20
  5.7000
 30
0.0
 0
SEQEND
 8
WIRE
 0
POLYLINE
 8
WIRE
 66
1
 10
0.0
 20
0.0
 30
0.0
 0
VERTEX
 8
WIRE
 10
 11.1000
 20
  5.9000
 30
0.0
 0
VERTEX
 8
WIRE
 10
 11.5000
 20
  5.9000
 30
0.0
 0
SEQEND
 8
WIRE
 0
POLYLINE
 8
WIRE
 66
1
 10
0.0
 20
0.0
 30
0.0
 0
VERTEX
 8
WIRE
 10
 11.1000
 20
  6.0000
 30
0.0
 0
VERTEX
 8
WIRE
 10
 11.5000
 20
  6.0000
 30
0.0
 0
SEQEND
 8
WIRE
 0
POLYLINE
 8
WIRE
 66
1
 10
0.0
 20
0.0
 30
0.0
 0
VERTEX
 8
WIRE
 10
 11.5000
 20
  6.0000
 30
0.0
 0
VERTEX
 8
WIRE
 10
 11.5000
 20
  5.9000
 30
0.0
 0
SEQEND
 8
WIRE
 0
POLYLINE
 8
WIRE
 66
1
 70
1
 10
0.0
 20
0.0
 30
0.0
 40
  0.0200
 41
  0.0200
 0
VERTEX
 8
WIRE
 10
 11.4900
 20
  5.9000
 30
0.0
 42
1.0
 0
VERTEX
 8
WIRE
 10
 11.5100
 20
  5.9000
 30
0.0
 42
1.0
 0
SEQEND
 8
WIRE
 0
POLYLINE
 8
WIRE
 66
1
 10
0.0
 20
0.0
 30
0.0
 0
VERTEX
 8
WIRE
 10
 22.1000
 20
 16.4000
 30
0.0
 0
VERTEX
 8
WIRE
 10
 22.1000
 20
 16.2000
 30
0.0
 0
SEQEND
 8
WIRE
 0
POLYLINE
 8
WIRE
 66
1
 10
0.0
 20
0.0
 30
0.0
 0
VERTEX
 8
WIRE
 10
 21.7000
 20
 16.4000
 30
0.0
 0
VERTEX
 8
WIRE
 10
 22.1000
 20
 16.4000
 30
0.0
 0
SEQEND
 8
WIRE
 0
POLYLINE
 8
WIRE
 66
1
 10
0.0
 20
0.0
 30
0.0
 0
VERTEX
 8
WIRE
 10
 21.7000
 20
 16.5000
 30
0.0
 0
VERTEX
 8
WIRE
 10
 22.1000
 20
 16.5000
 30
0.0
 0
SEQEND
 8
WIRE
 0
POLYLINE
 8
WIRE
 66
1
 10
0.0
 20
0.0
 30
0.0
 0
VERTEX
 8
WIRE
 10
 22.1000
 20
 16.5000
 30
0.0
 0
VERTEX
 8
WIRE
 10
 22.1000
 20
 16.4000
 30
0.0
 0
SEQEND
 8
WIRE
 0
POLYLINE
 8
WIRE
 66
1
 70
1
 10
0.0
 20
0.0
 30
0.0
 40
  0.0200
 41
  0.0200
 0
VERTEX
 8
WIRE
 10
 22.0900
 20
 16.4000
 30
0.0
 42
1.0
 0
VERTEX
 8
WIRE
 10
 22.1100
 20
 16.4000
 30
0.0
 42
1.0
 0
SEQEND
 8
WIRE
 0
POLYLINE
 8
WIRE
 66
1
 10
0.0
 20
0.0
 30
0.0
 0
VERTEX
 8
WIRE
 10
 22.2000
 20
 11.3000
 30
0.0
 0
VERTEX
 8
WIRE
 10
 22.2000
 20
 11.1000
 30
0.0
 0
SEQEND
 8
WIRE
 0
POLYLINE
 8
WIRE
 66
1
 10
0.0
 20
0.0
 30
0.0
 0
VERTEX
 8
WIRE
 10
 21.8000
 20
 11.3000
 30
0.0
 0
VERTEX
 8
WIRE
 10
 22.2000
 20
 11.3000
 30
0.0
 0
SEQEND
 8
WIRE
 0
POLYLINE
 8
WIRE
 66
1
 10
0.0
 20
0.0
 30
0.0
 0
VERTEX
 8
WIRE
 10
 21.8000
 20
 11.4000
 30
0.0
 0
VERTEX
 8
WIRE
 10
 22.2000
 20
 11.4000
 30
0.0
 0
SEQEND
 8
WIRE
 0
POLYLINE
 8
WIRE
 66
1
 10
0.0
 20
0.0
 30
0.0
 0
VERTEX
 8
WIRE
 10
 22.2000
 20
 11.4000
 30
0.0
 0
VERTEX
 8
WIRE
 10
 22.2000
 20
 11.3000
 30
0.0
 0
SEQEND
 8
WIRE
 0
POLYLINE
 8
WIRE
 66
1
 70
1
 10
0.0
 20
0.0
 30
0.0
 40
  0.0200
 41
  0.0200
 0
VERTEX
 8
WIRE
 10
 22.1900
 20
 11.3000
 30
0.0
 42
1.0
 0
VERTEX
 8
WIRE
 10
 22.2100
 20
 11.3000
 30
0.0
 42
1.0
 0
SEQEND
 8
WIRE
 0
POLYLINE
 8
WIRE
 66
1
 10
0.0
 20
0.0
 30
0.0
 0
VERTEX
 8
WIRE
 10
  3.5000
 20
 17.8000
 30
0.0
 0
VERTEX
 8
WIRE
 10
  3.4000
 20
 17.8000
 30
0.0
 0
SEQEND
 8
WIRE
 0
POLYLINE
 8
WIRE
 66
1
 70
1
 10
0.0
 20
0.0
 30
0.0
 40
  0.0200
 41
  0.0200
 0
VERTEX
 8
WIRE
 10
  3.3900
 20
 17.8000
 30
0.0
 42
1.0
 0
VERTEX
 8
WIRE
 10
  3.4100
 20
 17.8000
 30
0.0
 42
1.0
 0
SEQEND
 8
WIRE
 0
POLYLINE
 8
WIRE
 66
1
 10
0.0
 20
0.0
 30
0.0
 0
VERTEX
 8
WIRE
 10
  1.6000
 20
 17.8000
 30
0.0
 0
VERTEX
 8
WIRE
 10
  1.6000
 20
 17.4000
 30
0.0
 0
SEQEND
 8
WIRE
 0
POLYLINE
 8
WIRE
 66
1
 10
0.0
 20
0.0
 30
0.0
 0
VERTEX
 8
WIRE
 10
  1.6000
 20
 17.4000
 30
0.0
 0
VERTEX
 8
WIRE
 10
  1.3000
 20
 17.4000
 30
0.0
 0
SEQEND
 8
WIRE
 0
POLYLINE
 8
WIRE
 66
1
 10
0.0
 20
0.0
 30
0.0
 0
VERTEX
 8
WIRE
 10
  3.2000
 20
 16.3000
 30
0.0
 0
VERTEX
 8
WIRE
 10
  1.6000
 20
 16.3000
 30
0.0
 0
SEQEND
 8
WIRE
 0
POLYLINE
 8
WIRE
 66
1
 10
0.0
 20
0.0
 30
0.0
 0
VERTEX
 8
WIRE
 10
  1.6000
 20
 16.3000
 30
0.0
 0
VERTEX
 8
WIRE
 10
  1.6000
 20
 16.9000
 30
0.0
 0
SEQEND
 8
WIRE
 0
POLYLINE
 8
WIRE
 66
1
 10
0.0
 20
0.0
 30
0.0
 0
VERTEX
 8
WIRE
 10
  1.6000
 20
 16.9000
 30
0.0
 0
VERTEX
 8
WIRE
 10
  1.3000
 20
 16.9000
 30
0.0
 0
SEQEND
 8
WIRE
 0
POLYLINE
 8
WIRE
 66
1
 10
0.0
 20
0.0
 30
0.0
 0
VERTEX
 8
WIRE
 10
  0.8000
 20
 12.2000
 30
0.0
 0
VERTEX
 8
WIRE
 10
  1.2000
 20
 12.2000
 30
0.0
 0
SEQEND
 8
WIRE
 0
POLYLINE
 8
WIRE
 66
1
 10
0.0
 20
0.0
 30
0.0
 0
VERTEX
 8
WIRE
 10
  1.2000
 20
 12.2000
 30
0.0
 0
VERTEX
 8
WIRE
 10
  1.2000
 20
 12.6000
 30
0.0
 0
SEQEND
 8
WIRE
 0
POLYLINE
 8
WIRE
 66
1
 10
0.0
 20
0.0
 30
0.0
 0
VERTEX
 8
WIRE
 10
  1.2000
 20
 12.6000
 30
0.0
 0
VERTEX
 8
WIRE
 10
  3.6000
 20
 12.6000
 30
0.0
 0
SEQEND
 8
WIRE
 0
POLYLINE
 8
WIRE
 66
1
 10
0.0
 20
0.0
 30
0.0
 0
VERTEX
 8
WIRE
 10
  0.8000
 20
 11.7000
 30
0.0
 0
VERTEX
 8
WIRE
 10
  1.1000
 20
 11.7000
 30
0.0
 0
SEQEND
 8
WIRE
 0
POLYLINE
 8
WIRE
 66
1
 10
0.0
 20
0.0
 30
0.0
 0
VERTEX
 8
WIRE
 10
  1.1000
 20
 11.7000
 30
0.0
 0
VERTEX
 8
WIRE
 10
  1.1000
 20
 11.1000
 30
0.0
 0
SEQEND
 8
WIRE
 0
POLYLINE
 8
WIRE
 66
1
 10
0.0
 20
0.0
 30
0.0
 0
VERTEX
 8
WIRE
 10
  1.1000
 20
 11.1000
 30
0.0
 0
VERTEX
 8
WIRE
 10
  3.4000
 20
 11.1000
 30
0.0
 0
SEQEND
 8
WIRE
 0
POLYLINE
 8
WIRE
 66
1
 10
0.0
 20
0.0
 30
0.0
 0
VERTEX
 8
WIRE
 10
  1.8000
 20
  6.7000
 30
0.0
 0
VERTEX
 8
WIRE
 10
  2.2000
 20
  6.7000
 30
0.0
 0
SEQEND
 8
WIRE
 0
POLYLINE
 8
WIRE
 66
1
 10
0.0
 20
0.0
 30
0.0
 0
VERTEX
 8
WIRE
 10
  2.2000
 20
  6.7000
 30
0.0
 0
VERTEX
 8
WIRE
 10
  2.2000
 20
  7.2000
 30
0.0
 0
SEQEND
 8
WIRE
 0
POLYLINE
 8
WIRE
 66
1
 10
0.0
 20
0.0
 30
0.0
 0
VERTEX
 8
WIRE
 10
  2.2000
 20
  7.2000
 30
0.0
 0
VERTEX
 8
WIRE
 10
  3.7000
 20
  7.2000
 30
0.0
 0
SEQEND
 8
WIRE
 0
POLYLINE
 8
WIRE
 66
1
 10
0.0
 20
0.0
 30
0.0
 0
VERTEX
 8
WIRE
 10
  1.8000
 20
  6.2000
 30
0.0
 0
VERTEX
 8
WIRE
 10
  2.1000
 20
  6.2000
 30
0.0
 0
SEQEND
 8
WIRE
 0
POLYLINE
 8
WIRE
 66
1
 10
0.0
 20
0.0
 30
0.0
 0
VERTEX
 8
WIRE
 10
  2.1000
 20
  6.2000
 30
0.0
 0
VERTEX
 8
WIRE
 10
  2.1000
 20
  5.7000
 30
0.0
 0
SEQEND
 8
WIRE
 0
POLYLINE
 8
WIRE
 66
1
 10
0.0
 20
0.0
 30
0.0
 0
VERTEX
 8
WIRE
 10
  2.1000
 20
  5.7000
 30
0.0
 0
VERTEX
 8
WIRE
 10
  3.5000
 20
  5.7000
 30
0.0
 0
SEQEND
 8
WIRE
 0
POLYLINE
 8
WIRE
 66
1
 10
0.0
 20
0.0
 30
0.0
 0
VERTEX
 8
WIRE
 10
 10.8000
 20
 17.1000
 30
0.0
 0
VERTEX
 8
WIRE
 10
 11.2000
 20
 17.1000
 30
0.0
 0
SEQEND
 8
WIRE
 0
POLYLINE
 8
WIRE
 66
1
 10
0.0
 20
0.0
 30
0.0
 0
VERTEX
 8
WIRE
 10
 11.2000
 20
 17.1000
 30
0.0
 0
VERTEX
 8
WIRE
 10
 11.2000
 20
 17.6000
 30
0.0
 0
SEQEND
 8
WIRE
 0
POLYLINE
 8
WIRE
 66
1
 10
0.0
 20
0.0
 30
0.0
 0
VERTEX
 8
WIRE
 10
 11.2000
 20
 17.6000
 30
0.0
 0
VERTEX
 8
WIRE
 10
 12.6000
 20
 17.6000
 30
0.0
 0
SEQEND
 8
WIRE
 0
POLYLINE
 8
WIRE
 66
1
 10
0.0
 20
0.0
 30
0.0
 0
VERTEX
 8
WIRE
 10
 10.8000
 20
 16.6000
 30
0.0
 0
VERTEX
 8
WIRE
 10
 11.0000
 20
 16.6000
 30
0.0
 0
SEQEND
 8
WIRE
 0
POLYLINE
 8
WIRE
 66
1
 10
0.0
 20
0.0
 30
0.0
 0
VERTEX
 8
WIRE
 10
 11.0000
 20
 16.6000
 30
0.0
 0
VERTEX
 8
WIRE
 10
 11.0000
 20
 16.1000
 30
0.0
 0
SEQEND
 8
WIRE
 0
POLYLINE
 8
WIRE
 66
1
 10
0.0
 20
0.0
 30
0.0
 0
VERTEX
 8
WIRE
 10
 11.0000
 20
 16.1000
 30
0.0
 0
VERTEX
 8
WIRE
 10
 12.4000
 20
 16.1000
 30
0.0
 0
SEQEND
 8
WIRE
 0
POLYLINE
 8
WIRE
 66
1
 10
0.0
 20
0.0
 30
0.0
 0
VERTEX
 8
WIRE
 10
 10.8000
 20
 11.8000
 30
0.0
 0
VERTEX
 8
WIRE
 10
 11.2000
 20
 11.8000
 30
0.0
 0
SEQEND
 8
WIRE
 0
POLYLINE
 8
WIRE
 66
1
 10
0.0
 20
0.0
 30
0.0
 0
VERTEX
 8
WIRE
 10
 11.2000
 20
 11.8000
 30
0.0
 0
VERTEX
 8
WIRE
 10
 11.2000
 20
 12.3000
 30
0.0
 0
SEQEND
 8
WIRE
 0
POLYLINE
 8
WIRE
 66
1
 10
0.0
 20
0.0
 30
0.0
 0
VERTEX
 8
WIRE
 10
 11.2000
 20
 12.3000
 30
0.0
 0
VERTEX
 8
WIRE
 10
 12.7000
 20
 12.3000
 30
0.0
 0
SEQEND
 8
WIRE
 0
POLYLINE
 8
WIRE
 66
1
 10
0.0
 20
0.0
 30
0.0
 0
VERTEX
 8
WIRE
 10
 10.8000
 20
 11.3000
 30
0.0
 0
VERTEX
 8
WIRE
 10
 11.0000
 20
 11.3000
 30
0.0
 0
SEQEND
 8
WIRE
 0
POLYLINE
 8
WIRE
 66
1
 10
0.0
 20
0.0
 30
0.0
 0
VERTEX
 8
WIRE
 10
 11.0000
 20
 11.3000
 30
0.0
 0
VERTEX
 8
WIRE
 10
 11.0000
 20
 10.8000
 30
0.0
 0
SEQEND
 8
WIRE
 0
POLYLINE
 8
WIRE
 66
1
 10
0.0
 20
0.0
 30
0.0
 0
VERTEX
 8
WIRE
 10
 11.0000
 20
 10.8000
 30
0.0
 0
VERTEX
 8
WIRE
 10
 12.5000
 20
 10.8000
 30
0.0
 0
SEQEND
 8
WIRE
 0
POLYLINE
 8
WIRE
 66
1
 10
0.0
 20
0.0
 30
0.0
 0
VERTEX
 8
WIRE
 10
 10.9000
 20
  6.2000
 30
0.0
 0
VERTEX
 8
WIRE
 10
 11.3000
 20
  6.2000
 30
0.0
 0
SEQEND
 8
WIRE
 0
POLYLINE
 8
WIRE
 66
1
 10
0.0
 20
0.0
 30
0.0
 0
VERTEX
 8
WIRE
 10
 11.3000
 20
  6.2000
 30
0.0
 0
VERTEX
 8
WIRE
 10
 11.3000
 20
  6.7000
 30
0.0
 0
SEQEND
 8
WIRE
 0
POLYLINE
 8
WIRE
 66
1
 10
0.0
 20
0.0
 30
0.0
 0
VERTEX
 8
WIRE
 10
 11.3000
 20
  6.7000
 30
0.0
 0
VERTEX
 8
WIRE
 10
 12.9000
 20
  6.7000
 30
0.0
 0
SEQEND
 8
WIRE
 0
POLYLINE
 8
WIRE
 66
1
 10
0.0
 20
0.0
 30
0.0
 0
VERTEX
 8
WIRE
 10
 10.9000
 20
  5.7000
 30
0.0
 0
VERTEX
 8
WIRE
 10
 11.1000
 20
  5.7000
 30
0.0
 0
SEQEND
 8
WIRE
 0
POLYLINE
 8
WIRE
 66
1
 10
0.0
 20
0.0
 30
0.0
 0
VERTEX
 8
WIRE
 10
 11.1000
 20
  5.7000
 30
0.0
 0
VERTEX
 8
WIRE
 10
 11.1000
 20
  5.2000
 30
0.0
 0
SEQEND
 8
WIRE
 0
POLYLINE
 8
WIRE
 66
1
 10
0.0
 20
0.0
 30
0.0
 0
VERTEX
 8
WIRE
 10
 11.1000
 20
  5.2000
 30
0.0
 0
VERTEX
 8
WIRE
 10
 12.7000
 20
  5.2000
 30
0.0
 0
SEQEND
 8
WIRE
 0
POLYLINE
 8
WIRE
 66
1
 10
0.0
 20
0.0
 30
0.0
 0
VERTEX
 8
WIRE
 10
 21.5000
 20
 16.7000
 30
0.0
 0
VERTEX
 8
WIRE
 10
 21.9000
 20
 16.7000
 30
0.0
 0
SEQEND
 8
WIRE
 0
POLYLINE
 8
WIRE
 66
1
 10
0.0
 20
0.0
 30
0.0
 0
VERTEX
 8
WIRE
 10
 21.9000
 20
 16.7000
 30
0.0
 0
VERTEX
 8
WIRE
 10
 21.9000
 20
 17.2000
 30
0.0
 0
SEQEND
 8
WIRE
 0
POLYLINE
 8
WIRE
 66
1
 10
0.0
 20
0.0
 30
0.0
 0
VERTEX
 8
WIRE
 10
 21.9000
 20
 17.2000
 30
0.0
 0
VERTEX
 8
WIRE
 10
 23.1000
 20
 17.2000
 30
0.0
 0
SEQEND
 8
WIRE
 0
POLYLINE
 8
WIRE
 66
1
 10
0.0
 20
0.0
 30
0.0
 0
VERTEX
 8
WIRE
 10
 21.5000
 20
 16.2000
 30
0.0
 0
VERTEX
 8
WIRE
 10
 21.8000
 20
 16.2000
 30
0.0
 0
SEQEND
 8
WIRE
 0
POLYLINE
 8
WIRE
 66
1
 10
0.0
 20
0.0
 30
0.0
 0
VERTEX
 8
WIRE
 10
 21.8000
 20
 16.2000
 30
0.0
 0
VERTEX
 8
WIRE
 10
 21.8000
 20
 15.7000
 30
0.0
 0
SEQEND
 8
WIRE
 0
POLYLINE
 8
WIRE
 66
1
 10
0.0
 20
0.0
 30
0.0
 0
VERTEX
 8
WIRE
 10
 21.8000
 20
 15.7000
 30
0.0
 0
VERTEX
 8
WIRE
 10
 22.9000
 20
 15.7000
 30
0.0
 0
SEQEND
 8
WIRE
 0
POLYLINE
 8
WIRE
 66
1
 10
0.0
 20
0.0
 30
0.0
 0
VERTEX
 8
WIRE
 10
 21.6000
 20
 11.6000
 30
0.0
 0
VERTEX
 8
WIRE
 10
 21.9000
 20
 11.6000
 30
0.0
 0
SEQEND
 8
WIRE
 0
POLYLINE
 8
WIRE
 66
1
 10
0.0
 20
0.0
 30
0.0
 0
VERTEX
 8
WIRE
 10
 21.9000
 20
 11.6000
 30
0.0
 0
VERTEX
 8
WIRE
 10
 21.9000
 20
 12.1000
 30
0.0
 0
SEQEND
 8
WIRE
 0
POLYLINE
 8
WIRE
 66
1
 10
0.0
 20
0.0
 30
0.0
 0
VERTEX
 8
WIRE
 10
 21.9000
 20
 12.1000
 30
0.0
 0
VERTEX
 8
WIRE
 10
 23.1000
 20
 12.1000
 30
0.0
 0
SEQEND
 8
WIRE
 0
POLYLINE
 8
WIRE
 66
1
 10
0.0
 20
0.0
 30
0.0
 0
VERTEX
 8
WIRE
 10
 21.6000
 20
 11.1000
 30
0.0
 0
VERTEX
 8
WIRE
 10
 21.9000
 20
 11.1000
 30
0.0
 0
SEQEND
 8
WIRE
 0
POLYLINE
 8
WIRE
 66
1
 10
0.0
 20
0.0
 30
0.0
 0
VERTEX
 8
WIRE
 10
 21.9000
 20
 11.1000
 30
0.0
 0
VERTEX
 8
WIRE
 10
 21.9000
 20
 10.6000
 30
0.0
 0
SEQEND
 8
WIRE
 0
POLYLINE
 8
WIRE
 66
1
 10
0.0
 20
0.0
 30
0.0
 0
VERTEX
 8
WIRE
 10
 21.9000
 20
 10.6000
 30
0.0
 0
VERTEX
 8
WIRE
 10
 22.9000
 20
 10.6000
 30
0.0
 0
SEQEND
 8
WIRE
 0
POLYLINE
 8
WIRE
 66
1
 10
0.0
 20
0.0
 30
0.0
 0
VERTEX
 8
WIRE
 10
 29.8000
 20
  3.6000
 30
0.0
 0
VERTEX
 8
WIRE
 10
 28.9000
 20
  3.6000
 30
0.0
 0
SEQEND
 8
WIRE
 0
POLYLINE
 8
WIRE
 66
1
 10
0.0
 20
0.0
 30
0.0
 0
VERTEX
 8
WIRE
 10
 28.9000
 20
  3.6000
 30
0.0
 0
VERTEX
 8
WIRE
 10
 28.9000
 20
  4.2000
 30
0.0
 0
SEQEND
 8
WIRE
 0
POLYLINE
 8
WIRE
 66
1
 10
0.0
 20
0.0
 30
0.0
 0
VERTEX
 8
WIRE
 10
 28.9000
 20
  4.2000
 30
0.0
 0
VERTEX
 8
WIRE
 10
 28.0000
 20
  4.2000
 30
0.0
 0
SEQEND
 8
WIRE
 0
POLYLINE
 8
WIRE
 66
1
 70
1
 10
0.0
 20
0.0
 30
0.0
 40
  0.0200
 41
  0.0200
 0
VERTEX
 8
WIRE
 10
 27.9900
 20
  4.2000
 30
0.0
 42
1.0
 0
VERTEX
 8
WIRE
 10
 28.0100
 20
  4.2000
 30
0.0
 42
1.0
 0
SEQEND
 8
WIRE
 0
POLYLINE
 8
WIRE
 66
1
 10
0.0
 20
0.0
 30
0.0
 0
VERTEX
 8
WIRE
 10
 28.0000
 20
  4.2000
 30
0.0
 0
VERTEX
 8
WIRE
 10
 28.0000
 20
  4.4000
 30
0.0
 0
SEQEND
 8
WIRE
 0
POLYLINE
 8
WIRE
 66
1
 10
0.0
 20
0.0
 30
0.0
 0
VERTEX
 8
WIRE
 10
 29.8000
 20
  3.5000
 30
0.0
 0
VERTEX
 8
WIRE
 10
 28.9000
 20
  3.5000
 30
0.0
 0
SEQEND
 8
WIRE
 0
POLYLINE
 8
WIRE
 66
1
 10
0.0
 20
0.0
 30
0.0
 0
VERTEX
 8
WIRE
 10
 28.9000
 20
  3.5000
 30
0.0
 0
VERTEX
 8
WIRE
 10
 28.9000
 20
  2.9000
 30
0.0
 0
SEQEND
 8
WIRE
 0
POLYLINE
 8
WIRE
 66
1
 10
0.0
 20
0.0
 30
0.0
 0
VERTEX
 8
WIRE
 10
 28.9000
 20
  2.9000
 30
0.0
 0
VERTEX
 8
WIRE
 10
 28.0000
 20
  2.9000
 30
0.0
 0
SEQEND
 8
WIRE
 0
POLYLINE
 8
WIRE
 66
1
 70
1
 10
0.0
 20
0.0
 30
0.0
 40
  0.0200
 41
  0.0200
 0
VERTEX
 8
WIRE
 10
 27.9900
 20
  2.9000
 30
0.0
 42
1.0
 0
VERTEX
 8
WIRE
 10
 28.0100
 20
  2.9000
 30
0.0
 42
1.0
 0
SEQEND
 8
WIRE
 0
POLYLINE
 8
WIRE
 66
1
 10
0.0
 20
0.0
 30
0.0
 0
VERTEX
 8
WIRE
 10
 28.0000
 20
  2.9000
 30
0.0
 0
VERTEX
 8
WIRE
 10
 28.0000
 20
  2.7000
 30
0.0
 0
SEQEND
 8
WIRE
 0
POLYLINE
 8
WIRE
 66
1
 10
0.0
 20
0.0
 30
0.0
 0
VERTEX
 8
WIRE
 10
 26.6000
 20
  3.9000
 30
0.0
 0
VERTEX
 8
WIRE
 10
 26.6000
 20
  3.6000
 30
0.0
 0
SEQEND
 8
WIRE
 0
POLYLINE
 8
WIRE
 66
1
 10
0.0
 20
0.0
 30
0.0
 0
VERTEX
 8
WIRE
 10
 16.1000
 20
 18.7000
 30
0.0
 0
VERTEX
 8
WIRE
 10
 15.3000
 20
 18.7000
 30
0.0
 0
SEQEND
 8
WIRE
 0
POLYLINE
 8
WIRE
 66
1
 70
1
 10
0.0
 20
0.0
 30
0.0
 40
  0.0200
 41
  0.0200
 0
VERTEX
 8
WIRE
 10
 15.2900
 20
 18.7000
 30
0.0
 42
1.0
 0
VERTEX
 8
WIRE
 10
 15.3100
 20
 18.7000
 30
0.0
 42
1.0
 0
SEQEND
 8
WIRE
 0
POLYLINE
 8
WIRE
 66
1
 10
0.0
 20
0.0
 30
0.0
 0
VERTEX
 8
WIRE
 10
 15.3000
 20
 18.7000
 30
0.0
 0
VERTEX
 8
WIRE
 10
 14.9000
 20
 18.7000
 30
0.0
 0
SEQEND
 8
WIRE
 0
POLYLINE
 8
WIRE
 66
1
 10
0.0
 20
0.0
 30
0.0
 0
VERTEX
 8
WIRE
 10
  3.4000
 20
 17.8000
 30
0.0
 0
VERTEX
 8
WIRE
 10
  3.4000
 20
 17.9000
 30
0.0
 0
SEQEND
 8
WIRE
 0
POLYLINE
 8
WIRE
 66
1
 10
0.0
 20
0.0
 30
0.0
 0
VERTEX
 8
WIRE
 10
  4.1000
 20
 17.2000
 30
0.0
 0
VERTEX
 8
WIRE
 10
  4.1000
 20
 17.8000
 30
0.0
 0
SEQEND
 8
WIRE
 0
POLYLINE
 8
WIRE
 66
1
 70
1
 10
0.0
 20
0.0
 30
0.0
 40
  0.0200
 41
  0.0200
 0
VERTEX
 8
WIRE
 10
  4.0900
 20
 17.8000
 30
0.0
 42
1.0
 0
VERTEX
 8
WIRE
 10
  4.1100
 20
 17.8000
 30
0.0
 42
1.0
 0
SEQEND
 8
WIRE
 0
POLYLINE
 8
WIRE
 66
1
 10
0.0
 20
0.0
 30
0.0
 0
VERTEX
 8
WIRE
 10
  3.4000
 20
 17.8000
 30
0.0
 0
VERTEX
 8
WIRE
 10
  1.6000
 20
 17.8000
 30
0.0
 0
SEQEND
 8
WIRE
 0
POLYLINE
 8
WIRE
 66
1
 10
0.0
 20
0.0
 30
0.0
 0
VERTEX
 8
WIRE
 10
  4.1000
 20
 17.8000
 30
0.0
 0
VERTEX
 8
WIRE
 10
  4.1000
 20
 17.9000
 30
0.0
 0
SEQEND
 8
WIRE
 0
POLYLINE
 8
WIRE
 66
1
 10
0.0
 20
0.0
 30
0.0
 0
VERTEX
 8
WIRE
 10
  4.1000
 20
 17.8000
 30
0.0
 0
VERTEX
 8
WIRE
 10
  4.0000
 20
 17.8000
 30
0.0
 0
SEQEND
 8
WIRE
 0
POLYLINE
 8
WIRE
 66
1
 10
0.0
 20
0.0
 30
0.0
 0
VERTEX
 8
WIRE
 10
 15.3000
 20
 11.3000
 30
0.0
 0
VERTEX
 8
WIRE
 10
 15.5000
 20
 11.3000
 30
0.0
 0
SEQEND
 8
WIRE
 0
POLYLINE
 8
WIRE
 66
1
 10
0.0
 20
0.0
 30
0.0
 0
VERTEX
 8
WIRE
 10
 15.3000
 20
 11.8000
 30
0.0
 0
VERTEX
 8
WIRE
 10
 15.5000
 20
 11.8000
 30
0.0
 0
SEQEND
 8
WIRE
 0
POLYLINE
 8
WIRE
 66
1
 10
0.0
 20
0.0
 30
0.0
 0
VERTEX
 8
WIRE
 10
 25.2000
 20
 16.7000
 30
0.0
 0
VERTEX
 8
WIRE
 10
 25.2000
 20
 16.8000
 30
0.0
 0
SEQEND
 8
WIRE
 0
POLYLINE
 8
WIRE
 66
1
 70
1
 10
0.0
 20
0.0
 30
0.0
 40
  0.0200
 41
  0.0200
 0
VERTEX
 8
WIRE
 10
 25.1900
 20
 16.8000
 30
0.0
 42
1.0
 0
VERTEX
 8
WIRE
 10
 25.2100
 20
 16.8000
 30
0.0
 42
1.0
 0
SEQEND
 8
WIRE
 0
POLYLINE
 8
WIRE
 66
1
 10
0.0
 20
0.0
 30
0.0
 0
VERTEX
 8
WIRE
 10
  5.6000
 20
 12.2000
 30
0.0
 0
VERTEX
 8
WIRE
 10
  5.7000
 20
 12.2000
 30
0.0
 0
SEQEND
 8
WIRE
 0
POLYLINE
 8
WIRE
 66
1
 10
0.0
 20
0.0
 30
0.0
 0
VERTEX
 8
WIRE
 10
 15.0000
 20
  6.7000
 30
0.0
 0
VERTEX
 8
WIRE
 10
 14.1000
 20
  6.7000
 30
0.0
 0
SEQEND
 8
WIRE
 0
POLYLINE
 8
WIRE
 66
1
 70
1
 10
0.0
 20
0.0
 30
0.0
 40
  0.0200
 41
  0.0200
 0
VERTEX
 8
WIRE
 10
 14.0900
 20
  6.7000
 30
0.0
 42
1.0
 0
VERTEX
 8
WIRE
 10
 14.1100
 20
  6.7000
 30
0.0
 42
1.0
 0
SEQEND
 8
WIRE
 0
POLYLINE
 8
WIRE
 66
1
 10
0.0
 20
0.0
 30
0.0
 0
VERTEX
 8
WIRE
 10
  5.8000
 20
  7.2000
 30
0.0
 0
VERTEX
 8
WIRE
 10
  4.9000
 20
  7.2000
 30
0.0
 0
SEQEND
 8
WIRE
 0
POLYLINE
 8
WIRE
 66
1
 70
1
 10
0.0
 20
0.0
 30
0.0
 40
  0.0200
 41
  0.0200
 0
VERTEX
 8
WIRE
 10
  4.8900
 20
  7.2000
 30
0.0
 42
1.0
 0
VERTEX
 8
WIRE
 10
  4.9100
 20
  7.2000
 30
0.0
 42
1.0
 0
SEQEND
 8
WIRE
 0
POLYLINE
 8
WIRE
 66
1
 10
0.0
 20
0.0
 30
0.0
 0
VERTEX
 8
WIRE
 10
  4.9000
 20
  7.2000
 30
0.0
 0
VERTEX
 8
WIRE
 10
  4.4000
 20
  7.2000
 30
0.0
 0
SEQEND
 8
WIRE
 0
POLYLINE
 8
WIRE
 66
1
 10
0.0
 20
0.0
 30
0.0
 0
VERTEX
 8
WIRE
 10
 23.8000
 20
 12.1000
 30
0.0
 0
VERTEX
 8
WIRE
 10
 23.7000
 20
 12.1000
 30
0.0
 0
SEQEND
 8
WIRE
 0
POLYLINE
 8
WIRE
 66
1
 10
0.0
 20
0.0
 30
0.0
 0
VERTEX
 8
WIRE
 10
 23.8000
 20
 17.1000
 30
0.0
 0
VERTEX
 8
WIRE
 10
 23.8000
 20
 17.2000
 30
0.0
 0
SEQEND
 8
WIRE
 0
POLYLINE
 8
WIRE
 66
1
 70
1
 10
0.0
 20
0.0
 30
0.0
 40
  0.0200
 41
  0.0200
 0
VERTEX
 8
WIRE
 10
 23.7900
 20
 17.2000
 30
0.0
 42
1.0
 0
VERTEX
 8
WIRE
 10
 23.8100
 20
 17.2000
 30
0.0
 42
1.0
 0
SEQEND
 8
WIRE
 0
POLYLINE
 8
WIRE
 66
1
 10
0.0
 20
0.0
 30
0.0
 0
VERTEX
 8
WIRE
 10
 15.0000
 20
  6.2000
 30
0.0
 0
VERTEX
 8
WIRE
 10
 15.0000
 20
  6.3000
 30
0.0
 0
SEQEND
 8
WIRE
 0
POLYLINE
 8
WIRE
 66
1
 70
1
 10
0.0
 20
0.0
 30
0.0
 40
  0.0200
 41
  0.0200
 0
VERTEX
 8
WIRE
 10
 14.9900
 20
  6.3000
 30
0.0
 42
1.0
 0
VERTEX
 8
WIRE
 10
 15.0100
 20
  6.3000
 30
0.0
 42
1.0
 0
SEQEND
 8
WIRE
 0
POLYLINE
 8
WIRE
 66
1
 10
0.0
 20
0.0
 30
0.0
 0
VERTEX
 8
WIRE
 10
 13.6000
 20
  6.7000
 30
0.0
 0
VERTEX
 8
WIRE
 10
 13.5000
 20
  6.7000
 30
0.0
 0
SEQEND
 8
WIRE
 0
POLYLINE
 8
WIRE
 66
1
 10
0.0
 20
0.0
 30
0.0
 0
VERTEX
 8
WIRE
 10
  4.3000
 20
 12.5000
 30
0.0
 0
VERTEX
 8
WIRE
 10
  4.3000
 20
 12.6000
 30
0.0
 0
SEQEND
 8
WIRE
 0
POLYLINE
 8
WIRE
 66
1
 70
1
 10
0.0
 20
0.0
 30
0.0
 40
  0.0200
 41
  0.0200
 0
VERTEX
 8
WIRE
 10
  4.2900
 20
 12.6000
 30
0.0
 42
1.0
 0
VERTEX
 8
WIRE
 10
  4.3100
 20
 12.6000
 30
0.0
 42
1.0
 0
SEQEND
 8
WIRE
 0
POLYLINE
 8
WIRE
 66
1
 10
0.0
 20
0.0
 30
0.0
 0
VERTEX
 8
WIRE
 10
  4.4000
 20
  7.1000
 30
0.0
 0
VERTEX
 8
WIRE
 10
  4.4000
 20
  7.2000
 30
0.0
 0
SEQEND
 8
WIRE
 0
POLYLINE
 8
WIRE
 66
1
 70
1
 10
0.0
 20
0.0
 30
0.0
 40
  0.0200
 41
  0.0200
 0
VERTEX
 8
WIRE
 10
  4.3900
 20
  7.2000
 30
0.0
 42
1.0
 0
VERTEX
 8
WIRE
 10
  4.4100
 20
  7.2000
 30
0.0
 42
1.0
 0
SEQEND
 8
WIRE
 0
POLYLINE
 8
WIRE
 66
1
 10
0.0
 20
0.0
 30
0.0
 0
VERTEX
 8
WIRE
 10
  5.7000
 20
 12.2000
 30
0.0
 0
VERTEX
 8
WIRE
 10
  5.7000
 20
 12.6000
 30
0.0
 0
SEQEND
 8
WIRE
 0
POLYLINE
 8
WIRE
 66
1
 10
0.0
 20
0.0
 30
0.0
 0
VERTEX
 8
WIRE
 10
 15.5000
 20
 12.3000
 30
0.0
 0
VERTEX
 8
WIRE
 10
 14.8000
 20
 12.3000
 30
0.0
 0
SEQEND
 8
WIRE
 0
POLYLINE
 8
WIRE
 66
1
 70
1
 10
0.0
 20
0.0
 30
0.0
 40
  0.0200
 41
  0.0200
 0
VERTEX
 8
WIRE
 10
 14.7900
 20
 12.3000
 30
0.0
 42
1.0
 0
VERTEX
 8
WIRE
 10
 14.8100
 20
 12.3000
 30
0.0
 42
1.0
 0
SEQEND
 8
WIRE
 0
POLYLINE
 8
WIRE
 66
1
 10
0.0
 20
0.0
 30
0.0
 0
VERTEX
 8
WIRE
 10
 14.6000
 20
 17.2000
 30
0.0
 0
VERTEX
 8
WIRE
 10
 14.7000
 20
 17.2000
 30
0.0
 0
SEQEND
 8
WIRE
 0
POLYLINE
 8
WIRE
 66
1
 10
0.0
 20
0.0
 30
0.0
 0
VERTEX
 8
WIRE
 10
 14.7000
 20
 17.2000
 30
0.0
 0
VERTEX
 8
WIRE
 10
 14.7000
 20
 17.6000
 30
0.0
 0
SEQEND
 8
WIRE
 0
POLYLINE
 8
WIRE
 66
1
 10
0.0
 20
0.0
 30
0.0
 0
VERTEX
 8
WIRE
 10
  4.8000
 20
 12.6000
 30
0.0
 0
VERTEX
 8
WIRE
 10
  4.3000
 20
 12.6000
 30
0.0
 0
SEQEND
 8
WIRE
 0
POLYLINE
 8
WIRE
 66
1
 10
0.0
 20
0.0
 30
0.0
 0
VERTEX
 8
WIRE
 10
  4.8000
 20
 12.5000
 30
0.0
 0
VERTEX
 8
WIRE
 10
  4.8000
 20
 12.6000
 30
0.0
 0
SEQEND
 8
WIRE
 0
POLYLINE
 8
WIRE
 66
1
 10
0.0
 20
0.0
 30
0.0
 0
VERTEX
 8
WIRE
 10
 14.7000
 20
 11.9000
 30
0.0
 0
VERTEX
 8
WIRE
 10
 14.8000
 20
 11.9000
 30
0.0
 0
SEQEND
 8
WIRE
 0
POLYLINE
 8
WIRE
 66
1
 10
0.0
 20
0.0
 30
0.0
 0
VERTEX
 8
WIRE
 10
 13.3000
 20
 17.5000
 30
0.0
 0
VERTEX
 8
WIRE
 10
 13.3000
 20
 17.6000
 30
0.0
 0
SEQEND
 8
WIRE
 0
POLYLINE
 8
WIRE
 66
1
 70
1
 10
0.0
 20
0.0
 30
0.0
 40
  0.0200
 41
  0.0200
 0
VERTEX
 8
WIRE
 10
 13.2900
 20
 17.6000
 30
0.0
 42
1.0
 0
VERTEX
 8
WIRE
 10
 13.3100
 20
 17.6000
 30
0.0
 42
1.0
 0
SEQEND
 8
WIRE
 0
POLYLINE
 8
WIRE
 66
1
 10
0.0
 20
0.0
 30
0.0
 0
VERTEX
 8
WIRE
 10
 14.7000
 20
 17.1000
 30
0.0
 0
VERTEX
 8
WIRE
 10
 14.7000
 20
 17.2000
 30
0.0
 0
SEQEND
 8
WIRE
 0
POLYLINE
 8
WIRE
 66
1
 70
1
 10
0.0
 20
0.0
 30
0.0
 40
  0.0200
 41
  0.0200
 0
VERTEX
 8
WIRE
 10
 14.6900
 20
 17.2000
 30
0.0
 42
1.0
 0
VERTEX
 8
WIRE
 10
 14.7100
 20
 17.2000
 30
0.0
 42
1.0
 0
SEQEND
 8
WIRE
 0
POLYLINE
 8
WIRE
 66
1
 10
0.0
 20
0.0
 30
0.0
 0
VERTEX
 8
WIRE
 10
 13.6000
 20
  6.6000
 30
0.0
 0
VERTEX
 8
WIRE
 10
 13.6000
 20
  6.7000
 30
0.0
 0
SEQEND
 8
WIRE
 0
POLYLINE
 8
WIRE
 66
1
 70
1
 10
0.0
 20
0.0
 30
0.0
 40
  0.0200
 41
  0.0200
 0
VERTEX
 8
WIRE
 10
 13.5900
 20
  6.7000
 30
0.0
 42
1.0
 0
VERTEX
 8
WIRE
 10
 13.6100
 20
  6.7000
 30
0.0
 42
1.0
 0
SEQEND
 8
WIRE
 0
POLYLINE
 8
WIRE
 66
1
 10
0.0
 20
0.0
 30
0.0
 0
VERTEX
 8
WIRE
 10
  6.5000
 20
  7.2000
 30
0.0
 0
VERTEX
 8
WIRE
 10
  5.8000
 20
  7.2000
 30
0.0
 0
SEQEND
 8
WIRE
 0
POLYLINE
 8
WIRE
 66
1
 70
1
 10
0.0
 20
0.0
 30
0.0
 40
  0.0200
 41
  0.0200
 0
VERTEX
 8
WIRE
 10
  5.7900
 20
  7.2000
 30
0.0
 42
1.0
 0
VERTEX
 8
WIRE
 10
  5.8100
 20
  7.2000
 30
0.0
 42
1.0
 0
SEQEND
 8
WIRE
 0
POLYLINE
 8
WIRE
 66
1
 10
0.0
 20
0.0
 30
0.0
 0
VERTEX
 8
WIRE
 10
 25.9000
 20
 12.1000
 30
0.0
 0
VERTEX
 8
WIRE
 10
 25.2000
 20
 12.1000
 30
0.0
 0
SEQEND
 8
WIRE
 0
POLYLINE
 8
WIRE
 66
1
 70
1
 10
0.0
 20
0.0
 30
0.0
 40
  0.0200
 41
  0.0200
 0
VERTEX
 8
WIRE
 10
 25.1900
 20
 12.1000
 30
0.0
 42
1.0
 0
VERTEX
 8
WIRE
 10
 25.2100
 20
 12.1000
 30
0.0
 42
1.0
 0
SEQEND
 8
WIRE
 0
POLYLINE
 8
WIRE
 66
1
 10
0.0
 20
0.0
 30
0.0
 0
VERTEX
 8
WIRE
 10
 13.4000
 20
 11.7000
 30
0.0
 0
VERTEX
 8
WIRE
 10
 13.4000
 20
 12.2000
 30
0.0
 0
SEQEND
 8
WIRE
 0
POLYLINE
 8
WIRE
 66
1
 70
1
 10
0.0
 20
0.0
 30
0.0
 40
  0.0200
 41
  0.0200
 0
VERTEX
 8
WIRE
 10
 13.3900
 20
 12.2000
 30
0.0
 42
1.0
 0
VERTEX
 8
WIRE
 10
 13.4100
 20
 12.2000
 30
0.0
 42
1.0
 0
SEQEND
 8
WIRE
 0
POLYLINE
 8
WIRE
 66
1
 10
0.0
 20
0.0
 30
0.0
 0
VERTEX
 8
WIRE
 10
 13.5000
 20
  6.6000
 30
0.0
 0
VERTEX
 8
WIRE
 10
 13.6000
 20
  6.6000
 30
0.0
 0
SEQEND
 8
WIRE
 0
POLYLINE
 8
WIRE
 66
1
 10
0.0
 20
0.0
 30
0.0
 0
VERTEX
 8
WIRE
 10
  5.8000
 20
  6.8000
 30
0.0
 0
VERTEX
 8
WIRE
 10
  5.8000
 20
  7.2000
 30
0.0
 0
SEQEND
 8
WIRE
 0
POLYLINE
 8
WIRE
 66
1
 10
0.0
 20
0.0
 30
0.0
 0
VERTEX
 8
WIRE
 10
 13.9000
 20
 12.2000
 30
0.0
 0
VERTEX
 8
WIRE
 10
 13.9000
 20
 12.3000
 30
0.0
 0
SEQEND
 8
WIRE
 0
POLYLINE
 8
WIRE
 66
1
 10
0.0
 20
0.0
 30
0.0
 0
VERTEX
 8
WIRE
 10
 14.7000
 20
 17.6000
 30
0.0
 0
VERTEX
 8
WIRE
 10
 13.8000
 20
 17.6000
 30
0.0
 0
SEQEND
 8
WIRE
 0
POLYLINE
 8
WIRE
 66
1
 70
1
 10
0.0
 20
0.0
 30
0.0
 40
  0.0200
 41
  0.0200
 0
VERTEX
 8
WIRE
 10
 13.7900
 20
 17.6000
 30
0.0
 42
1.0
 0
VERTEX
 8
WIRE
 10
 13.8100
 20
 17.6000
 30
0.0
 42
1.0
 0
SEQEND
 8
WIRE
 0
POLYLINE
 8
WIRE
 66
1
 10
0.0
 20
0.0
 30
0.0
 0
VERTEX
 8
WIRE
 10
  5.7000
 20
  6.8000
 30
0.0
 0
VERTEX
 8
WIRE
 10
  5.8000
 20
  6.8000
 30
0.0
 0
SEQEND
 8
WIRE
 0
POLYLINE
 8
WIRE
 66
1
 10
0.0
 20
0.0
 30
0.0
 0
VERTEX
 8
WIRE
 10
 13.3000
 20
 12.2000
 30
0.0
 0
VERTEX
 8
WIRE
 10
 13.4000
 20
 12.2000
 30
0.0
 0
SEQEND
 8
WIRE
 0
POLYLINE
 8
WIRE
 66
1
 10
0.0
 20
0.0
 30
0.0
 0
VERTEX
 8
WIRE
 10
 13.3000
 20
 17.0000
 30
0.0
 0
VERTEX
 8
WIRE
 10
 13.3000
 20
 17.5000
 30
0.0
 0
SEQEND
 8
WIRE
 0
POLYLINE
 8
WIRE
 66
1
 70
1
 10
0.0
 20
0.0
 30
0.0
 40
  0.0200
 41
  0.0200
 0
VERTEX
 8
WIRE
 10
 13.2900
 20
 17.5000
 30
0.0
 42
1.0
 0
VERTEX
 8
WIRE
 10
 13.3100
 20
 17.5000
 30
0.0
 42
1.0
 0
SEQEND
 8
WIRE
 0
POLYLINE
 8
WIRE
 66
1
 10
0.0
 20
0.0
 30
0.0
 0
VERTEX
 8
WIRE
 10
  4.4000
 20
  6.6000
 30
0.0
 0
VERTEX
 8
WIRE
 10
  4.4000
 20
  7.1000
 30
0.0
 0
SEQEND
 8
WIRE
 0
POLYLINE
 8
WIRE
 66
1
 70
1
 10
0.0
 20
0.0
 30
0.0
 40
  0.0200
 41
  0.0200
 0
VERTEX
 8
WIRE
 10
  4.3900
 20
  7.1000
 30
0.0
 42
1.0
 0
VERTEX
 8
WIRE
 10
  4.4100
 20
  7.1000
 30
0.0
 42
1.0
 0
SEQEND
 8
WIRE
 0
POLYLINE
 8
WIRE
 66
1
 10
0.0
 20
0.0
 30
0.0
 0
VERTEX
 8
WIRE
 10
 15.0000
 20
  6.3000
 30
0.0
 0
VERTEX
 8
WIRE
 10
 15.0000
 20
  6.7000
 30
0.0
 0
SEQEND
 8
WIRE
 0
POLYLINE
 8
WIRE
 66
1
 10
0.0
 20
0.0
 30
0.0
 0
VERTEX
 8
WIRE
 10
 13.9000
 20
 12.3000
 30
0.0
 0
VERTEX
 8
WIRE
 10
 13.4000
 20
 12.3000
 30
0.0
 0
SEQEND
 8
WIRE
 0
POLYLINE
 8
WIRE
 66
1
 10
0.0
 20
0.0
 30
0.0
 0
VERTEX
 8
WIRE
 10
 25.2000
 20
 11.6000
 30
0.0
 0
VERTEX
 8
WIRE
 10
 25.2000
 20
 11.7000
 30
0.0
 0
SEQEND
 8
WIRE
 0
POLYLINE
 8
WIRE
 66
1
 70
1
 10
0.0
 20
0.0
 30
0.0
 40
  0.0200
 41
  0.0200
 0
VERTEX
 8
WIRE
 10
 25.1900
 20
 11.7000
 30
0.0
 42
1.0
 0
VERTEX
 8
WIRE
 10
 25.2100
 20
 11.7000
 30
0.0
 42
1.0
 0
SEQEND
 8
WIRE
 0
POLYLINE
 8
WIRE
 66
1
 10
0.0
 20
0.0
 30
0.0
 0
VERTEX
 8
WIRE
 10
  5.7000
 20
  6.7000
 30
0.0
 0
VERTEX
 8
WIRE
 10
  5.7000
 20
  6.8000
 30
0.0
 0
SEQEND
 8
WIRE
 0
POLYLINE
 8
WIRE
 66
1
 10
0.0
 20
0.0
 30
0.0
 0
VERTEX
 8
WIRE
 10
 14.8000
 20
 11.8000
 30
0.0
 0
VERTEX
 8
WIRE
 10
 14.8000
 20
 11.9000
 30
0.0
 0
SEQEND
 8
WIRE
 0
POLYLINE
 8
WIRE
 66
1
 70
1
 10
0.0
 20
0.0
 30
0.0
 40
  0.0200
 41
  0.0200
 0
VERTEX
 8
WIRE
 10
 14.7900
 20
 11.9000
 30
0.0
 42
1.0
 0
VERTEX
 8
WIRE
 10
 14.8100
 20
 11.9000
 30
0.0
 42
1.0
 0
SEQEND
 8
WIRE
 0
POLYLINE
 8
WIRE
 66
1
 10
0.0
 20
0.0
 30
0.0
 0
VERTEX
 8
WIRE
 10
 23.8000
 20
 16.6000
 30
0.0
 0
VERTEX
 8
WIRE
 10
 23.8000
 20
 17.1000
 30
0.0
 0
SEQEND
 8
WIRE
 0
POLYLINE
 8
WIRE
 66
1
 70
1
 10
0.0
 20
0.0
 30
0.0
 40
  0.0200
 41
  0.0200
 0
VERTEX
 8
WIRE
 10
 23.7900
 20
 17.1000
 30
0.0
 42
1.0
 0
VERTEX
 8
WIRE
 10
 23.8100
 20
 17.1000
 30
0.0
 42
1.0
 0
SEQEND
 8
WIRE
 0
POLYLINE
 8
WIRE
 66
1
 10
0.0
 20
0.0
 30
0.0
 0
VERTEX
 8
WIRE
 10
  4.4000
 20
  7.2000
 30
0.0
 0
VERTEX
 8
WIRE
 10
  4.3000
 20
  7.2000
 30
0.0
 0
SEQEND
 8
WIRE
 0
POLYLINE
 8
WIRE
 66
1
 10
0.0
 20
0.0
 30
0.0
 0
VERTEX
 8
WIRE
 10
  5.6000
 20
 12.1000
 30
0.0
 0
VERTEX
 8
WIRE
 10
  5.6000
 20
 12.2000
 30
0.0
 0
SEQEND
 8
WIRE
 0
POLYLINE
 8
WIRE
 66
1
 10
0.0
 20
0.0
 30
0.0
 0
VERTEX
 8
WIRE
 10
 25.2000
 20
 16.8000
 30
0.0
 0
VERTEX
 8
WIRE
 10
 25.2000
 20
 17.2000
 30
0.0
 0
SEQEND
 8
WIRE
 0
POLYLINE
 8
WIRE
 66
1
 10
0.0
 20
0.0
 30
0.0
 0
VERTEX
 8
WIRE
 10
 23.7000
 20
 12.0000
 30
0.0
 0
VERTEX
 8
WIRE
 10
 23.8000
 20
 12.0000
 30
0.0
 0
SEQEND
 8
WIRE
 0
POLYLINE
 8
WIRE
 66
1
 10
0.0
 20
0.0
 30
0.0
 0
VERTEX
 8
WIRE
 10
 25.1000
 20
 11.6000
 30
0.0
 0
VERTEX
 8
WIRE
 10
 25.1000
 20
 11.7000
 30
0.0
 0
SEQEND
 8
WIRE
 0
POLYLINE
 8
WIRE
 66
1
 10
0.0
 20
0.0
 30
0.0
 0
VERTEX
 8
WIRE
 10
  4.3000
 20
 12.6000
 30
0.0
 0
VERTEX
 8
WIRE
 10
  4.2000
 20
 12.6000
 30
0.0
 0
SEQEND
 8
WIRE
 0
POLYLINE
 8
WIRE
 66
1
 10
0.0
 20
0.0
 30
0.0
 0
VERTEX
 8
WIRE
 10
 25.1000
 20
 16.8000
 30
0.0
 0
VERTEX
 8
WIRE
 10
 25.2000
 20
 16.8000
 30
0.0
 0
SEQEND
 8
WIRE
 0
POLYLINE
 8
WIRE
 66
1
 10
0.0
 20
0.0
 30
0.0
 0
VERTEX
 8
WIRE
 10
 14.1000
 20
  6.7000
 30
0.0
 0
VERTEX
 8
WIRE
 10
 13.6000
 20
  6.7000
 30
0.0
 0
SEQEND
 8
WIRE
 0
POLYLINE
 8
WIRE
 66
1
 10
0.0
 20
0.0
 30
0.0
 0
VERTEX
 8
WIRE
 10
 13.8000
 20
 17.5000
 30
0.0
 0
VERTEX
 8
WIRE
 10
 13.8000
 20
 17.6000
 30
0.0
 0
SEQEND
 8
WIRE
 0
POLYLINE
 8
WIRE
 66
1
 10
0.0
 20
0.0
 30
0.0
 0
VERTEX
 8
WIRE
 10
 14.6000
 20
 17.1000
 30
0.0
 0
VERTEX
 8
WIRE
 10
 14.6000
 20
 17.2000
 30
0.0
 0
SEQEND
 8
WIRE
 0
POLYLINE
 8
WIRE
 66
1
 10
0.0
 20
0.0
 30
0.0
 0
VERTEX
 8
WIRE
 10
  6.4000
 20
 12.6000
 30
0.0
 0
VERTEX
 8
WIRE
 10
  5.7000
 20
 12.6000
 30
0.0
 0
SEQEND
 8
WIRE
 0
POLYLINE
 8
WIRE
 66
1
 70
1
 10
0.0
 20
0.0
 30
0.0
 40
  0.0200
 41
  0.0200
 0
VERTEX
 8
WIRE
 10
  5.6900
 20
 12.6000
 30
0.0
 42
1.0
 0
VERTEX
 8
WIRE
 10
  5.7100
 20
 12.6000
 30
0.0
 42
1.0
 0
SEQEND
 8
WIRE
 0
POLYLINE
 8
WIRE
 66
1
 10
0.0
 20
0.0
 30
0.0
 0
VERTEX
 8
WIRE
 10
  4.2000
 20
 12.5000
 30
0.0
 0
VERTEX
 8
WIRE
 10
  4.3000
 20
 12.5000
 30
0.0
 0
SEQEND
 8
WIRE
 0
POLYLINE
 8
WIRE
 66
1
 10
0.0
 20
0.0
 30
0.0
 0
VERTEX
 8
WIRE
 10
 24.3000
 20
 12.1000
 30
0.0
 0
VERTEX
 8
WIRE
 10
 23.8000
 20
 12.1000
 30
0.0
 0
SEQEND
 8
WIRE
 0
POLYLINE
 8
WIRE
 66
1
 10
0.0
 20
0.0
 30
0.0
 0
VERTEX
 8
WIRE
 10
 25.1000
 20
 11.7000
 30
0.0
 0
VERTEX
 8
WIRE
 10
 25.2000
 20
 11.7000
 30
0.0
 0
SEQEND
 8
WIRE
 0
POLYLINE
 8
WIRE
 66
1
 10
0.0
 20
0.0
 30
0.0
 0
VERTEX
 8
WIRE
 10
 13.3000
 20
 17.6000
 30
0.0
 0
VERTEX
 8
WIRE
 10
 13.2000
 20
 17.6000
 30
0.0
 0
SEQEND
 8
WIRE
 0
POLYLINE
 8
WIRE
 66
1
 10
0.0
 20
0.0
 30
0.0
 0
VERTEX
 8
WIRE
 10
 13.2000
 20
 17.5000
 30
0.0
 0
VERTEX
 8
WIRE
 10
 13.3000
 20
 17.5000
 30
0.0
 0
SEQEND
 8
WIRE
 0
POLYLINE
 8
WIRE
 66
1
 10
0.0
 20
0.0
 30
0.0
 0
VERTEX
 8
WIRE
 10
 15.4000
 20
 17.6000
 30
0.0
 0
VERTEX
 8
WIRE
 10
 14.7000
 20
 17.6000
 30
0.0
 0
SEQEND
 8
WIRE
 0
POLYLINE
 8
WIRE
 66
1
 70
1
 10
0.0
 20
0.0
 30
0.0
 40
  0.0200
 41
  0.0200
 0
VERTEX
 8
WIRE
 10
 14.6900
 20
 17.6000
 30
0.0
 42
1.0
 0
VERTEX
 8
WIRE
 10
 14.7100
 20
 17.6000
 30
0.0
 42
1.0
 0
SEQEND
 8
WIRE
 0
POLYLINE
 8
WIRE
 66
1
 10
0.0
 20
0.0
 30
0.0
 0
VERTEX
 8
WIRE
 10
  4.3000
 20
  7.1000
 30
0.0
 0
VERTEX
 8
WIRE
 10
  4.4000
 20
  7.1000
 30
0.0
 0
SEQEND
 8
WIRE
 0
POLYLINE
 8
WIRE
 66
1
 10
0.0
 20
0.0
 30
0.0
 0
VERTEX
 8
WIRE
 10
 25.2000
 20
 17.2000
 30
0.0
 0
VERTEX
 8
WIRE
 10
 24.3000
 20
 17.2000
 30
0.0
 0
SEQEND
 8
WIRE
 0
POLYLINE
 8
WIRE
 66
1
 70
1
 10
0.0
 20
0.0
 30
0.0
 40
  0.0200
 41
  0.0200
 0
VERTEX
 8
WIRE
 10
 24.2900
 20
 17.2000
 30
0.0
 42
1.0
 0
VERTEX
 8
WIRE
 10
 24.3100
 20
 17.2000
 30
0.0
 42
1.0
 0
SEQEND
 8
WIRE
 0
POLYLINE
 8
WIRE
 66
1
 10
0.0
 20
0.0
 30
0.0
 0
VERTEX
 8
WIRE
 10
  5.7000
 20
 12.6000
 30
0.0
 0
VERTEX
 8
WIRE
 10
  4.8000
 20
 12.6000
 30
0.0
 0
SEQEND
 8
WIRE
 0
POLYLINE
 8
WIRE
 66
1
 70
1
 10
0.0
 20
0.0
 30
0.0
 40
  0.0200
 41
  0.0200
 0
VERTEX
 8
WIRE
 10
  4.7900
 20
 12.6000
 30
0.0
 42
1.0
 0
VERTEX
 8
WIRE
 10
  4.8100
 20
 12.6000
 30
0.0
 42
1.0
 0
SEQEND
 8
WIRE
 0
POLYLINE
 8
WIRE
 66
1
 10
0.0
 20
0.0
 30
0.0
 0
VERTEX
 8
WIRE
 10
 14.9000
 20
  6.2000
 30
0.0
 0
VERTEX
 8
WIRE
 10
 14.9000
 20
  6.3000
 30
0.0
 0
SEQEND
 8
WIRE
 0
POLYLINE
 8
WIRE
 66
1
 10
0.0
 20
0.0
 30
0.0
 0
VERTEX
 8
WIRE
 10
 23.8000
 20
 17.2000
 30
0.0
 0
VERTEX
 8
WIRE
 10
 23.7000
 20
 17.2000
 30
0.0
 0
SEQEND
 8
WIRE
 0
POLYLINE
 8
WIRE
 66
1
 10
0.0
 20
0.0
 30
0.0
 0
VERTEX
 8
WIRE
 10
 15.7000
 20
  6.7000
 30
0.0
 0
VERTEX
 8
WIRE
 10
 15.0000
 20
  6.7000
 30
0.0
 0
SEQEND
 8
WIRE
 0
POLYLINE
 8
WIRE
 66
1
 70
1
 10
0.0
 20
0.0
 30
0.0
 40
  0.0200
 41
  0.0200
 0
VERTEX
 8
WIRE
 10
 14.9900
 20
  6.7000
 30
0.0
 42
1.0
 0
VERTEX
 8
WIRE
 10
 15.0100
 20
  6.7000
 30
0.0
 42
1.0
 0
SEQEND
 8
WIRE
 0
POLYLINE
 8
WIRE
 66
1
 10
0.0
 20
0.0
 30
0.0
 0
VERTEX
 8
WIRE
 10
 24.3000
 20
 12.0000
 30
0.0
 0
VERTEX
 8
WIRE
 10
 24.3000
 20
 12.1000
 30
0.0
 0
SEQEND
 8
WIRE
 0
POLYLINE
 8
WIRE
 66
1
 10
0.0
 20
0.0
 30
0.0
 0
VERTEX
 8
WIRE
 10
 25.2000
 20
 12.1000
 30
0.0
 0
VERTEX
 8
WIRE
 10
 24.3000
 20
 12.1000
 30
0.0
 0
SEQEND
 8
WIRE
 0
POLYLINE
 8
WIRE
 66
1
 70
1
 10
0.0
 20
0.0
 30
0.0
 40
  0.0200
 41
  0.0200
 0
VERTEX
 8
WIRE
 10
 24.2900
 20
 12.1000
 30
0.0
 42
1.0
 0
VERTEX
 8
WIRE
 10
 24.3100
 20
 12.1000
 30
0.0
 42
1.0
 0
SEQEND
 8
WIRE
 0
POLYLINE
 8
WIRE
 66
1
 10
0.0
 20
0.0
 30
0.0
 0
VERTEX
 8
WIRE
 10
  5.8000
 20
  6.7000
 30
0.0
 0
VERTEX
 8
WIRE
 10
  5.8000
 20
  6.8000
 30
0.0
 0
SEQEND
 8
WIRE
 0
POLYLINE
 8
WIRE
 66
1
 70
1
 10
0.0
 20
0.0
 30
0.0
 40
  0.0200
 41
  0.0200
 0
VERTEX
 8
WIRE
 10
  5.7900
 20
  6.8000
 30
0.0
 42
1.0
 0
VERTEX
 8
WIRE
 10
  5.8100
 20
  6.8000
 30
0.0
 42
1.0
 0
SEQEND
 8
WIRE
 0
POLYLINE
 8
WIRE
 66
1
 10
0.0
 20
0.0
 30
0.0
 0
VERTEX
 8
WIRE
 10
 14.7000
 20
 11.8000
 30
0.0
 0
VERTEX
 8
WIRE
 10
 14.7000
 20
 11.9000
 30
0.0
 0
SEQEND
 8
WIRE
 0
POLYLINE
 8
WIRE
 66
1
 10
0.0
 20
0.0
 30
0.0
 0
VERTEX
 8
WIRE
 10
 23.8000
 20
 11.5000
 30
0.0
 0
VERTEX
 8
WIRE
 10
 23.8000
 20
 12.0000
 30
0.0
 0
SEQEND
 8
WIRE
 0
POLYLINE
 8
WIRE
 66
1
 70
1
 10
0.0
 20
0.0
 30
0.0
 40
  0.0200
 41
  0.0200
 0
VERTEX
 8
WIRE
 10
 23.7900
 20
 12.0000
 30
0.0
 42
1.0
 0
VERTEX
 8
WIRE
 10
 23.8100
 20
 12.0000
 30
0.0
 42
1.0
 0
SEQEND
 8
WIRE
 0
POLYLINE
 8
WIRE
 66
1
 10
0.0
 20
0.0
 30
0.0
 0
VERTEX
 8
WIRE
 10
 25.2000
 20
 11.7000
 30
0.0
 0
VERTEX
 8
WIRE
 10
 25.2000
 20
 12.1000
 30
0.0
 0
SEQEND
 8
WIRE
 0
POLYLINE
 8
WIRE
 66
1
 10
0.0
 20
0.0
 30
0.0
 0
VERTEX
 8
WIRE
 10
 25.1000
 20
 16.7000
 30
0.0
 0
VERTEX
 8
WIRE
 10
 25.1000
 20
 16.8000
 30
0.0
 0
SEQEND
 8
WIRE
 0
POLYLINE
 8
WIRE
 66
1
 10
0.0
 20
0.0
 30
0.0
 0
VERTEX
 8
WIRE
 10
 25.9000
 20
 17.2000
 30
0.0
 0
VERTEX
 8
WIRE
 10
 25.2000
 20
 17.2000
 30
0.0
 0
SEQEND
 8
WIRE
 0
POLYLINE
 8
WIRE
 66
1
 70
1
 10
0.0
 20
0.0
 30
0.0
 40
  0.0200
 41
  0.0200
 0
VERTEX
 8
WIRE
 10
 25.1900
 20
 17.2000
 30
0.0
 42
1.0
 0
VERTEX
 8
WIRE
 10
 25.2100
 20
 17.2000
 30
0.0
 42
1.0
 0
SEQEND
 8
WIRE
 0
POLYLINE
 8
WIRE
 66
1
 10
0.0
 20
0.0
 30
0.0
 0
VERTEX
 8
WIRE
 10
 13.6000
 20
  6.1000
 30
0.0
 0
VERTEX
 8
WIRE
 10
 13.6000
 20
  6.6000
 30
0.0
 0
SEQEND
 8
WIRE
 0
POLYLINE
 8
WIRE
 66
1
 70
1
 10
0.0
 20
0.0
 30
0.0
 40
  0.0200
 41
  0.0200
 0
VERTEX
 8
WIRE
 10
 13.5900
 20
  6.6000
 30
0.0
 42
1.0
 0
VERTEX
 8
WIRE
 10
 13.6100
 20
  6.6000
 30
0.0
 42
1.0
 0
SEQEND
 8
WIRE
 0
POLYLINE
 8
WIRE
 66
1
 10
0.0
 20
0.0
 30
0.0
 0
VERTEX
 8
WIRE
 10
 14.9000
 20
  6.3000
 30
0.0
 0
VERTEX
 8
WIRE
 10
 15.0000
 20
  6.3000
 30
0.0
 0
SEQEND
 8
WIRE
 0
POLYLINE
 8
WIRE
 66
1
 10
0.0
 20
0.0
 30
0.0
 0
VERTEX
 8
WIRE
 10
  5.7000
 20
 12.1000
 30
0.0
 0
VERTEX
 8
WIRE
 10
  5.7000
 20
 12.2000
 30
0.0
 0
SEQEND
 8
WIRE
 0
POLYLINE
 8
WIRE
 66
1
 70
1
 10
0.0
 20
0.0
 30
0.0
 40
  0.0200
 41
  0.0200
 0
VERTEX
 8
WIRE
 10
  5.6900
 20
 12.2000
 30
0.0
 42
1.0
 0
VERTEX
 8
WIRE
 10
  5.7100
 20
 12.2000
 30
0.0
 42
1.0
 0
SEQEND
 8
WIRE
 0
POLYLINE
 8
WIRE
 66
1
 10
0.0
 20
0.0
 30
0.0
 0
VERTEX
 8
WIRE
 10
 13.4000
 20
 12.3000
 30
0.0
 0
VERTEX
 8
WIRE
 10
 13.3000
 20
 12.3000
 30
0.0
 0
SEQEND
 8
WIRE
 0
POLYLINE
 8
WIRE
 66
1
 10
0.0
 20
0.0
 30
0.0
 0
VERTEX
 8
WIRE
 10
 13.4000
 20
 12.2000
 30
0.0
 0
VERTEX
 8
WIRE
 10
 13.4000
 20
 12.3000
 30
0.0
 0
SEQEND
 8
WIRE
 0
POLYLINE
 8
WIRE
 66
1
 70
1
 10
0.0
 20
0.0
 30
0.0
 40
  0.0200
 41
  0.0200
 0
VERTEX
 8
WIRE
 10
 13.3900
 20
 12.3000
 30
0.0
 42
1.0
 0
VERTEX
 8
WIRE
 10
 13.4100
 20
 12.3000
 30
0.0
 42
1.0
 0
SEQEND
 8
WIRE
 0
POLYLINE
 8
WIRE
 66
1
 10
0.0
 20
0.0
 30
0.0
 0
VERTEX
 8
WIRE
 10
 14.8000
 20
 11.9000
 30
0.0
 0
VERTEX
 8
WIRE
 10
 14.8000
 20
 12.3000
 30
0.0
 0
SEQEND
 8
WIRE
 0
POLYLINE
 8
WIRE
 66
1
 10
0.0
 20
0.0
 30
0.0
 0
VERTEX
 8
WIRE
 10
 24.3000
 20
 17.1000
 30
0.0
 0
VERTEX
 8
WIRE
 10
 24.3000
 20
 17.2000
 30
0.0
 0
SEQEND
 8
WIRE
 0
POLYLINE
 8
WIRE
 66
1
 10
0.0
 20
0.0
 30
0.0
 0
VERTEX
 8
WIRE
 10
 14.1000
 20
  6.6000
 30
0.0
 0
VERTEX
 8
WIRE
 10
 14.1000
 20
  6.7000
 30
0.0
 0
SEQEND
 8
WIRE
 0
POLYLINE
 8
WIRE
 66
1
 10
0.0
 20
0.0
 30
0.0
 0
VERTEX
 8
WIRE
 10
 23.8000
 20
 12.0000
 30
0.0
 0
VERTEX
 8
WIRE
 10
 23.8000
 20
 12.1000
 30
0.0
 0
SEQEND
 8
WIRE
 0
POLYLINE
 8
WIRE
 66
1
 70
1
 10
0.0
 20
0.0
 30
0.0
 40
  0.0200
 41
  0.0200
 0
VERTEX
 8
WIRE
 10
 23.7900
 20
 12.1000
 30
0.0
 42
1.0
 0
VERTEX
 8
WIRE
 10
 23.8100
 20
 12.1000
 30
0.0
 42
1.0
 0
SEQEND
 8
WIRE
 0
POLYLINE
 8
WIRE
 66
1
 10
0.0
 20
0.0
 30
0.0
 0
VERTEX
 8
WIRE
 10
  4.3000
 20
 12.0000
 30
0.0
 0
VERTEX
 8
WIRE
 10
  4.3000
 20
 12.5000
 30
0.0
 0
SEQEND
 8
WIRE
 0
POLYLINE
 8
WIRE
 66
1
 70
1
 10
0.0
 20
0.0
 30
0.0
 40
  0.0200
 41
  0.0200
 0
VERTEX
 8
WIRE
 10
  4.2900
 20
 12.5000
 30
0.0
 42
1.0
 0
VERTEX
 8
WIRE
 10
  4.3100
 20
 12.5000
 30
0.0
 42
1.0
 0
SEQEND
 8
WIRE
 0
POLYLINE
 8
WIRE
 66
1
 10
0.0
 20
0.0
 30
0.0
 0
VERTEX
 8
WIRE
 10
 23.7000
 20
 17.1000
 30
0.0
 0
VERTEX
 8
WIRE
 10
 23.8000
 20
 17.1000
 30
0.0
 0
SEQEND
 8
WIRE
 0
POLYLINE
 8
WIRE
 66
1
 10
0.0
 20
0.0
 30
0.0
 0
VERTEX
 8
WIRE
 10
 24.3000
 20
 17.2000
 30
0.0
 0
VERTEX
 8
WIRE
 10
 23.8000
 20
 17.2000
 30
0.0
 0
SEQEND
 8
WIRE
 0
POLYLINE
 8
WIRE
 66
1
 10
0.0
 20
0.0
 30
0.0
 0
VERTEX
 8
WIRE
 10
  4.9000
 20
  7.1000
 30
0.0
 0
VERTEX
 8
WIRE
 10
  4.9000
 20
  7.2000
 30
0.0
 0
SEQEND
 8
WIRE
 0
POLYLINE
 8
WIRE
 66
1
 10
0.0
 20
0.0
 30
0.0
 0
VERTEX
 8
WIRE
 10
 14.8000
 20
 12.3000
 30
0.0
 0
VERTEX
 8
WIRE
 10
 13.9000
 20
 12.3000
 30
0.0
 0
SEQEND
 8
WIRE
 0
POLYLINE
 8
WIRE
 66
1
 70
1
 10
0.0
 20
0.0
 30
0.0
 40
  0.0200
 41
  0.0200
 0
VERTEX
 8
WIRE
 10
 13.8900
 20
 12.3000
 30
0.0
 42
1.0
 0
VERTEX
 8
WIRE
 10
 13.9100
 20
 12.3000
 30
0.0
 42
1.0
 0
SEQEND
 8
WIRE
 0
POLYLINE
 8
WIRE
 66
1
 10
0.0
 20
0.0
 30
0.0
 0
VERTEX
 8
WIRE
 10
 13.8000
 20
 17.6000
 30
0.0
 0
VERTEX
 8
WIRE
 10
 13.3000
 20
 17.6000
 30
0.0
 0
SEQEND
 8
WIRE
 0
POLYLINE
 8
PARTS
 66
1
 10
0.0
 20
0.0
 30
0.0
 0
VERTEX
 8
PARTS
 10
  5.0000
 20
 16.8000
 30
0.0
 0
VERTEX
 8
PARTS
 10
  5.2000
 20
 16.8000
 30
0.0
 0
SEQEND
 8
PARTS
 0
POLYLINE
 8
PARTS
 66
1
 10
0.0
 20
0.0
 30
0.0
 0
VERTEX
 8
PARTS
 10
  5.0300
 20
 16.7700
 30
0.0
 0
VERTEX
 8
PARTS
 10
  5.1700
 20
 16.7700
 30
0.0
 0
SEQEND
 8
PARTS
 0
POLYLINE
 8
PARTS
 66
1
 10
0.0
 20
0.0
 30
0.0
 0
VERTEX
 8
PARTS
 10
  5.1400
 20
 16.7400
 30
0.0
 0
VERTEX
 8
PARTS
 10
  5.0600
 20
 16.7400
 30
0.0
 0
SEQEND
 8
PARTS
 0
POLYLINE
 8
PARTS
 66
1
 10
0.0
 20
0.0
 30
0.0
 0
VERTEX
 8
PARTS
 10
  5.0900
 20
 16.7100
 30
0.0
 0
VERTEX
 8
PARTS
 10
  5.1100
 20
 16.7100
 30
0.0
 0
SEQEND
 8
PARTS
 0
POLYLINE
 8
PARTS
 66
1
 10
0.0
 20
0.0
 30
0.0
 0
VERTEX
 8
PARTS
 10
  6.8000
 20
 18.4000
 30
0.0
 0
VERTEX
 8
PARTS
 10
  7.0000
 20
 18.4000
 30
0.0
 0
SEQEND
 8
PARTS
 0
POLYLINE
 8
PARTS
 66
1
 10
0.0
 20
0.0
 30
0.0
 0
VERTEX
 8
PARTS
 10
  6.8300
 20
 18.3700
 30
0.0
 0
VERTEX
 8
PARTS
 10
  6.9700
 20
 18.3700
 30
0.0
 0
SEQEND
 8
PARTS
 0
POLYLINE
 8
PARTS
 66
1
 10
0.0
 20
0.0
 30
0.0
 0
VERTEX
 8
PARTS
 10
  6.9400
 20
 18.3400
 30
0.0
 0
VERTEX
 8
PARTS
 10
  6.8600
 20
 18.3400
 30
0.0
 0
SEQEND
 8
PARTS
 0
POLYLINE
 8
PARTS
 66
1
 10
0.0
 20
0.0
 30
0.0
 0
VERTEX
 8
PARTS
 10
  6.8900
 20
 18.3100
 30
0.0
 0
VERTEX
 8
PARTS
 10
  6.9100
 20
 18.3100
 30
0.0
 0
SEQEND
 8
PARTS
 0
POLYLINE
 8
PARTS
 66
1
 10
0.0
 20
0.0
 30
0.0
 0
VERTEX
 8
PARTS
 10
 16.0000
 20
 18.2000
 30
0.0
 0
VERTEX
 8
PARTS
 10
 16.2000
 20
 18.2000
 30
0.0
 0
SEQEND
 8
PARTS
 0
POLYLINE
 8
PARTS
 66
1
 10
0.0
 20
0.0
 30
0.0
 0
VERTEX
 8
PARTS
 10
 16.0300
 20
 18.1700
 30
0.0
 0
VERTEX
 8
PARTS
 10
 16.1700
 20
 18.1700
 30
0.0
 0
SEQEND
 8
PARTS
 0
POLYLINE
 8
PARTS
 66
1
 10
0.0
 20
0.0
 30
0.0
 0
VERTEX
 8
PARTS
 10
 16.1400
 20
 18.1400
 30
0.0
 0
VERTEX
 8
PARTS
 10
 16.0600
 20
 18.1400
 30
0.0
 0
SEQEND
 8
PARTS
 0
POLYLINE
 8
PARTS
 66
1
 10
0.0
 20
0.0
 30
0.0
 0
VERTEX
 8
PARTS
 10
 16.0900
 20
 18.1100
 30
0.0
 0
VERTEX
 8
PARTS
 10
 16.1100
 20
 18.1100
 30
0.0
 0
SEQEND
 8
PARTS
 0
TEXT
 8
PARTTEXT
 10
 14.9000
 20
 13.9186
 30
0.0
 40
  0.0514
 1
V12+
 0
POLYLINE
 8
PARTS
 66
1
 10
0.0
 20
0.0
 30
0.0
 0
VERTEX
 8
PARTS
 10
 15.0300
 20
 13.8200
 30
0.0
 0
VERTEX
 8
PARTS
 10
 14.9700
 20
 13.8200
 30
0.0
 0
SEQEND
 8
PARTS
 0
POLYLINE
 8
PARTS
 66
1
 10
0.0
 20
0.0
 30
0.0
 0
VERTEX
 8
PARTS
 10
 15.0000
 20
 13.8200
 30
0.0
 0
VERTEX
 8
PARTS
 10
 15.0000
 20
 13.8000
 30
0.0
 0
SEQEND
 8
PARTS
 0
POLYLINE
 8
PARTS
 66
1
 10
0.0
 20
0.0
 30
0.0
 0
VERTEX
 8
PARTS
 10
 14.9700
 20
 13.8200
 30
0.0
 0
VERTEX
 8
PARTS
 10
 15.0000
 20
 13.9000
 30
0.0
 0
SEQEND
 8
PARTS
 0
POLYLINE
 8
PARTS
 66
1
 10
0.0
 20
0.0
 30
0.0
 0
VERTEX
 8
PARTS
 10
 15.0000
 20
 13.9000
 30
0.0
 0
VERTEX
 8
PARTS
 10
 15.0300
 20
 13.8200
 30
0.0
 0
SEQEND
 8
PARTS
 0
POLYLINE
 8
PARTS
 66
1
 10
0.0
 20
0.0
 30
0.0
 0
VERTEX
 8
PARTS
 10
  6.4000
 20
 15.2000
 30
0.0
 0
VERTEX
 8
PARTS
 10
  6.6000
 20
 15.2000
 30
0.0
 0
SEQEND
 8
PARTS
 0
POLYLINE
 8
PARTS
 66
1
 10
0.0
 20
0.0
 30
0.0
 0
VERTEX
 8
PARTS
 10
  6.4300
 20
 15.1700
 30
0.0
 0
VERTEX
 8
PARTS
 10
  6.5700
 20
 15.1700
 30
0.0
 0
SEQEND
 8
PARTS
 0
POLYLINE
 8
PARTS
 66
1
 10
0.0
 20
0.0
 30
0.0
 0
VERTEX
 8
PARTS
 10
  6.5400
 20
 15.1400
 30
0.0
 0
VERTEX
 8
PARTS
 10
  6.4600
 20
 15.1400
 30
0.0
 0
SEQEND
 8
PARTS
 0
POLYLINE
 8
PARTS
 66
1
 10
0.0
 20
0.0
 30
0.0
 0
VERTEX
 8
PARTS
 10
  6.4900
 20
 15.1100
 30
0.0
 0
VERTEX
 8
PARTS
 10
  6.5100
 20
 15.1100
 30
0.0
 0
SEQEND
 8
PARTS
 0
POLYLINE
 8
PARTS
 66
1
 10
0.0
 20
0.0
 30
0.0
 0
VERTEX
 8
PARTS
 10
  7.6000
 20
  4.6000
 30
0.0
 0
VERTEX
 8
PARTS
 10
  7.8000
 20
  4.6000
 30
0.0
 0
SEQEND
 8
PARTS
 0
POLYLINE
 8
PARTS
 66
1
 10
0.0
 20
0.0
 30
0.0
 0
VERTEX
 8
PARTS
 10
  7.6300
 20
  4.5700
 30
0.0
 0
VERTEX
 8
PARTS
 10
  7.7700
 20
  4.5700
 30
0.0
 0
SEQEND
 8
PARTS
 0
POLYLINE
 8
PARTS
 66
1
 10
0.0
 20
0.0
 30
0.0
 0
VERTEX
 8
PARTS
 10
  7.7400
 20
  4.5400
 30
0.0
 0
VERTEX
 8
PARTS
 10
  7.6600
 20
  4.5400
 30
0.0
 0
SEQEND
 8
PARTS
 0
POLYLINE
 8
PARTS
 66
1
 10
0.0
 20
0.0
 30
0.0
 0
VERTEX
 8
PARTS
 10
  7.6900
 20
  4.5100
 30
0.0
 0
VERTEX
 8
PARTS
 10
  7.7100
 20
  4.5100
 30
0.0
 0
SEQEND
 8
PARTS
 0
POLYLINE
 8
PARTS
 66
1
 10
0.0
 20
0.0
 30
0.0
 0
VERTEX
 8
PARTS
 10
 16.3000
 20
  7.3000
 30
0.0
 0
VERTEX
 8
PARTS
 10
 16.5000
 20
  7.3000
 30
0.0
 0
SEQEND
 8
PARTS
 0
POLYLINE
 8
PARTS
 66
1
 10
0.0
 20
0.0
 30
0.0
 0
VERTEX
 8
PARTS
 10
 16.3300
 20
  7.2700
 30
0.0
 0
VERTEX
 8
PARTS
 10
 16.4700
 20
  7.2700
 30
0.0
 0
SEQEND
 8
PARTS
 0
POLYLINE
 8
PARTS
 66
1
 10
0.0
 20
0.0
 30
0.0
 0
VERTEX
 8
PARTS
 10
 16.4400
 20
  7.2400
 30
0.0
 0
VERTEX
 8
PARTS
 10
 16.3600
 20
  7.2400
 30
0.0
 0
SEQEND
 8
PARTS
 0
POLYLINE
 8
PARTS
 66
1
 10
0.0
 20
0.0
 30
0.0
 0
VERTEX
 8
PARTS
 10
 16.3900
 20
  7.2100
 30
0.0
 0
VERTEX
 8
PARTS
 10
 16.4100
 20
  7.2100
 30
0.0
 0
SEQEND
 8
PARTS
 0
TEXT
 8
PARTTEXT
 10
 25.5000
 20
  2.7186
 30
0.0
 40
  0.0514
 1
V12-
 0
POLYLINE
 8
PARTS
 66
1
 10
0.0
 20
0.0
 30
0.0
 0
VERTEX
 8
PARTS
 10
 25.6300
 20
  2.8800
 30
0.0
 0
VERTEX
 8
PARTS
 10
 25.5700
 20
  2.8800
 30
0.0
 0
SEQEND
 8
PARTS
 0
POLYLINE
 8
PARTS
 66
1
 10
0.0
 20
0.0
 30
0.0
 0
VERTEX
 8
PARTS
 10
 25.6000
 20
  2.8800
 30
0.0
 0
VERTEX
 8
PARTS
 10
 25.6000
 20
  2.9000
 30
0.0
 0
SEQEND
 8
PARTS
 0
POLYLINE
 8
PARTS
 66
1
 10
0.0
 20
0.0
 30
0.0
 0
VERTEX
 8
PARTS
 10
 25.5700
 20
  2.8800
 30
0.0
 0
VERTEX
 8
PARTS
 10
 25.6000
 20
  2.8000
 30
0.0
 0
SEQEND
 8
PARTS
 0
POLYLINE
 8
PARTS
 66
1
 10
0.0
 20
0.0
 30
0.0
 0
VERTEX
 8
PARTS
 10
 25.6000
 20
  2.8000
 30
0.0
 0
VERTEX
 8
PARTS
 10
 25.6300
 20
  2.8800
 30
0.0
 0
SEQEND
 8
PARTS
 0
POLYLINE
 8
PARTS
 66
1
 10
0.0
 20
0.0
 30
0.0
 0
VERTEX
 8
PARTS
 10
  7.0000
 20
 13.2000
 30
0.0
 0
VERTEX
 8
PARTS
 10
  7.2000
 20
 13.2000
 30
0.0
 0
SEQEND
 8
PARTS
 0
POLYLINE
 8
PARTS
 66
1
 10
0.0
 20
0.0
 30
0.0
 0
VERTEX
 8
PARTS
 10
  7.0300
 20
 13.1700
 30
0.0
 0
VERTEX
 8
PARTS
 10
  7.1700
 20
 13.1700
 30
0.0
 0
SEQEND
 8
PARTS
 0
POLYLINE
 8
PARTS
 66
1
 10
0.0
 20
0.0
 30
0.0
 0
VERTEX
 8
PARTS
 10
  7.1400
 20
 13.1400
 30
0.0
 0
VERTEX
 8
PARTS
 10
  7.0600
 20
 13.1400
 30
0.0
 0
SEQEND
 8
PARTS
 0
POLYLINE
 8
PARTS
 66
1
 10
0.0
 20
0.0
 30
0.0
 0
VERTEX
 8
PARTS
 10
  7.0900
 20
 13.1100
 30
0.0
 0
VERTEX
 8
PARTS
 10
  7.1100
 20
 13.1100
 30
0.0
 0
SEQEND
 8
PARTS
 0
TEXT
 8
PARTTEXT
 10
  5.8000
 20
 14.2186
 30
0.0
 40
  0.0514
 1
V12+
 0
POLYLINE
 8
PARTS
 66
1
 10
0.0
 20
0.0
 30
0.0
 0
VERTEX
 8
PARTS
 10
  5.9300
 20
 14.1200
 30
0.0
 0
VERTEX
 8
PARTS
 10
  5.8700
 20
 14.1200
 30
0.0
 0
SEQEND
 8
PARTS
 0
POLYLINE
 8
PARTS
 66
1
 10
0.0
 20
0.0
 30
0.0
 0
VERTEX
 8
PARTS
 10
  5.9000
 20
 14.1200
 30
0.0
 0
VERTEX
 8
PARTS
 10
  5.9000
 20
 14.1000
 30
0.0
 0
SEQEND
 8
PARTS
 0
POLYLINE
 8
PARTS
 66
1
 10
0.0
 20
0.0
 30
0.0
 0
VERTEX
 8
PARTS
 10
  5.8700
 20
 14.1200
 30
0.0
 0
VERTEX
 8
PARTS
 10
  5.9000
 20
 14.2000
 30
0.0
 0
SEQEND
 8
PARTS
 0
POLYLINE
 8
PARTS
 66
1
 10
0.0
 20
0.0
 30
0.0
 0
VERTEX
 8
PARTS
 10
  5.9000
 20
 14.2000
 30
0.0
 0
VERTEX
 8
PARTS
 10
  5.9300
 20
 14.1200
 30
0.0
 0
SEQEND
 8
PARTS
 0
TEXT
 8
PARTTEXT
 10
 15.0000
 20
 15.7186
 30
0.0
 40
  0.0514
 1
V12-
 0
POLYLINE
 8
PARTS
 66
1
 10
0.0
 20
0.0
 30
0.0
 0
VERTEX
 8
PARTS
 10
 15.1300
 20
 15.6200
 30
0.0
 0
VERTEX
 8
PARTS
 10
 15.0700
 20
 15.6200
 30
0.0
 0
SEQEND
 8
PARTS
 0
POLYLINE
 8
PARTS
 66
1
 10
0.0
 20
0.0
 30
0.0
 0
VERTEX
 8
PARTS
 10
 15.1000
 20
 15.6200
 30
0.0
 0
VERTEX
 8
PARTS
 10
 15.1000
 20
 15.6000
 30
0.0
 0
SEQEND
 8
PARTS
 0
POLYLINE
 8
PARTS
 66
1
 10
0.0
 20
0.0
 30
0.0
 0
VERTEX
 8
PARTS
 10
 15.0700
 20
 15.6200
 30
0.0
 0
VERTEX
 8
PARTS
 10
 15.1000
 20
 15.7000
 30
0.0
 0
SEQEND
 8
PARTS
 0
POLYLINE
 8
PARTS
 66
1
 10
0.0
 20
0.0
 30
0.0
 0
VERTEX
 8
PARTS
 10
 15.1000
 20
 15.7000
 30
0.0
 0
VERTEX
 8
PARTS
 10
 15.1300
 20
 15.6200
 30
0.0
 0
SEQEND
 8
PARTS
 0
POLYLINE
 8
PARTS
 66
1
 10
0.0
 20
0.0
 30
0.0
 0
VERTEX
 8
PARTS
 10
 24.7000
 20
 11.1000
 30
0.0
 0
VERTEX
 8
PARTS
 10
 24.9000
 20
 11.1000
 30
0.0
 0
SEQEND
 8
PARTS
 0
POLYLINE
 8
PARTS
 66
1
 10
0.0
 20
0.0
 30
0.0
 0
VERTEX
 8
PARTS
 10
 24.7300
 20
 11.0700
 30
0.0
 0
VERTEX
 8
PARTS
 10
 24.8700
 20
 11.0700
 30
0.0
 0
SEQEND
 8
PARTS
 0
POLYLINE
 8
PARTS
 66
1
 10
0.0
 20
0.0
 30
0.0
 0
VERTEX
 8
PARTS
 10
 24.8400
 20
 11.0400
 30
0.0
 0
VERTEX
 8
PARTS
 10
 24.7600
 20
 11.0400
 30
0.0
 0
SEQEND
 8
PARTS
 0
POLYLINE
 8
PARTS
 66
1
 10
0.0
 20
0.0
 30
0.0
 0
VERTEX
 8
PARTS
 10
 24.7900
 20
 11.0100
 30
0.0
 0
VERTEX
 8
PARTS
 10
 24.8100
 20
 11.0100
 30
0.0
 0
SEQEND
 8
PARTS
 0
POLYLINE
 8
PARTS
 66
1
 10
0.0
 20
0.0
 30
0.0
 0
VERTEX
 8
PARTS
 10
 26.5000
 20
 12.7000
 30
0.0
 0
VERTEX
 8
PARTS
 10
 26.7000
 20
 12.7000
 30
0.0
 0
SEQEND
 8
PARTS
 0
POLYLINE
 8
PARTS
 66
1
 10
0.0
 20
0.0
 30
0.0
 0
VERTEX
 8
PARTS
 10
 26.5300
 20
 12.6700
 30
0.0
 0
VERTEX
 8
PARTS
 10
 26.6700
 20
 12.6700
 30
0.0
 0
SEQEND
 8
PARTS
 0
POLYLINE
 8
PARTS
 66
1
 10
0.0
 20
0.0
 30
0.0
 0
VERTEX
 8
PARTS
 10
 26.6400
 20
 12.6400
 30
0.0
 0
VERTEX
 8
PARTS
 10
 26.5600
 20
 12.6400
 30
0.0
 0
SEQEND
 8
PARTS
 0
POLYLINE
 8
PARTS
 66
1
 10
0.0
 20
0.0
 30
0.0
 0
VERTEX
 8
PARTS
 10
 26.5900
 20
 12.6100
 30
0.0
 0
VERTEX
 8
PARTS
 10
 26.6100
 20
 12.6100
 30
0.0
 0
SEQEND
 8
PARTS
 0
POLYLINE
 8
PARTS
 66
1
 10
0.0
 20
0.0
 30
0.0
 0
VERTEX
 8
PARTS
 10
  7.5000
 20
 10.0000
 30
0.0
 0
VERTEX
 8
PARTS
 10
  7.7000
 20
 10.0000
 30
0.0
 0
SEQEND
 8
PARTS
 0
POLYLINE
 8
PARTS
 66
1
 10
0.0
 20
0.0
 30
0.0
 0
VERTEX
 8
PARTS
 10
  7.5300
 20
  9.9700
 30
0.0
 0
VERTEX
 8
PARTS
 10
  7.6700
 20
  9.9700
 30
0.0
 0
SEQEND
 8
PARTS
 0
POLYLINE
 8
PARTS
 66
1
 10
0.0
 20
0.0
 30
0.0
 0
VERTEX
 8
PARTS
 10
  7.6400
 20
  9.9400
 30
0.0
 0
VERTEX
 8
PARTS
 10
  7.5600
 20
  9.9400
 30
0.0
 0
SEQEND
 8
PARTS
 0
POLYLINE
 8
PARTS
 66
1
 10
0.0
 20
0.0
 30
0.0
 0
VERTEX
 8
PARTS
 10
  7.5900
 20
  9.9100
 30
0.0
 0
VERTEX
 8
PARTS
 10
  7.6100
 20
  9.9100
 30
0.0
 0
SEQEND
 8
PARTS
 0
TEXT
 8
PARTTEXT
 10
  6.0000
 20
 10.7186
 30
0.0
 40
  0.0514
 1
V12-
 0
POLYLINE
 8
PARTS
 66
1
 10
0.0
 20
0.0
 30
0.0
 0
VERTEX
 8
PARTS
 10
  6.1300
 20
 10.6200
 30
0.0
 0
VERTEX
 8
PARTS
 10
  6.0700
 20
 10.6200
 30
0.0
 0
SEQEND
 8
PARTS
 0
POLYLINE
 8
PARTS
 66
1
 10
0.0
 20
0.0
 30
0.0
 0
VERTEX
 8
PARTS
 10
  6.1000
 20
 10.6200
 30
0.0
 0
VERTEX
 8
PARTS
 10
  6.1000
 20
 10.6000
 30
0.0
 0
SEQEND
 8
PARTS
 0
POLYLINE
 8
PARTS
 66
1
 10
0.0
 20
0.0
 30
0.0
 0
VERTEX
 8
PARTS
 10
  6.0700
 20
 10.6200
 30
0.0
 0
VERTEX
 8
PARTS
 10
  6.1000
 20
 10.7000
 30
0.0
 0
SEQEND
 8
PARTS
 0
POLYLINE
 8
PARTS
 66
1
 10
0.0
 20
0.0
 30
0.0
 0
VERTEX
 8
PARTS
 10
  6.1000
 20
 10.7000
 30
0.0
 0
VERTEX
 8
PARTS
 10
  6.1300
 20
 10.6200
 30
0.0
 0
SEQEND
 8
PARTS
 0
POLYLINE
 8
PARTS
 66
1
 10
0.0
 20
0.0
 30
0.0
 0
VERTEX
 8
PARTS
 10
  7.1000
 20
  7.8000
 30
0.0
 0
VERTEX
 8
PARTS
 10
  7.3000
 20
  7.8000
 30
0.0
 0
SEQEND
 8
PARTS
 0
POLYLINE
 8
PARTS
 66
1
 10
0.0
 20
0.0
 30
0.0
 0
VERTEX
 8
PARTS
 10
  7.1300
 20
  7.7700
 30
0.0
 0
VERTEX
 8
PARTS
 10
  7.2700
 20
  7.7700
 30
0.0
 0
SEQEND
 8
PARTS
 0
POLYLINE
 8
PARTS
 66
1
 10
0.0
 20
0.0
 30
0.0
 0
VERTEX
 8
PARTS
 10
  7.2400
 20
  7.7400
 30
0.0
 0
VERTEX
 8
PARTS
 10
  7.1600
 20
  7.7400
 30
0.0
 0
SEQEND
 8
PARTS
 0
POLYLINE
 8
PARTS
 66
1
 10
0.0
 20
0.0
 30
0.0
 0
VERTEX
 8
PARTS
 10
  7.1900
 20
  7.7100
 30
0.0
 0
VERTEX
 8
PARTS
 10
  7.2100
 20
  7.7100
 30
0.0
 0
SEQEND
 8
PARTS
 0
POLYLINE
 8
PARTS
 66
1
 10
0.0
 20
0.0
 30
0.0
 0
VERTEX
 8
PARTS
 10
 15.6000
 20
 15.0000
 30
0.0
 0
VERTEX
 8
PARTS
 10
 15.8000
 20
 15.0000
 30
0.0
 0
SEQEND
 8
PARTS
 0
POLYLINE
 8
PARTS
 66
1
 10
0.0
 20
0.0
 30
0.0
 0
VERTEX
 8
PARTS
 10
 15.6300
 20
 14.9700
 30
0.0
 0
VERTEX
 8
PARTS
 10
 15.7700
 20
 14.9700
 30
0.0
 0
SEQEND
 8
PARTS
 0
POLYLINE
 8
PARTS
 66
1
 10
0.0
 20
0.0
 30
0.0
 0
VERTEX
 8
PARTS
 10
 15.7400
 20
 14.9400
 30
0.0
 0
VERTEX
 8
PARTS
 10
 15.6600
 20
 14.9400
 30
0.0
 0
SEQEND
 8
PARTS
 0
POLYLINE
 8
PARTS
 66
1
 10
0.0
 20
0.0
 30
0.0
 0
VERTEX
 8
PARTS
 10
 15.6900
 20
 14.9100
 30
0.0
 0
VERTEX
 8
PARTS
 10
 15.7100
 20
 14.9100
 30
0.0
 0
SEQEND
 8
PARTS
 0
TEXT
 8
PARTTEXT
 10
  6.1000
 20
  5.3186
 30
0.0
 40
  0.0514
 1
V12-
 0
POLYLINE
 8
PARTS
 66
1
 10
0.0
 20
0.0
 30
0.0
 0
VERTEX
 8
PARTS
 10
  6.2300
 20
  5.2200
 30
0.0
 0
VERTEX
 8
PARTS
 10
  6.1700
 20
  5.2200
 30
0.0
 0
SEQEND
 8
PARTS
 0
POLYLINE
 8
PARTS
 66
1
 10
0.0
 20
0.0
 30
0.0
 0
VERTEX
 8
PARTS
 10
  6.2000
 20
  5.2200
 30
0.0
 0
VERTEX
 8
PARTS
 10
  6.2000
 20
  5.2000
 30
0.0
 0
SEQEND
 8
PARTS
 0
POLYLINE
 8
PARTS
 66
1
 10
0.0
 20
0.0
 30
0.0
 0
VERTEX
 8
PARTS
 10
  6.1700
 20
  5.2200
 30
0.0
 0
VERTEX
 8
PARTS
 10
  6.2000
 20
  5.3000
 30
0.0
 0
SEQEND
 8
PARTS
 0
POLYLINE
 8
PARTS
 66
1
 10
0.0
 20
0.0
 30
0.0
 0
VERTEX
 8
PARTS
 10
  6.2000
 20
  5.3000
 30
0.0
 0
VERTEX
 8
PARTS
 10
  6.2300
 20
  5.2200
 30
0.0
 0
SEQEND
 8
PARTS
 0
POLYLINE
 8
PARTS
 66
1
 10
0.0
 20
0.0
 30
0.0
 0
VERTEX
 8
PARTS
 10
 15.2000
 20
 18.1000
 30
0.0
 0
VERTEX
 8
PARTS
 10
 15.4000
 20
 18.1000
 30
0.0
 0
SEQEND
 8
PARTS
 0
POLYLINE
 8
PARTS
 66
1
 10
0.0
 20
0.0
 30
0.0
 0
VERTEX
 8
PARTS
 10
 15.2300
 20
 18.0700
 30
0.0
 0
VERTEX
 8
PARTS
 10
 15.3700
 20
 18.0700
 30
0.0
 0
SEQEND
 8
PARTS
 0
POLYLINE
 8
PARTS
 66
1
 10
0.0
 20
0.0
 30
0.0
 0
VERTEX
 8
PARTS
 10
 15.3400
 20
 18.0400
 30
0.0
 0
VERTEX
 8
PARTS
 10
 15.2600
 20
 18.0400
 30
0.0
 0
SEQEND
 8
PARTS
 0
POLYLINE
 8
PARTS
 66
1
 10
0.0
 20
0.0
 30
0.0
 0
VERTEX
 8
PARTS
 10
 15.2900
 20
 18.0100
 30
0.0
 0
VERTEX
 8
PARTS
 10
 15.3100
 20
 18.0100
 30
0.0
 0
SEQEND
 8
PARTS
 0
POLYLINE
 8
PARTS
 66
1
 10
0.0
 20
0.0
 30
0.0
 0
VERTEX
 8
PARTS
 10
 15.7000
 20
  9.7000
 30
0.0
 0
VERTEX
 8
PARTS
 10
 15.9000
 20
  9.7000
 30
0.0
 0
SEQEND
 8
PARTS
 0
POLYLINE
 8
PARTS
 66
1
 10
0.0
 20
0.0
 30
0.0
 0
VERTEX
 8
PARTS
 10
 15.7300
 20
  9.6700
 30
0.0
 0
VERTEX
 8
PARTS
 10
 15.8700
 20
  9.6700
 30
0.0
 0
SEQEND
 8
PARTS
 0
POLYLINE
 8
PARTS
 66
1
 10
0.0
 20
0.0
 30
0.0
 0
VERTEX
 8
PARTS
 10
 15.8400
 20
  9.6400
 30
0.0
 0
VERTEX
 8
PARTS
 10
 15.7600
 20
  9.6400
 30
0.0
 0
SEQEND
 8
PARTS
 0
POLYLINE
 8
PARTS
 66
1
 10
0.0
 20
0.0
 30
0.0
 0
VERTEX
 8
PARTS
 10
 15.7900
 20
  9.6100
 30
0.0
 0
VERTEX
 8
PARTS
 10
 15.8100
 20
  9.6100
 30
0.0
 0
SEQEND
 8
PARTS
 0
POLYLINE
 8
PARTS
 66
1
 10
0.0
 20
0.0
 30
0.0
 0
VERTEX
 8
PARTS
 10
 16.6000
 20
  9.7000
 30
0.0
 0
VERTEX
 8
PARTS
 10
 16.8000
 20
  9.7000
 30
0.0
 0
SEQEND
 8
PARTS
 0
POLYLINE
 8
PARTS
 66
1
 10
0.0
 20
0.0
 30
0.0
 0
VERTEX
 8
PARTS
 10
 16.6300
 20
  9.6700
 30
0.0
 0
VERTEX
 8
PARTS
 10
 16.7700
 20
  9.6700
 30
0.0
 0
SEQEND
 8
PARTS
 0
POLYLINE
 8
PARTS
 66
1
 10
0.0
 20
0.0
 30
0.0
 0
VERTEX
 8
PARTS
 10
 16.7400
 20
  9.6400
 30
0.0
 0
VERTEX
 8
PARTS
 10
 16.6600
 20
  9.6400
 30
0.0
 0
SEQEND
 8
PARTS
 0
POLYLINE
 8
PARTS
 66
1
 10
0.0
 20
0.0
 30
0.0
 0
VERTEX
 8
PARTS
 10
 16.6900
 20
  9.6100
 30
0.0
 0
VERTEX
 8
PARTS
 10
 16.7100
 20
  9.6100
 30
0.0
 0
SEQEND
 8
PARTS
 0
POLYLINE
 8
PARTS
 66
1
 10
0.0
 20
0.0
 30
0.0
 0
VERTEX
 8
PARTS
 10
 15.7000
 20
  7.3000
 30
0.0
 0
VERTEX
 8
PARTS
 10
 15.9000
 20
  7.3000
 30
0.0
 0
SEQEND
 8
PARTS
 0
POLYLINE
 8
PARTS
 66
1
 10
0.0
 20
0.0
 30
0.0
 0
VERTEX
 8
PARTS
 10
 15.7300
 20
  7.2700
 30
0.0
 0
VERTEX
 8
PARTS
 10
 15.8700
 20
  7.2700
 30
0.0
 0
SEQEND
 8
PARTS
 0
POLYLINE
 8
PARTS
 66
1
 10
0.0
 20
0.0
 30
0.0
 0
VERTEX
 8
PARTS
 10
 15.8400
 20
  7.2400
 30
0.0
 0
VERTEX
 8
PARTS
 10
 15.7600
 20
  7.2400
 30
0.0
 0
SEQEND
 8
PARTS
 0
POLYLINE
 8
PARTS
 66
1
 10
0.0
 20
0.0
 30
0.0
 0
VERTEX
 8
PARTS
 10
 15.7900
 20
  7.2100
 30
0.0
 0
VERTEX
 8
PARTS
 10
 15.8100
 20
  7.2100
 30
0.0
 0
SEQEND
 8
PARTS
 0
POLYLINE
 8
PARTS
 66
1
 10
0.0
 20
0.0
 30
0.0
 0
VERTEX
 8
PARTS
 10
 14.5000
 20
  5.7000
 30
0.0
 0
VERTEX
 8
PARTS
 10
 14.7000
 20
  5.7000
 30
0.0
 0
SEQEND
 8
PARTS
 0
POLYLINE
 8
PARTS
 66
1
 10
0.0
 20
0.0
 30
0.0
 0
VERTEX
 8
PARTS
 10
 14.5300
 20
  5.6700
 30
0.0
 0
VERTEX
 8
PARTS
 10
 14.6700
 20
  5.6700
 30
0.0
 0
SEQEND
 8
PARTS
 0
POLYLINE
 8
PARTS
 66
1
 10
0.0
 20
0.0
 30
0.0
 0
VERTEX
 8
PARTS
 10
 14.6400
 20
  5.6400
 30
0.0
 0
VERTEX
 8
PARTS
 10
 14.5600
 20
  5.6400
 30
0.0
 0
SEQEND
 8
PARTS
 0
POLYLINE
 8
PARTS
 66
1
 10
0.0
 20
0.0
 30
0.0
 0
VERTEX
 8
PARTS
 10
 14.5900
 20
  5.6100
 30
0.0
 0
VERTEX
 8
PARTS
 10
 14.6100
 20
  5.6100
 30
0.0
 0
SEQEND
 8
PARTS
 0
POLYLINE
 8
PARTS
 66
1
 10
0.0
 20
0.0
 30
0.0
 0
VERTEX
 8
PARTS
 10
 26.5000
 20
 17.8000
 30
0.0
 0
VERTEX
 8
PARTS
 10
 26.7000
 20
 17.8000
 30
0.0
 0
SEQEND
 8
PARTS
 0
POLYLINE
 8
PARTS
 66
1
 10
0.0
 20
0.0
 30
0.0
 0
VERTEX
 8
PARTS
 10
 26.5300
 20
 17.7700
 30
0.0
 0
VERTEX
 8
PARTS
 10
 26.6700
 20
 17.7700
 30
0.0
 0
SEQEND
 8
PARTS
 0
POLYLINE
 8
PARTS
 66
1
 10
0.0
 20
0.0
 30
0.0
 0
VERTEX
 8
PARTS
 10
 26.6400
 20
 17.7400
 30
0.0
 0
VERTEX
 8
PARTS
 10
 26.5600
 20
 17.7400
 30
0.0
 0
SEQEND
 8
PARTS
 0
POLYLINE
 8
PARTS
 66
1
 10
0.0
 20
0.0
 30
0.0
 0
VERTEX
 8
PARTS
 10
 26.5900
 20
 17.7100
 30
0.0
 0
VERTEX
 8
PARTS
 10
 26.6100
 20
 17.7100
 30
0.0
 0
SEQEND
 8
PARTS
 0
POLYLINE
 8
PARTS
 66
1
 10
0.0
 20
0.0
 30
0.0
 0
VERTEX
 8
PARTS
 10
 27.0000
 20
  9.5000
 30
0.0
 0
VERTEX
 8
PARTS
 10
 27.2000
 20
  9.5000
 30
0.0
 0
SEQEND
 8
PARTS
 0
POLYLINE
 8
PARTS
 66
1
 10
0.0
 20
0.0
 30
0.0
 0
VERTEX
 8
PARTS
 10
 27.0300
 20
  9.4700
 30
0.0
 0
VERTEX
 8
PARTS
 10
 27.1700
 20
  9.4700
 30
0.0
 0
SEQEND
 8
PARTS
 0
POLYLINE
 8
PARTS
 66
1
 10
0.0
 20
0.0
 30
0.0
 0
VERTEX
 8
PARTS
 10
 27.1400
 20
  9.4400
 30
0.0
 0
VERTEX
 8
PARTS
 10
 27.0600
 20
  9.4400
 30
0.0
 0
SEQEND
 8
PARTS
 0
POLYLINE
 8
PARTS
 66
1
 10
0.0
 20
0.0
 30
0.0
 0
VERTEX
 8
PARTS
 10
 27.0900
 20
  9.4100
 30
0.0
 0
VERTEX
 8
PARTS
 10
 27.1100
 20
  9.4100
 30
0.0
 0
SEQEND
 8
PARTS
 0
POLYLINE
 8
PARTS
 66
1
 10
0.0
 20
0.0
 30
0.0
 0
VERTEX
 8
PARTS
 10
 26.5000
 20
  3.1000
 30
0.0
 0
VERTEX
 8
PARTS
 10
 26.7000
 20
  3.1000
 30
0.0
 0
SEQEND
 8
PARTS
 0
POLYLINE
 8
PARTS
 66
1
 10
0.0
 20
0.0
 30
0.0
 0
VERTEX
 8
PARTS
 10
 26.5300
 20
  3.0700
 30
0.0
 0
VERTEX
 8
PARTS
 10
 26.6700
 20
  3.0700
 30
0.0
 0
SEQEND
 8
PARTS
 0
POLYLINE
 8
PARTS
 66
1
 10
0.0
 20
0.0
 30
0.0
 0
VERTEX
 8
PARTS
 10
 26.6400
 20
  3.0400
 30
0.0
 0
VERTEX
 8
PARTS
 10
 26.5600
 20
  3.0400
 30
0.0
 0
SEQEND
 8
PARTS
 0
POLYLINE
 8
PARTS
 66
1
 10
0.0
 20
0.0
 30
0.0
 0
VERTEX
 8
PARTS
 10
 26.5900
 20
  3.0100
 30
0.0
 0
VERTEX
 8
PARTS
 10
 26.6100
 20
  3.0100
 30
0.0
 0
SEQEND
 8
PARTS
 0
TEXT
 8
PARTTEXT
 10
 15.1000
 20
 10.4186
 30
0.0
 40
  0.0514
 1
V12-
 0
POLYLINE
 8
PARTS
 66
1
 10
0.0
 20
0.0
 30
0.0
 0
VERTEX
 8
PARTS
 10
 15.2300
 20
 10.3200
 30
0.0
 0
VERTEX
 8
PARTS
 10
 15.1700
 20
 10.3200
 30
0.0
 0
SEQEND
 8
PARTS
 0
POLYLINE
 8
PARTS
 66
1
 10
0.0
 20
0.0
 30
0.0
 0
VERTEX
 8
PARTS
 10
 15.2000
 20
 10.3200
 30
0.0
 0
VERTEX
 8
PARTS
 10
 15.2000
 20
 10.3000
 30
0.0
 0
SEQEND
 8
PARTS
 0
POLYLINE
 8
PARTS
 66
1
 10
0.0
 20
0.0
 30
0.0
 0
VERTEX
 8
PARTS
 10
 15.1700
 20
 10.3200
 30
0.0
 0
VERTEX
 8
PARTS
 10
 15.2000
 20
 10.4000
 30
0.0
 0
SEQEND
 8
PARTS
 0
POLYLINE
 8
PARTS
 66
1
 10
0.0
 20
0.0
 30
0.0
 0
VERTEX
 8
PARTS
 10
 15.2000
 20
 10.4000
 30
0.0
 0
VERTEX
 8
PARTS
 10
 15.2300
 20
 10.3200
 30
0.0
 0
SEQEND
 8
PARTS
 0
TEXT
 8
PARTTEXT
 10
 25.5000
 20
 15.3186
 30
0.0
 40
  0.0514
 1
V12-
 0
POLYLINE
 8
PARTS
 66
1
 10
0.0
 20
0.0
 30
0.0
 0
VERTEX
 8
PARTS
 10
 25.6300
 20
 15.2200
 30
0.0
 0
VERTEX
 8
PARTS
 10
 25.5700
 20
 15.2200
 30
0.0
 0
SEQEND
 8
PARTS
 0
POLYLINE
 8
PARTS
 66
1
 10
0.0
 20
0.0
 30
0.0
 0
VERTEX
 8
PARTS
 10
 25.6000
 20
 15.2200
 30
0.0
 0
VERTEX
 8
PARTS
 10
 25.6000
 20
 15.2000
 30
0.0
 0
SEQEND
 8
PARTS
 0
POLYLINE
 8
PARTS
 66
1
 10
0.0
 20
0.0
 30
0.0
 0
VERTEX
 8
PARTS
 10
 25.5700
 20
 15.2200
 30
0.0
 0
VERTEX
 8
PARTS
 10
 25.6000
 20
 15.3000
 30
0.0
 0
SEQEND
 8
PARTS
 0
POLYLINE
 8
PARTS
 66
1
 10
0.0
 20
0.0
 30
0.0
 0
VERTEX
 8
PARTS
 10
 25.6000
 20
 15.3000
 30
0.0
 0
VERTEX
 8
PARTS
 10
 25.6300
 20
 15.2200
 30
0.0
 0
SEQEND
 8
PARTS
 0
TEXT
 8
PARTTEXT
 10
 25.3000
 20
 18.8186
 30
0.0
 40
  0.0514
 1
V12+
 0
POLYLINE
 8
PARTS
 66
1
 10
0.0
 20
0.0
 30
0.0
 0
VERTEX
 8
PARTS
 10
 25.4300
 20
 18.7200
 30
0.0
 0
VERTEX
 8
PARTS
 10
 25.3700
 20
 18.7200
 30
0.0
 0
SEQEND
 8
PARTS
 0
POLYLINE
 8
PARTS
 66
1
 10
0.0
 20
0.0
 30
0.0
 0
VERTEX
 8
PARTS
 10
 25.4000
 20
 18.7200
 30
0.0
 0
VERTEX
 8
PARTS
 10
 25.4000
 20
 18.7000
 30
0.0
 0
SEQEND
 8
PARTS
 0
POLYLINE
 8
PARTS
 66
1
 10
0.0
 20
0.0
 30
0.0
 0
VERTEX
 8
PARTS
 10
 25.3700
 20
 18.7200
 30
0.0
 0
VERTEX
 8
PARTS
 10
 25.4000
 20
 18.8000
 30
0.0
 0
SEQEND
 8
PARTS
 0
POLYLINE
 8
PARTS
 66
1
 10
0.0
 20
0.0
 30
0.0
 0
VERTEX
 8
PARTS
 10
 25.4000
 20
 18.8000
 30
0.0
 0
VERTEX
 8
PARTS
 10
 25.4300
 20
 18.7200
 30
0.0
 0
SEQEND
 8
PARTS
 0
TEXT
 8
PARTTEXT
 10
 27.9000
 20
  2.5186
 30
0.0
 40
  0.0514
 1
V12-
 0
POLYLINE
 8
PARTS
 66
1
 10
0.0
 20
0.0
 30
0.0
 0
VERTEX
 8
PARTS
 10
 28.0300
 20
  2.6800
 30
0.0
 0
VERTEX
 8
PARTS
 10
 27.9700
 20
  2.6800
 30
0.0
 0
SEQEND
 8
PARTS
 0
POLYLINE
 8
PARTS
 66
1
 10
0.0
 20
0.0
 30
0.0
 0
VERTEX
 8
PARTS
 10
 28.0000
 20
  2.6800
 30
0.0
 0
VERTEX
 8
PARTS
 10
 28.0000
 20
  2.7000
 30
0.0
 0
SEQEND
 8
PARTS
 0
POLYLINE
 8
PARTS
 66
1
 10
0.0
 20
0.0
 30
0.0
 0
VERTEX
 8
PARTS
 10
 27.9700
 20
  2.6800
 30
0.0
 0
VERTEX
 8
PARTS
 10
 28.0000
 20
  2.6000
 30
0.0
 0
SEQEND
 8
PARTS
 0
POLYLINE
 8
PARTS
 66
1
 10
0.0
 20
0.0
 30
0.0
 0
VERTEX
 8
PARTS
 10
 28.0000
 20
  2.6000
 30
0.0
 0
VERTEX
 8
PARTS
 10
 28.0300
 20
  2.6800
 30
0.0
 0
SEQEND
 8
PARTS
 0
TEXT
 8
PARTTEXT
 10
  5.8000
 20
 15.9186
 30
0.0
 40
  0.0514
 1
V12-
 0
POLYLINE
 8
PARTS
 66
1
 10
0.0
 20
0.0
 30
0.0
 0
VERTEX
 8
PARTS
 10
  5.9300
 20
 15.8200
 30
0.0
 0
VERTEX
 8
PARTS
 10
  5.8700
 20
 15.8200
 30
0.0
 0
SEQEND
 8
PARTS
 0
POLYLINE
 8
PARTS
 66
1
 10
0.0
 20
0.0
 30
0.0
 0
VERTEX
 8
PARTS
 10
  5.9000
 20
 15.8200
 30
0.0
 0
VERTEX
 8
PARTS
 10
  5.9000
 20
 15.8000
 30
0.0
 0
SEQEND
 8
PARTS
 0
POLYLINE
 8
PARTS
 66
1
 10
0.0
 20
0.0
 30
0.0
 0
VERTEX
 8
PARTS
 10
  5.8700
 20
 15.8200
 30
0.0
 0
VERTEX
 8
PARTS
 10
  5.9000
 20
 15.9000
 30
0.0
 0
SEQEND
 8
PARTS
 0
POLYLINE
 8
PARTS
 66
1
 10
0.0
 20
0.0
 30
0.0
 0
VERTEX
 8
PARTS
 10
  5.9000
 20
 15.9000
 30
0.0
 0
VERTEX
 8
PARTS
 10
  5.9300
 20
 15.8200
 30
0.0
 0
SEQEND
 8
PARTS
 0
TEXT
 8
PARTTEXT
 10
  5.6000
 20
 19.4186
 30
0.0
 40
  0.0514
 1
V12+
 0
POLYLINE
 8
PARTS
 66
1
 10
0.0
 20
0.0
 30
0.0
 0
VERTEX
 8
PARTS
 10
  5.7300
 20
 19.3200
 30
0.0
 0
VERTEX
 8
PARTS
 10
  5.6700
 20
 19.3200
 30
0.0
 0
SEQEND
 8
PARTS
 0
POLYLINE
 8
PARTS
 66
1
 10
0.0
 20
0.0
 30
0.0
 0
VERTEX
 8
PARTS
 10
  5.7000
 20
 19.3200
 30
0.0
 0
VERTEX
 8
PARTS
 10
  5.7000
 20
 19.3000
 30
0.0
 0
SEQEND
 8
PARTS
 0
POLYLINE
 8
PARTS
 66
1
 10
0.0
 20
0.0
 30
0.0
 0
VERTEX
 8
PARTS
 10
  5.6700
 20
 19.3200
 30
0.0
 0
VERTEX
 8
PARTS
 10
  5.7000
 20
 19.4000
 30
0.0
 0
SEQEND
 8
PARTS
 0
POLYLINE
 8
PARTS
 66
1
 10
0.0
 20
0.0
 30
0.0
 0
VERTEX
 8
PARTS
 10
  5.7000
 20
 19.4000
 30
0.0
 0
VERTEX
 8
PARTS
 10
  5.7300
 20
 19.3200
 30
0.0
 0
SEQEND
 8
PARTS
 0
TEXT
 8
PARTTEXT
 10
 15.1000
 20
  8.3186
 30
0.0
 40
  0.0514
 1
V12+
 0
POLYLINE
 8
PARTS
 66
1
 10
0.0
 20
0.0
 30
0.0
 0
VERTEX
 8
PARTS
 10
 15.2300
 20
  8.2200
 30
0.0
 0
VERTEX
 8
PARTS
 10
 15.1700
 20
  8.2200
 30
0.0
 0
SEQEND
 8
PARTS
 0
POLYLINE
 8
PARTS
 66
1
 10
0.0
 20
0.0
 30
0.0
 0
VERTEX
 8
PARTS
 10
 15.2000
 20
  8.2200
 30
0.0
 0
VERTEX
 8
PARTS
 10
 15.2000
 20
  8.2000
 30
0.0
 0
SEQEND
 8
PARTS
 0
POLYLINE
 8
PARTS
 66
1
 10
0.0
 20
0.0
 30
0.0
 0
VERTEX
 8
PARTS
 10
 15.1700
 20
  8.2200
 30
0.0
 0
VERTEX
 8
PARTS
 10
 15.2000
 20
  8.3000
 30
0.0
 0
SEQEND
 8
PARTS
 0
POLYLINE
 8
PARTS
 66
1
 10
0.0
 20
0.0
 30
0.0
 0
VERTEX
 8
PARTS
 10
 15.2000
 20
  8.3000
 30
0.0
 0
VERTEX
 8
PARTS
 10
 15.2300
 20
  8.2200
 30
0.0
 0
SEQEND
 8
PARTS
 0
POLYLINE
 8
PARTS
 66
1
 10
0.0
 20
0.0
 30
0.0
 0
VERTEX
 8
PARTS
 10
 27.0000
 20
 14.6000
 30
0.0
 0
VERTEX
 8
PARTS
 10
 27.2000
 20
 14.6000
 30
0.0
 0
SEQEND
 8
PARTS
 0
POLYLINE
 8
PARTS
 66
1
 10
0.0
 20
0.0
 30
0.0
 0
VERTEX
 8
PARTS
 10
 27.0300
 20
 14.5700
 30
0.0
 0
VERTEX
 8
PARTS
 10
 27.1700
 20
 14.5700
 30
0.0
 0
SEQEND
 8
PARTS
 0
POLYLINE
 8
PARTS
 66
1
 10
0.0
 20
0.0
 30
0.0
 0
VERTEX
 8
PARTS
 10
 27.1400
 20
 14.5400
 30
0.0
 0
VERTEX
 8
PARTS
 10
 27.0600
 20
 14.5400
 30
0.0
 0
SEQEND
 8
PARTS
 0
POLYLINE
 8
PARTS
 66
1
 10
0.0
 20
0.0
 30
0.0
 0
VERTEX
 8
PARTS
 10
 27.0900
 20
 14.5100
 30
0.0
 0
VERTEX
 8
PARTS
 10
 27.1100
 20
 14.5100
 30
0.0
 0
SEQEND
 8
PARTS
 0
TEXT
 8
PARTTEXT
 10
 25.5000
 20
 10.2186
 30
0.0
 40
  0.0514
 1
V12-
 0
POLYLINE
 8
PARTS
 66
1
 10
0.0
 20
0.0
 30
0.0
 0
VERTEX
 8
PARTS
 10
 25.6300
 20
 10.1200
 30
0.0
 0
VERTEX
 8
PARTS
 10
 25.5700
 20
 10.1200
 30
0.0
 0
SEQEND
 8
PARTS
 0
POLYLINE
 8
PARTS
 66
1
 10
0.0
 20
0.0
 30
0.0
 0
VERTEX
 8
PARTS
 10
 25.6000
 20
 10.1200
 30
0.0
 0
VERTEX
 8
PARTS
 10
 25.6000
 20
 10.1000
 30
0.0
 0
SEQEND
 8
PARTS
 0
POLYLINE
 8
PARTS
 66
1
 10
0.0
 20
0.0
 30
0.0
 0
VERTEX
 8
PARTS
 10
 25.5700
 20
 10.1200
 30
0.0
 0
VERTEX
 8
PARTS
 10
 25.6000
 20
 10.2000
 30
0.0
 0
SEQEND
 8
PARTS
 0
POLYLINE
 8
PARTS
 66
1
 10
0.0
 20
0.0
 30
0.0
 0
VERTEX
 8
PARTS
 10
 25.6000
 20
 10.2000
 30
0.0
 0
VERTEX
 8
PARTS
 10
 25.6300
 20
 10.1200
 30
0.0
 0
SEQEND
 8
PARTS
 0
POLYLINE
 8
PARTS
 66
1
 10
0.0
 20
0.0
 30
0.0
 0
VERTEX
 8
PARTS
 10
  6.2000
 20
 18.4000
 30
0.0
 0
VERTEX
 8
PARTS
 10
  6.4000
 20
 18.4000
 30
0.0
 0
SEQEND
 8
PARTS
 0
POLYLINE
 8
PARTS
 66
1
 10
0.0
 20
0.0
 30
0.0
 0
VERTEX
 8
PARTS
 10
  6.2300
 20
 18.3700
 30
0.0
 0
VERTEX
 8
PARTS
 10
  6.3700
 20
 18.3700
 30
0.0
 0
SEQEND
 8
PARTS
 0
POLYLINE
 8
PARTS
 66
1
 10
0.0
 20
0.0
 30
0.0
 0
VERTEX
 8
PARTS
 10
  6.3400
 20
 18.3400
 30
0.0
 0
VERTEX
 8
PARTS
 10
  6.2600
 20
 18.3400
 30
0.0
 0
SEQEND
 8
PARTS
 0
POLYLINE
 8
PARTS
 66
1
 10
0.0
 20
0.0
 30
0.0
 0
VERTEX
 8
PARTS
 10
  6.2900
 20
 18.3100
 30
0.0
 0
VERTEX
 8
PARTS
 10
  6.3100
 20
 18.3100
 30
0.0
 0
SEQEND
 8
PARTS
 0
TEXT
 8
PARTTEXT
 10
  5.9000
 20
  8.8186
 30
0.0
 40
  0.0514
 1
V12+
 0
POLYLINE
 8
PARTS
 66
1
 10
0.0
 20
0.0
 30
0.0
 0
VERTEX
 8
PARTS
 10
  6.0300
 20
  8.7200
 30
0.0
 0
VERTEX
 8
PARTS
 10
  5.9700
 20
  8.7200
 30
0.0
 0
SEQEND
 8
PARTS
 0
POLYLINE
 8
PARTS
 66
1
 10
0.0
 20
0.0
 30
0.0
 0
VERTEX
 8
PARTS
 10
  6.0000
 20
  8.7200
 30
0.0
 0
VERTEX
 8
PARTS
 10
  6.0000
 20
  8.7000
 30
0.0
 0
SEQEND
 8
PARTS
 0
POLYLINE
 8
PARTS
 66
1
 10
0.0
 20
0.0
 30
0.0
 0
VERTEX
 8
PARTS
 10
  5.9700
 20
  8.7200
 30
0.0
 0
VERTEX
 8
PARTS
 10
  6.0000
 20
  8.8000
 30
0.0
 0
SEQEND
 8
PARTS
 0
POLYLINE
 8
PARTS
 66
1
 10
0.0
 20
0.0
 30
0.0
 0
VERTEX
 8
PARTS
 10
  6.0000
 20
  8.8000
 30
0.0
 0
VERTEX
 8
PARTS
 10
  6.0300
 20
  8.7200
 30
0.0
 0
SEQEND
 8
PARTS
 0
POLYLINE
 8
PARTS
 66
1
 10
0.0
 20
0.0
 30
0.0
 0
VERTEX
 8
PARTS
 10
 16.1000
 20
 12.9000
 30
0.0
 0
VERTEX
 8
PARTS
 10
 16.3000
 20
 12.9000
 30
0.0
 0
SEQEND
 8
PARTS
 0
POLYLINE
 8
PARTS
 66
1
 10
0.0
 20
0.0
 30
0.0
 0
VERTEX
 8
PARTS
 10
 16.1300
 20
 12.8700
 30
0.0
 0
VERTEX
 8
PARTS
 10
 16.2700
 20
 12.8700
 30
0.0
 0
SEQEND
 8
PARTS
 0
POLYLINE
 8
PARTS
 66
1
 10
0.0
 20
0.0
 30
0.0
 0
VERTEX
 8
PARTS
 10
 16.2400
 20
 12.8400
 30
0.0
 0
VERTEX
 8
PARTS
 10
 16.1600
 20
 12.8400
 30
0.0
 0
SEQEND
 8
PARTS
 0
POLYLINE
 8
PARTS
 66
1
 10
0.0
 20
0.0
 30
0.0
 0
VERTEX
 8
PARTS
 10
 16.1900
 20
 12.8100
 30
0.0
 0
VERTEX
 8
PARTS
 10
 16.2100
 20
 12.8100
 30
0.0
 0
SEQEND
 8
PARTS
 0
POLYLINE
 8
PARTS
 66
1
 10
0.0
 20
0.0
 30
0.0
 0
VERTEX
 8
PARTS
 10
  6.4000
 20
 13.2000
 30
0.0
 0
VERTEX
 8
PARTS
 10
  6.6000
 20
 13.2000
 30
0.0
 0
SEQEND
 8
PARTS
 0
POLYLINE
 8
PARTS
 66
1
 10
0.0
 20
0.0
 30
0.0
 0
VERTEX
 8
PARTS
 10
  6.4300
 20
 13.1700
 30
0.0
 0
VERTEX
 8
PARTS
 10
  6.5700
 20
 13.1700
 30
0.0
 0
SEQEND
 8
PARTS
 0
POLYLINE
 8
PARTS
 66
1
 10
0.0
 20
0.0
 30
0.0
 0
VERTEX
 8
PARTS
 10
  6.5400
 20
 13.1400
 30
0.0
 0
VERTEX
 8
PARTS
 10
  6.4600
 20
 13.1400
 30
0.0
 0
SEQEND
 8
PARTS
 0
POLYLINE
 8
PARTS
 66
1
 10
0.0
 20
0.0
 30
0.0
 0
VERTEX
 8
PARTS
 10
  6.4900
 20
 13.1100
 30
0.0
 0
VERTEX
 8
PARTS
 10
  6.5100
 20
 13.1100
 30
0.0
 0
SEQEND
 8
PARTS
 0
TEXT
 8
PARTTEXT
 10
 14.8000
 20
 19.2186
 30
0.0
 40
  0.0514
 1
V12+
 0
POLYLINE
 8
PARTS
 66
1
 10
0.0
 20
0.0
 30
0.0
 0
VERTEX
 8
PARTS
 10
 14.9300
 20
 19.1200
 30
0.0
 0
VERTEX
 8
PARTS
 10
 14.8700
 20
 19.1200
 30
0.0
 0
SEQEND
 8
PARTS
 0
POLYLINE
 8
PARTS
 66
1
 10
0.0
 20
0.0
 30
0.0
 0
VERTEX
 8
PARTS
 10
 14.9000
 20
 19.1200
 30
0.0
 0
VERTEX
 8
PARTS
 10
 14.9000
 20
 19.1000
 30
0.0
 0
SEQEND
 8
PARTS
 0
POLYLINE
 8
PARTS
 66
1
 10
0.0
 20
0.0
 30
0.0
 0
VERTEX
 8
PARTS
 10
 14.8700
 20
 19.1200
 30
0.0
 0
VERTEX
 8
PARTS
 10
 14.9000
 20
 19.2000
 30
0.0
 0
SEQEND
 8
PARTS
 0
POLYLINE
 8
PARTS
 66
1
 10
0.0
 20
0.0
 30
0.0
 0
VERTEX
 8
PARTS
 10
 14.9000
 20
 19.2000
 30
0.0
 0
VERTEX
 8
PARTS
 10
 14.9300
 20
 19.1200
 30
0.0
 0
SEQEND
 8
PARTS
 0
POLYLINE
 8
PARTS
 66
1
 10
0.0
 20
0.0
 30
0.0
 0
VERTEX
 8
PARTS
 10
 15.5000
 20
 12.9000
 30
0.0
 0
VERTEX
 8
PARTS
 10
 15.7000
 20
 12.9000
 30
0.0
 0
SEQEND
 8
PARTS
 0
POLYLINE
 8
PARTS
 66
1
 10
0.0
 20
0.0
 30
0.0
 0
VERTEX
 8
PARTS
 10
 15.5300
 20
 12.8700
 30
0.0
 0
VERTEX
 8
PARTS
 10
 15.6700
 20
 12.8700
 30
0.0
 0
SEQEND
 8
PARTS
 0
POLYLINE
 8
PARTS
 66
1
 10
0.0
 20
0.0
 30
0.0
 0
VERTEX
 8
PARTS
 10
 15.6400
 20
 12.8400
 30
0.0
 0
VERTEX
 8
PARTS
 10
 15.5600
 20
 12.8400
 30
0.0
 0
SEQEND
 8
PARTS
 0
POLYLINE
 8
PARTS
 66
1
 10
0.0
 20
0.0
 30
0.0
 0
VERTEX
 8
PARTS
 10
 15.5900
 20
 12.8100
 30
0.0
 0
VERTEX
 8
PARTS
 10
 15.6100
 20
 12.8100
 30
0.0
 0
SEQEND
 8
PARTS
 0
POLYLINE
 8
PARTS
 66
1
 10
0.0
 20
0.0
 30
0.0
 0
VERTEX
 8
PARTS
 10
  7.3000
 20
 15.2000
 30
0.0
 0
VERTEX
 8
PARTS
 10
  7.5000
 20
 15.2000
 30
0.0
 0
SEQEND
 8
PARTS
 0
POLYLINE
 8
PARTS
 66
1
 10
0.0
 20
0.0
 30
0.0
 0
VERTEX
 8
PARTS
 10
  7.3300
 20
 15.1700
 30
0.0
 0
VERTEX
 8
PARTS
 10
  7.4700
 20
 15.1700
 30
0.0
 0
SEQEND
 8
PARTS
 0
POLYLINE
 8
PARTS
 66
1
 10
0.0
 20
0.0
 30
0.0
 0
VERTEX
 8
PARTS
 10
  7.4400
 20
 15.1400
 30
0.0
 0
VERTEX
 8
PARTS
 10
  7.3600
 20
 15.1400
 30
0.0
 0
SEQEND
 8
PARTS
 0
POLYLINE
 8
PARTS
 66
1
 10
0.0
 20
0.0
 30
0.0
 0
VERTEX
 8
PARTS
 10
  7.3900
 20
 15.1100
 30
0.0
 0
VERTEX
 8
PARTS
 10
  7.4100
 20
 15.1100
 30
0.0
 0
SEQEND
 8
PARTS
 0
POLYLINE
 8
PARTS
 66
1
 10
0.0
 20
0.0
 30
0.0
 0
VERTEX
 8
PARTS
 10
 14.2000
 20
 16.6000
 30
0.0
 0
VERTEX
 8
PARTS
 10
 14.4000
 20
 16.6000
 30
0.0
 0
SEQEND
 8
PARTS
 0
POLYLINE
 8
PARTS
 66
1
 10
0.0
 20
0.0
 30
0.0
 0
VERTEX
 8
PARTS
 10
 14.2300
 20
 16.5700
 30
0.0
 0
VERTEX
 8
PARTS
 10
 14.3700
 20
 16.5700
 30
0.0
 0
SEQEND
 8
PARTS
 0
POLYLINE
 8
PARTS
 66
1
 10
0.0
 20
0.0
 30
0.0
 0
VERTEX
 8
PARTS
 10
 14.3400
 20
 16.5400
 30
0.0
 0
VERTEX
 8
PARTS
 10
 14.2600
 20
 16.5400
 30
0.0
 0
SEQEND
 8
PARTS
 0
POLYLINE
 8
PARTS
 66
1
 10
0.0
 20
0.0
 30
0.0
 0
VERTEX
 8
PARTS
 10
 14.2900
 20
 16.5100
 30
0.0
 0
VERTEX
 8
PARTS
 10
 14.3100
 20
 16.5100
 30
0.0
 0
SEQEND
 8
PARTS
 0
POLYLINE
 8
PARTS
 66
1
 10
0.0
 20
0.0
 30
0.0
 0
VERTEX
 8
PARTS
 10
  5.2000
 20
 11.6000
 30
0.0
 0
VERTEX
 8
PARTS
 10
  5.4000
 20
 11.6000
 30
0.0
 0
SEQEND
 8
PARTS
 0
POLYLINE
 8
PARTS
 66
1
 10
0.0
 20
0.0
 30
0.0
 0
VERTEX
 8
PARTS
 10
  5.2300
 20
 11.5700
 30
0.0
 0
VERTEX
 8
PARTS
 10
  5.3700
 20
 11.5700
 30
0.0
 0
SEQEND
 8
PARTS
 0
POLYLINE
 8
PARTS
 66
1
 10
0.0
 20
0.0
 30
0.0
 0
VERTEX
 8
PARTS
 10
  5.3400
 20
 11.5400
 30
0.0
 0
VERTEX
 8
PARTS
 10
  5.2600
 20
 11.5400
 30
0.0
 0
SEQEND
 8
PARTS
 0
POLYLINE
 8
PARTS
 66
1
 10
0.0
 20
0.0
 30
0.0
 0
VERTEX
 8
PARTS
 10
  5.2900
 20
 11.5100
 30
0.0
 0
VERTEX
 8
PARTS
 10
  5.3100
 20
 11.5100
 30
0.0
 0
SEQEND
 8
PARTS
 0
POLYLINE
 8
PARTS
 66
1
 10
0.0
 20
0.0
 30
0.0
 0
VERTEX
 8
PARTS
 10
 16.8000
 20
  4.1000
 30
0.0
 0
VERTEX
 8
PARTS
 10
 17.0000
 20
  4.1000
 30
0.0
 0
SEQEND
 8
PARTS
 0
POLYLINE
 8
PARTS
 66
1
 10
0.0
 20
0.0
 30
0.0
 0
VERTEX
 8
PARTS
 10
 16.8300
 20
  4.0700
 30
0.0
 0
VERTEX
 8
PARTS
 10
 16.9700
 20
  4.0700
 30
0.0
 0
SEQEND
 8
PARTS
 0
POLYLINE
 8
PARTS
 66
1
 10
0.0
 20
0.0
 30
0.0
 0
VERTEX
 8
PARTS
 10
 16.9400
 20
  4.0400
 30
0.0
 0
VERTEX
 8
PARTS
 10
 16.8600
 20
  4.0400
 30
0.0
 0
SEQEND
 8
PARTS
 0
POLYLINE
 8
PARTS
 66
1
 10
0.0
 20
0.0
 30
0.0
 0
VERTEX
 8
PARTS
 10
 16.8900
 20
  4.0100
 30
0.0
 0
VERTEX
 8
PARTS
 10
 16.9100
 20
  4.0100
 30
0.0
 0
SEQEND
 8
PARTS
 0
TEXT
 8
PARTTEXT
 10
 25.5000
 20
  4.2186
 30
0.0
 40
  0.0514
 1
V12+
 0
POLYLINE
 8
PARTS
 66
1
 10
0.0
 20
0.0
 30
0.0
 0
VERTEX
 8
PARTS
 10
 25.6300
 20
  4.1200
 30
0.0
 0
VERTEX
 8
PARTS
 10
 25.5700
 20
  4.1200
 30
0.0
 0
SEQEND
 8
PARTS
 0
POLYLINE
 8
PARTS
 66
1
 10
0.0
 20
0.0
 30
0.0
 0
VERTEX
 8
PARTS
 10
 25.6000
 20
  4.1200
 30
0.0
 0
VERTEX
 8
PARTS
 10
 25.6000
 20
  4.1000
 30
0.0
 0
SEQEND
 8
PARTS
 0
POLYLINE
 8
PARTS
 66
1
 10
0.0
 20
0.0
 30
0.0
 0
VERTEX
 8
PARTS
 10
 25.5700
 20
  4.1200
 30
0.0
 0
VERTEX
 8
PARTS
 10
 25.6000
 20
  4.2000
 30
0.0
 0
SEQEND
 8
PARTS
 0
POLYLINE
 8
PARTS
 66
1
 10
0.0
 20
0.0
 30
0.0
 0
VERTEX
 8
PARTS
 10
 25.6000
 20
  4.2000
 30
0.0
 0
VERTEX
 8
PARTS
 10
 25.6300
 20
  4.1200
 30
0.0
 0
SEQEND
 8
PARTS
 0
POLYLINE
 8
PARTS
 66
1
 10
0.0
 20
0.0
 30
0.0
 0
VERTEX
 8
PARTS
 10
  6.6000
 20
 10.0000
 30
0.0
 0
VERTEX
 8
PARTS
 10
  6.8000
 20
 10.0000
 30
0.0
 0
SEQEND
 8
PARTS
 0
POLYLINE
 8
PARTS
 66
1
 10
0.0
 20
0.0
 30
0.0
 0
VERTEX
 8
PARTS
 10
  6.6300
 20
  9.9700
 30
0.0
 0
VERTEX
 8
PARTS
 10
  6.7700
 20
  9.9700
 30
0.0
 0
SEQEND
 8
PARTS
 0
POLYLINE
 8
PARTS
 66
1
 10
0.0
 20
0.0
 30
0.0
 0
VERTEX
 8
PARTS
 10
  6.7400
 20
  9.9400
 30
0.0
 0
VERTEX
 8
PARTS
 10
  6.6600
 20
  9.9400
 30
0.0
 0
SEQEND
 8
PARTS
 0
POLYLINE
 8
PARTS
 66
1
 10
0.0
 20
0.0
 30
0.0
 0
VERTEX
 8
PARTS
 10
  6.6900
 20
  9.9100
 30
0.0
 0
VERTEX
 8
PARTS
 10
  6.7100
 20
  9.9100
 30
0.0
 0
SEQEND
 8
PARTS
 0
POLYLINE
 8
PARTS
 66
1
 10
0.0
 20
0.0
 30
0.0
 0
VERTEX
 8
PARTS
 10
  6.7000
 20
  4.6000
 30
0.0
 0
VERTEX
 8
PARTS
 10
  6.9000
 20
  4.6000
 30
0.0
 0
SEQEND
 8
PARTS
 0
POLYLINE
 8
PARTS
 66
1
 10
0.0
 20
0.0
 30
0.0
 0
VERTEX
 8
PARTS
 10
  6.7300
 20
  4.5700
 30
0.0
 0
VERTEX
 8
PARTS
 10
  6.8700
 20
  4.5700
 30
0.0
 0
SEQEND
 8
PARTS
 0
POLYLINE
 8
PARTS
 66
1
 10
0.0
 20
0.0
 30
0.0
 0
VERTEX
 8
PARTS
 10
  6.8400
 20
  4.5400
 30
0.0
 0
VERTEX
 8
PARTS
 10
  6.7600
 20
  4.5400
 30
0.0
 0
SEQEND
 8
PARTS
 0
POLYLINE
 8
PARTS
 66
1
 10
0.0
 20
0.0
 30
0.0
 0
VERTEX
 8
PARTS
 10
  6.7900
 20
  4.5100
 30
0.0
 0
VERTEX
 8
PARTS
 10
  6.8100
 20
  4.5100
 30
0.0
 0
SEQEND
 8
PARTS
 0
POLYLINE
 8
PARTS
 66
1
 10
0.0
 20
0.0
 30
0.0
 0
VERTEX
 8
PARTS
 10
 15.9000
 20
  4.1000
 30
0.0
 0
VERTEX
 8
PARTS
 10
 16.1000
 20
  4.1000
 30
0.0
 0
SEQEND
 8
PARTS
 0
POLYLINE
 8
PARTS
 66
1
 10
0.0
 20
0.0
 30
0.0
 0
VERTEX
 8
PARTS
 10
 15.9300
 20
  4.0700
 30
0.0
 0
VERTEX
 8
PARTS
 10
 16.0700
 20
  4.0700
 30
0.0
 0
SEQEND
 8
PARTS
 0
POLYLINE
 8
PARTS
 66
1
 10
0.0
 20
0.0
 30
0.0
 0
VERTEX
 8
PARTS
 10
 16.0400
 20
  4.0400
 30
0.0
 0
VERTEX
 8
PARTS
 10
 15.9600
 20
  4.0400
 30
0.0
 0
SEQEND
 8
PARTS
 0
POLYLINE
 8
PARTS
 66
1
 10
0.0
 20
0.0
 30
0.0
 0
VERTEX
 8
PARTS
 10
 15.9900
 20
  4.0100
 30
0.0
 0
VERTEX
 8
PARTS
 10
 16.0100
 20
  4.0100
 30
0.0
 0
SEQEND
 8
PARTS
 0
POLYLINE
 8
PARTS
 66
1
 10
0.0
 20
0.0
 30
0.0
 0
VERTEX
 8
PARTS
 10
 25.9000
 20
 17.8000
 30
0.0
 0
VERTEX
 8
PARTS
 10
 26.1000
 20
 17.8000
 30
0.0
 0
SEQEND
 8
PARTS
 0
POLYLINE
 8
PARTS
 66
1
 10
0.0
 20
0.0
 30
0.0
 0
VERTEX
 8
PARTS
 10
 25.9300
 20
 17.7700
 30
0.0
 0
VERTEX
 8
PARTS
 10
 26.0700
 20
 17.7700
 30
0.0
 0
SEQEND
 8
PARTS
 0
POLYLINE
 8
PARTS
 66
1
 10
0.0
 20
0.0
 30
0.0
 0
VERTEX
 8
PARTS
 10
 26.0400
 20
 17.7400
 30
0.0
 0
VERTEX
 8
PARTS
 10
 25.9600
 20
 17.7400
 30
0.0
 0
SEQEND
 8
PARTS
 0
POLYLINE
 8
PARTS
 66
1
 10
0.0
 20
0.0
 30
0.0
 0
VERTEX
 8
PARTS
 10
 25.9900
 20
 17.7100
 30
0.0
 0
VERTEX
 8
PARTS
 10
 26.0100
 20
 17.7100
 30
0.0
 0
SEQEND
 8
PARTS
 0
POLYLINE
 8
PARTS
 66
1
 10
0.0
 20
0.0
 30
0.0
 0
VERTEX
 8
PARTS
 10
 25.9000
 20
 12.7000
 30
0.0
 0
VERTEX
 8
PARTS
 10
 26.1000
 20
 12.7000
 30
0.0
 0
SEQEND
 8
PARTS
 0
POLYLINE
 8
PARTS
 66
1
 10
0.0
 20
0.0
 30
0.0
 0
VERTEX
 8
PARTS
 10
 25.9300
 20
 12.6700
 30
0.0
 0
VERTEX
 8
PARTS
 10
 26.0700
 20
 12.6700
 30
0.0
 0
SEQEND
 8
PARTS
 0
POLYLINE
 8
PARTS
 66
1
 10
0.0
 20
0.0
 30
0.0
 0
VERTEX
 8
PARTS
 10
 26.0400
 20
 12.6400
 30
0.0
 0
VERTEX
 8
PARTS
 10
 25.9600
 20
 12.6400
 30
0.0
 0
SEQEND
 8
PARTS
 0
POLYLINE
 8
PARTS
 66
1
 10
0.0
 20
0.0
 30
0.0
 0
VERTEX
 8
PARTS
 10
 25.9900
 20
 12.6100
 30
0.0
 0
VERTEX
 8
PARTS
 10
 26.0100
 20
 12.6100
 30
0.0
 0
SEQEND
 8
PARTS
 0
TEXT
 8
PARTTEXT
 10
 25.3000
 20
 13.7186
 30
0.0
 40
  0.0514
 1
V12+
 0
POLYLINE
 8
PARTS
 66
1
 10
0.0
 20
0.0
 30
0.0
 0
VERTEX
 8
PARTS
 10
 25.4300
 20
 13.6200
 30
0.0
 0
VERTEX
 8
PARTS
 10
 25.3700
 20
 13.6200
 30
0.0
 0
SEQEND
 8
PARTS
 0
POLYLINE
 8
PARTS
 66
1
 10
0.0
 20
0.0
 30
0.0
 0
VERTEX
 8
PARTS
 10
 25.4000
 20
 13.6200
 30
0.0
 0
VERTEX
 8
PARTS
 10
 25.4000
 20
 13.6000
 30
0.0
 0
SEQEND
 8
PARTS
 0
POLYLINE
 8
PARTS
 66
1
 10
0.0
 20
0.0
 30
0.0
 0
VERTEX
 8
PARTS
 10
 25.3700
 20
 13.6200
 30
0.0
 0
VERTEX
 8
PARTS
 10
 25.4000
 20
 13.7000
 30
0.0
 0
SEQEND
 8
PARTS
 0
POLYLINE
 8
PARTS
 66
1
 10
0.0
 20
0.0
 30
0.0
 0
VERTEX
 8
PARTS
 10
 25.4000
 20
 13.7000
 30
0.0
 0
VERTEX
 8
PARTS
 10
 25.4300
 20
 13.6200
 30
0.0
 0
SEQEND
 8
PARTS
 0
POLYLINE
 8
PARTS
 66
1
 10
0.0
 20
0.0
 30
0.0
 0
VERTEX
 8
PARTS
 10
  1.8000
 20
 16.9000
 30
0.0
 0
VERTEX
 8
PARTS
 10
  2.0000
 20
 16.9000
 30
0.0
 0
SEQEND
 8
PARTS
 0
POLYLINE
 8
PARTS
 66
1
 10
0.0
 20
0.0
 30
0.0
 0
VERTEX
 8
PARTS
 10
  1.8300
 20
 16.8700
 30
0.0
 0
VERTEX
 8
PARTS
 10
  1.9700
 20
 16.8700
 30
0.0
 0
SEQEND
 8
PARTS
 0
POLYLINE
 8
PARTS
 66
1
 10
0.0
 20
0.0
 30
0.0
 0
VERTEX
 8
PARTS
 10
  1.9400
 20
 16.8400
 30
0.0
 0
VERTEX
 8
PARTS
 10
  1.8600
 20
 16.8400
 30
0.0
 0
SEQEND
 8
PARTS
 0
POLYLINE
 8
PARTS
 66
1
 10
0.0
 20
0.0
 30
0.0
 0
VERTEX
 8
PARTS
 10
  1.8900
 20
 16.8100
 30
0.0
 0
VERTEX
 8
PARTS
 10
  1.9100
 20
 16.8100
 30
0.0
 0
SEQEND
 8
PARTS
 0
POLYLINE
 8
PARTS
 66
1
 10
0.0
 20
0.0
 30
0.0
 0
VERTEX
 8
PARTS
 10
 26.1000
 20
  9.5000
 30
0.0
 0
VERTEX
 8
PARTS
 10
 26.3000
 20
  9.5000
 30
0.0
 0
SEQEND
 8
PARTS
 0
POLYLINE
 8
PARTS
 66
1
 10
0.0
 20
0.0
 30
0.0
 0
VERTEX
 8
PARTS
 10
 26.1300
 20
  9.4700
 30
0.0
 0
VERTEX
 8
PARTS
 10
 26.2700
 20
  9.4700
 30
0.0
 0
SEQEND
 8
PARTS
 0
POLYLINE
 8
PARTS
 66
1
 10
0.0
 20
0.0
 30
0.0
 0
VERTEX
 8
PARTS
 10
 26.2400
 20
  9.4400
 30
0.0
 0
VERTEX
 8
PARTS
 10
 26.1600
 20
  9.4400
 30
0.0
 0
SEQEND
 8
PARTS
 0
POLYLINE
 8
PARTS
 66
1
 10
0.0
 20
0.0
 30
0.0
 0
VERTEX
 8
PARTS
 10
 26.1900
 20
  9.4100
 30
0.0
 0
VERTEX
 8
PARTS
 10
 26.2100
 20
  9.4100
 30
0.0
 0
SEQEND
 8
PARTS
 0
TEXT
 8
PARTTEXT
 10
 27.9000
 20
  4.5186
 30
0.0
 40
  0.0514
 1
V12+
 0
POLYLINE
 8
PARTS
 66
1
 10
0.0
 20
0.0
 30
0.0
 0
VERTEX
 8
PARTS
 10
 28.0300
 20
  4.4200
 30
0.0
 0
VERTEX
 8
PARTS
 10
 27.9700
 20
  4.4200
 30
0.0
 0
SEQEND
 8
PARTS
 0
POLYLINE
 8
PARTS
 66
1
 10
0.0
 20
0.0
 30
0.0
 0
VERTEX
 8
PARTS
 10
 28.0000
 20
  4.4200
 30
0.0
 0
VERTEX
 8
PARTS
 10
 28.0000
 20
  4.4000
 30
0.0
 0
SEQEND
 8
PARTS
 0
POLYLINE
 8
PARTS
 66
1
 10
0.0
 20
0.0
 30
0.0
 0
VERTEX
 8
PARTS
 10
 27.9700
 20
  4.4200
 30
0.0
 0
VERTEX
 8
PARTS
 10
 28.0000
 20
  4.5000
 30
0.0
 0
SEQEND
 8
PARTS
 0
POLYLINE
 8
PARTS
 66
1
 10
0.0
 20
0.0
 30
0.0
 0
VERTEX
 8
PARTS
 10
 28.0000
 20
  4.5000
 30
0.0
 0
VERTEX
 8
PARTS
 10
 28.0300
 20
  4.4200
 30
0.0
 0
SEQEND
 8
PARTS
 0
POLYLINE
 8
PARTS
 66
1
 10
0.0
 20
0.0
 30
0.0
 0
VERTEX
 8
PARTS
 10
  6.5000
 20
  7.8000
 30
0.0
 0
VERTEX
 8
PARTS
 10
  6.7000
 20
  7.8000
 30
0.0
 0
SEQEND
 8
PARTS
 0
POLYLINE
 8
PARTS
 66
1
 10
0.0
 20
0.0
 30
0.0
 0
VERTEX
 8
PARTS
 10
  6.5300
 20
  7.7700
 30
0.0
 0
VERTEX
 8
PARTS
 10
  6.6700
 20
  7.7700
 30
0.0
 0
SEQEND
 8
PARTS
 0
POLYLINE
 8
PARTS
 66
1
 10
0.0
 20
0.0
 30
0.0
 0
VERTEX
 8
PARTS
 10
  6.6400
 20
  7.7400
 30
0.0
 0
VERTEX
 8
PARTS
 10
  6.5600
 20
  7.7400
 30
0.0
 0
SEQEND
 8
PARTS
 0
POLYLINE
 8
PARTS
 66
1
 10
0.0
 20
0.0
 30
0.0
 0
VERTEX
 8
PARTS
 10
  6.5900
 20
  7.7100
 30
0.0
 0
VERTEX
 8
PARTS
 10
  6.6100
 20
  7.7100
 30
0.0
 0
SEQEND
 8
PARTS
 0
POLYLINE
 8
PARTS
 66
1
 10
0.0
 20
0.0
 30
0.0
 0
VERTEX
 8
PARTS
 10
  5.3000
 20
  6.2000
 30
0.0
 0
VERTEX
 8
PARTS
 10
  5.5000
 20
  6.2000
 30
0.0
 0
SEQEND
 8
PARTS
 0
POLYLINE
 8
PARTS
 66
1
 10
0.0
 20
0.0
 30
0.0
 0
VERTEX
 8
PARTS
 10
  5.3300
 20
  6.1700
 30
0.0
 0
VERTEX
 8
PARTS
 10
  5.4700
 20
  6.1700
 30
0.0
 0
SEQEND
 8
PARTS
 0
POLYLINE
 8
PARTS
 66
1
 10
0.0
 20
0.0
 30
0.0
 0
VERTEX
 8
PARTS
 10
  5.4400
 20
  6.1400
 30
0.0
 0
VERTEX
 8
PARTS
 10
  5.3600
 20
  6.1400
 30
0.0
 0
SEQEND
 8
PARTS
 0
POLYLINE
 8
PARTS
 66
1
 10
0.0
 20
0.0
 30
0.0
 0
VERTEX
 8
PARTS
 10
  5.3900
 20
  6.1100
 30
0.0
 0
VERTEX
 8
PARTS
 10
  5.4100
 20
  6.1100
 30
0.0
 0
SEQEND
 8
PARTS
 0
POLYLINE
 8
PARTS
 66
1
 10
0.0
 20
0.0
 30
0.0
 0
VERTEX
 8
PARTS
 10
 16.5000
 20
 15.0000
 30
0.0
 0
VERTEX
 8
PARTS
 10
 16.7000
 20
 15.0000
 30
0.0
 0
SEQEND
 8
PARTS
 0
POLYLINE
 8
PARTS
 66
1
 10
0.0
 20
0.0
 30
0.0
 0
VERTEX
 8
PARTS
 10
 16.5300
 20
 14.9700
 30
0.0
 0
VERTEX
 8
PARTS
 10
 16.6700
 20
 14.9700
 30
0.0
 0
SEQEND
 8
PARTS
 0
POLYLINE
 8
PARTS
 66
1
 10
0.0
 20
0.0
 30
0.0
 0
VERTEX
 8
PARTS
 10
 16.6400
 20
 14.9400
 30
0.0
 0
VERTEX
 8
PARTS
 10
 16.5600
 20
 14.9400
 30
0.0
 0
SEQEND
 8
PARTS
 0
POLYLINE
 8
PARTS
 66
1
 10
0.0
 20
0.0
 30
0.0
 0
VERTEX
 8
PARTS
 10
 16.5900
 20
 14.9100
 30
0.0
 0
VERTEX
 8
PARTS
 10
 16.6100
 20
 14.9100
 30
0.0
 0
SEQEND
 8
PARTS
 0
POLYLINE
 8
PARTS
 66
1
 10
0.0
 20
0.0
 30
0.0
 0
VERTEX
 8
PARTS
 10
 14.3000
 20
 11.3000
 30
0.0
 0
VERTEX
 8
PARTS
 10
 14.5000
 20
 11.3000
 30
0.0
 0
SEQEND
 8
PARTS
 0
POLYLINE
 8
PARTS
 66
1
 10
0.0
 20
0.0
 30
0.0
 0
VERTEX
 8
PARTS
 10
 14.3300
 20
 11.2700
 30
0.0
 0
VERTEX
 8
PARTS
 10
 14.4700
 20
 11.2700
 30
0.0
 0
SEQEND
 8
PARTS
 0
POLYLINE
 8
PARTS
 66
1
 10
0.0
 20
0.0
 30
0.0
 0
VERTEX
 8
PARTS
 10
 14.4400
 20
 11.2400
 30
0.0
 0
VERTEX
 8
PARTS
 10
 14.3600
 20
 11.2400
 30
0.0
 0
SEQEND
 8
PARTS
 0
POLYLINE
 8
PARTS
 66
1
 10
0.0
 20
0.0
 30
0.0
 0
VERTEX
 8
PARTS
 10
 14.3900
 20
 11.2100
 30
0.0
 0
VERTEX
 8
PARTS
 10
 14.4100
 20
 11.2100
 30
0.0
 0
SEQEND
 8
PARTS
 0
TEXT
 8
PARTTEXT
 10
 15.3000
 20
  4.8186
 30
0.0
 40
  0.0514
 1
V12-
 0
POLYLINE
 8
PARTS
 66
1
 10
0.0
 20
0.0
 30
0.0
 0
VERTEX
 8
PARTS
 10
 15.4300
 20
  4.7200
 30
0.0
 0
VERTEX
 8
PARTS
 10
 15.3700
 20
  4.7200
 30
0.0
 0
SEQEND
 8
PARTS
 0
POLYLINE
 8
PARTS
 66
1
 10
0.0
 20
0.0
 30
0.0
 0
VERTEX
 8
PARTS
 10
 15.4000
 20
  4.7200
 30
0.0
 0
VERTEX
 8
PARTS
 10
 15.4000
 20
  4.7000
 30
0.0
 0
SEQEND
 8
PARTS
 0
POLYLINE
 8
PARTS
 66
1
 10
0.0
 20
0.0
 30
0.0
 0
VERTEX
 8
PARTS
 10
 15.3700
 20
  4.7200
 30
0.0
 0
VERTEX
 8
PARTS
 10
 15.4000
 20
  4.8000
 30
0.0
 0
SEQEND
 8
PARTS
 0
POLYLINE
 8
PARTS
 66
1
 10
0.0
 20
0.0
 30
0.0
 0
VERTEX
 8
PARTS
 10
 15.4000
 20
  4.8000
 30
0.0
 0
VERTEX
 8
PARTS
 10
 15.4300
 20
  4.7200
 30
0.0
 0
SEQEND
 8
PARTS
 0
POLYLINE
 8
PARTS
 66
1
 10
0.0
 20
0.0
 30
0.0
 0
VERTEX
 8
PARTS
 10
 26.1000
 20
 14.6000
 30
0.0
 0
VERTEX
 8
PARTS
 10
 26.3000
 20
 14.6000
 30
0.0
 0
SEQEND
 8
PARTS
 0
POLYLINE
 8
PARTS
 66
1
 10
0.0
 20
0.0
 30
0.0
 0
VERTEX
 8
PARTS
 10
 26.1300
 20
 14.5700
 30
0.0
 0
VERTEX
 8
PARTS
 10
 26.2700
 20
 14.5700
 30
0.0
 0
SEQEND
 8
PARTS
 0
POLYLINE
 8
PARTS
 66
1
 10
0.0
 20
0.0
 30
0.0
 0
VERTEX
 8
PARTS
 10
 26.2400
 20
 14.5400
 30
0.0
 0
VERTEX
 8
PARTS
 10
 26.1600
 20
 14.5400
 30
0.0
 0
SEQEND
 8
PARTS
 0
POLYLINE
 8
PARTS
 66
1
 10
0.0
 20
0.0
 30
0.0
 0
VERTEX
 8
PARTS
 10
 26.1900
 20
 14.5100
 30
0.0
 0
VERTEX
 8
PARTS
 10
 26.2100
 20
 14.5100
 30
0.0
 0
SEQEND
 8
PARTS
 0
POLYLINE
 8
PARTS
 66
1
 10
0.0
 20
0.0
 30
0.0
 0
VERTEX
 8
PARTS
 10
 24.7000
 20
 16.2000
 30
0.0
 0
VERTEX
 8
PARTS
 10
 24.9000
 20
 16.2000
 30
0.0
 0
SEQEND
 8
PARTS
 0
POLYLINE
 8
PARTS
 66
1
 10
0.0
 20
0.0
 30
0.0
 0
VERTEX
 8
PARTS
 10
 24.7300
 20
 16.1700
 30
0.0
 0
VERTEX
 8
PARTS
 10
 24.8700
 20
 16.1700
 30
0.0
 0
SEQEND
 8
PARTS
 0
POLYLINE
 8
PARTS
 66
1
 10
0.0
 20
0.0
 30
0.0
 0
VERTEX
 8
PARTS
 10
 24.8400
 20
 16.1400
 30
0.0
 0
VERTEX
 8
PARTS
 10
 24.7600
 20
 16.1400
 30
0.0
 0
SEQEND
 8
PARTS
 0
POLYLINE
 8
PARTS
 66
1
 10
0.0
 20
0.0
 30
0.0
 0
VERTEX
 8
PARTS
 10
 24.7900
 20
 16.1100
 30
0.0
 0
VERTEX
 8
PARTS
 10
 24.8100
 20
 16.1100
 30
0.0
 0
SEQEND
 8
PARTS
 0
POLYLINE
 8
PARTS
 66
1
 10
0.0
 20
0.0
 30
0.0
 0
VERTEX
 8
PARTS
 10
  1.3000
 20
 11.7000
 30
0.0
 0
VERTEX
 8
PARTS
 10
  1.5000
 20
 11.7000
 30
0.0
 0
SEQEND
 8
PARTS
 0
POLYLINE
 8
PARTS
 66
1
 10
0.0
 20
0.0
 30
0.0
 0
VERTEX
 8
PARTS
 10
  1.3300
 20
 11.6700
 30
0.0
 0
VERTEX
 8
PARTS
 10
  1.4700
 20
 11.6700
 30
0.0
 0
SEQEND
 8
PARTS
 0
POLYLINE
 8
PARTS
 66
1
 10
0.0
 20
0.0
 30
0.0
 0
VERTEX
 8
PARTS
 10
  1.4400
 20
 11.6400
 30
0.0
 0
VERTEX
 8
PARTS
 10
  1.3600
 20
 11.6400
 30
0.0
 0
SEQEND
 8
PARTS
 0
POLYLINE
 8
PARTS
 66
1
 10
0.0
 20
0.0
 30
0.0
 0
VERTEX
 8
PARTS
 10
  1.3900
 20
 11.6100
 30
0.0
 0
VERTEX
 8
PARTS
 10
  1.4100
 20
 11.6100
 30
0.0
 0
SEQEND
 8
PARTS
 0
POLYLINE
 8
PARTS
 66
1
 10
0.0
 20
0.0
 30
0.0
 0
VERTEX
 8
PARTS
 10
  2.3000
 20
  6.2000
 30
0.0
 0
VERTEX
 8
PARTS
 10
  2.5000
 20
  6.2000
 30
0.0
 0
SEQEND
 8
PARTS
 0
POLYLINE
 8
PARTS
 66
1
 10
0.0
 20
0.0
 30
0.0
 0
VERTEX
 8
PARTS
 10
  2.3300
 20
  6.1700
 30
0.0
 0
VERTEX
 8
PARTS
 10
  2.4700
 20
  6.1700
 30
0.0
 0
SEQEND
 8
PARTS
 0
POLYLINE
 8
PARTS
 66
1
 10
0.0
 20
0.0
 30
0.0
 0
VERTEX
 8
PARTS
 10
  2.4400
 20
  6.1400
 30
0.0
 0
VERTEX
 8
PARTS
 10
  2.3600
 20
  6.1400
 30
0.0
 0
SEQEND
 8
PARTS
 0
POLYLINE
 8
PARTS
 66
1
 10
0.0
 20
0.0
 30
0.0
 0
VERTEX
 8
PARTS
 10
  2.3900
 20
  6.1100
 30
0.0
 0
VERTEX
 8
PARTS
 10
  2.4100
 20
  6.1100
 30
0.0
 0
SEQEND
 8
PARTS
 0
POLYLINE
 8
PARTS
 66
1
 10
0.0
 20
0.0
 30
0.0
 0
VERTEX
 8
PARTS
 10
 11.3000
 20
 16.6000
 30
0.0
 0
VERTEX
 8
PARTS
 10
 11.5000
 20
 16.6000
 30
0.0
 0
SEQEND
 8
PARTS
 0
POLYLINE
 8
PARTS
 66
1
 10
0.0
 20
0.0
 30
0.0
 0
VERTEX
 8
PARTS
 10
 11.3300
 20
 16.5700
 30
0.0
 0
VERTEX
 8
PARTS
 10
 11.4700
 20
 16.5700
 30
0.0
 0
SEQEND
 8
PARTS
 0
POLYLINE
 8
PARTS
 66
1
 10
0.0
 20
0.0
 30
0.0
 0
VERTEX
 8
PARTS
 10
 11.4400
 20
 16.5400
 30
0.0
 0
VERTEX
 8
PARTS
 10
 11.3600
 20
 16.5400
 30
0.0
 0
SEQEND
 8
PARTS
 0
POLYLINE
 8
PARTS
 66
1
 10
0.0
 20
0.0
 30
0.0
 0
VERTEX
 8
PARTS
 10
 11.3900
 20
 16.5100
 30
0.0
 0
VERTEX
 8
PARTS
 10
 11.4100
 20
 16.5100
 30
0.0
 0
SEQEND
 8
PARTS
 0
POLYLINE
 8
PARTS
 66
1
 10
0.0
 20
0.0
 30
0.0
 0
VERTEX
 8
PARTS
 10
 11.3000
 20
 11.3000
 30
0.0
 0
VERTEX
 8
PARTS
 10
 11.5000
 20
 11.3000
 30
0.0
 0
SEQEND
 8
PARTS
 0
POLYLINE
 8
PARTS
 66
1
 10
0.0
 20
0.0
 30
0.0
 0
VERTEX
 8
PARTS
 10
 11.3300
 20
 11.2700
 30
0.0
 0
VERTEX
 8
PARTS
 10
 11.4700
 20
 11.2700
 30
0.0
 0
SEQEND
 8
PARTS
 0
POLYLINE
 8
PARTS
 66
1
 10
0.0
 20
0.0
 30
0.0
 0
VERTEX
 8
PARTS
 10
 11.4400
 20
 11.2400
 30
0.0
 0
VERTEX
 8
PARTS
 10
 11.3600
 20
 11.2400
 30
0.0
 0
SEQEND
 8
PARTS
 0
POLYLINE
 8
PARTS
 66
1
 10
0.0
 20
0.0
 30
0.0
 0
VERTEX
 8
PARTS
 10
 11.3900
 20
 11.2100
 30
0.0
 0
VERTEX
 8
PARTS
 10
 11.4100
 20
 11.2100
 30
0.0
 0
SEQEND
 8
PARTS
 0
POLYLINE
 8
PARTS
 66
1
 10
0.0
 20
0.0
 30
0.0
 0
VERTEX
 8
PARTS
 10
 11.4000
 20
  5.7000
 30
0.0
 0
VERTEX
 8
PARTS
 10
 11.6000
 20
  5.7000
 30
0.0
 0
SEQEND
 8
PARTS
 0
POLYLINE
 8
PARTS
 66
1
 10
0.0
 20
0.0
 30
0.0
 0
VERTEX
 8
PARTS
 10
 11.4300
 20
  5.6700
 30
0.0
 0
VERTEX
 8
PARTS
 10
 11.5700
 20
  5.6700
 30
0.0
 0
SEQEND
 8
PARTS
 0
POLYLINE
 8
PARTS
 66
1
 10
0.0
 20
0.0
 30
0.0
 0
VERTEX
 8
PARTS
 10
 11.5400
 20
  5.6400
 30
0.0
 0
VERTEX
 8
PARTS
 10
 11.4600
 20
  5.6400
 30
0.0
 0
SEQEND
 8
PARTS
 0
POLYLINE
 8
PARTS
 66
1
 10
0.0
 20
0.0
 30
0.0
 0
VERTEX
 8
PARTS
 10
 11.4900
 20
  5.6100
 30
0.0
 0
VERTEX
 8
PARTS
 10
 11.5100
 20
  5.6100
 30
0.0
 0
SEQEND
 8
PARTS
 0
POLYLINE
 8
PARTS
 66
1
 10
0.0
 20
0.0
 30
0.0
 0
VERTEX
 8
PARTS
 10
 22.0000
 20
 16.2000
 30
0.0
 0
VERTEX
 8
PARTS
 10
 22.2000
 20
 16.2000
 30
0.0
 0
SEQEND
 8
PARTS
 0
POLYLINE
 8
PARTS
 66
1
 10
0.0
 20
0.0
 30
0.0
 0
VERTEX
 8
PARTS
 10
 22.0300
 20
 16.1700
 30
0.0
 0
VERTEX
 8
PARTS
 10
 22.1700
 20
 16.1700
 30
0.0
 0
SEQEND
 8
PARTS
 0
POLYLINE
 8
PARTS
 66
1
 10
0.0
 20
0.0
 30
0.0
 0
VERTEX
 8
PARTS
 10
 22.1400
 20
 16.1400
 30
0.0
 0
VERTEX
 8
PARTS
 10
 22.0600
 20
 16.1400
 30
0.0
 0
SEQEND
 8
PARTS
 0
POLYLINE
 8
PARTS
 66
1
 10
0.0
 20
0.0
 30
0.0
 0
VERTEX
 8
PARTS
 10
 22.0900
 20
 16.1100
 30
0.0
 0
VERTEX
 8
PARTS
 10
 22.1100
 20
 16.1100
 30
0.0
 0
SEQEND
 8
PARTS
 0
POLYLINE
 8
PARTS
 66
1
 10
0.0
 20
0.0
 30
0.0
 0
VERTEX
 8
PARTS
 10
 22.1000
 20
 11.1000
 30
0.0
 0
VERTEX
 8
PARTS
 10
 22.3000
 20
 11.1000
 30
0.0
 0
SEQEND
 8
PARTS
 0
POLYLINE
 8
PARTS
 66
1
 10
0.0
 20
0.0
 30
0.0
 0
VERTEX
 8
PARTS
 10
 22.1300
 20
 11.0700
 30
0.0
 0
VERTEX
 8
PARTS
 10
 22.2700
 20
 11.0700
 30
0.0
 0
SEQEND
 8
PARTS
 0
POLYLINE
 8
PARTS
 66
1
 10
0.0
 20
0.0
 30
0.0
 0
VERTEX
 8
PARTS
 10
 22.2400
 20
 11.0400
 30
0.0
 0
VERTEX
 8
PARTS
 10
 22.1600
 20
 11.0400
 30
0.0
 0
SEQEND
 8
PARTS
 0
POLYLINE
 8
PARTS
 66
1
 10
0.0
 20
0.0
 30
0.0
 0
VERTEX
 8
PARTS
 10
 22.1900
 20
 11.0100
 30
0.0
 0
VERTEX
 8
PARTS
 10
 22.2100
 20
 11.0100
 30
0.0
 0
SEQEND
 8
PARTS
 0
TEXT
 8
COMMENTS
 10
  1.7000
 20
 19.0186
 30
0.0
 40
  0.0514
 1
Note: The population scheme illustrated for this section
 0
TEXT
 8
COMMENTS
 10
  1.7000
 20
 18.9053
 30
0.0
 40
  0.0514
 1
is the actual part population used in the shielded room
 0
TEXT
 8
COMMENTS
 10
  1.7000
 20
 18.7919
 30
0.0
 40
  0.0514
 1
for broad band seismometer 1" tape data recovery.
 0
POLYLINE
 8
COMMENTS
 66
1
 70
1
 10
0.0
 20
0.0
 30
0.0
 0
VERTEX
 8
COMMENTS
 10
  0.4000
 20
 19.8000
 30
0.0
 0
VERTEX
 8
COMMENTS
 10
  9.6000
 20
 19.8000
 30
0.0
 0
VERTEX
 8
COMMENTS
 10
  9.6000
 20
 14.7000
 30
0.0
 0
VERTEX
 8
COMMENTS
 10
  0.4000
 20
 14.7000
 30
0.0
 0
SEQEND
 8
COMMENTS
 0
TEXT
 8
COMMENTS
 10
  1.7000
 20
 18.5186
 30
0.0
 40
  0.0514
 1
This population scheme was used in all 16 channels
 0
TEXT
 8
COMMENTS
 10
  1.7000
 20
 18.4086
 30
0.0
 40
  0.0514
 1
of the Differential-to-Single Ended Converter.
 0
TEXT
 8
COMMENTS
 10
  2.4000
 20
 15.4015
 30
0.0
 40
  0.0685
 1
G = 1 + 50kOhm/R8
 0
TEXT
 8
COMMENTS
 10
  2.4000
 20
 15.2015
 30
0.0
 40
  0.0685
 1
G = 9.929
 0
TEXT
 8
COMMENTS
 10
  2.4000
 20
 15.7015
 30
0.0
 40
  0.0685
 1
Note: R8 = 5.6kOhm
 0
ENDSEC
 0
EOF
